device,channel,timepoint,concentration,NormIpeak,noise_floor,rep_std,repeatability_snr,snr,rms_snr,mean_Vpeak,peak_at_edge,mean_Ibg,peak_height,peak_area,peak_fwhm,peak_area_clipped,bg_charge,bg_cap,bg_switch,R_s_f00,R_s_f01,R_s_f02,R_s_f03,R_s_f04,R_s_f05,R_s_f06,R_s_f07,R_s_f08,R_s_f09,R_s_f10,R_s_f11,R_s_f12,R_s_f13,R_s_f14,R_s_f15,R_s_f16,R_s_f17,R_p_f00,R_p_f01,R_p_f02,R_p_f03,R_p_f04,R_p_f05,R_p_f06,R_p_f07,R_p_f08,R_p_f09,R_p_f10,R_p_f11,R_p_f12,R_p_f13,R_p_f14,R_p_f15,R_p_f16,R_p_f17,C_s_f00,C_s_f01,C_s_f02,C_s_f03,C_s_f04,C_s_f05,C_s_f06,C_s_f07,C_s_f08,C_s_f09,C_s_f10,C_s_f11,C_s_f12,C_s_f13,C_s_f14,C_s_f15,C_s_f16,C_s_f17,C_p_f00,C_p_f01,C_p_f02,C_p_f03,C_p_f04,C_p_f05,C_p_f06,C_p_f07,C_p_f08,C_p_f09,C_p_f10,C_p_f11,C_p_f12,C_p_f13,C_p_f14,C_p_f15,C_p_f16,C_p_f17,ideality_C_f00,ideality_C_f01,ideality_C_f02,ideality_C_f03,ideality_C_f04,ideality_C_f05,ideality_C_f06,ideality_C_f07,ideality_C_f08,ideality_C_f09,ideality_C_f10,ideality_C_f11,ideality_C_f12,ideality_C_f13,ideality_C_f14,ideality_C_f15,ideality_C_f16,ideality_C_f17,tau_f00,tau_f01,tau_f02,tau_f03,tau_f04,tau_f05,tau_f06,tau_f07,tau_f08,tau_f09,tau_f10,tau_f11,tau_f12,tau_f13,tau_f14,tau_f15,tau_f16,tau_f17,local_n_f00,local_n_f01,local_n_f02,local_n_f03,local_n_f04,local_n_f05,local_n_f06,local_n_f07,local_n_f08,local_n_f09,local_n_f10,local_n_f11,local_n_f12,local_n_f13,local_n_f14,local_n_f15,local_n_f16,local_n_f17,R_s_integral,R_p_integral,C_s_integral,C_p_integral,f_ideality_crossover,ideality_C_band_LF,n_band_LF,ideality_C_band_MF,n_band_MF,ideality_C_band_HF,n_band_HF,tau_ratio,min_neg_phase,inductive_onset_hz,dose_response_r
2-2,3,0.0,100.0,0.012781744185116682,0.0078948309965649,0.005962738267201421,2.1436030917915376,2.1436030917915376,1.619001621526555,0.725964497041,False,27.465217785547864,0.3510533877233897,0.09761283448113657,0.1814488204881589,True,16.09101765316757,10.070779613903893,24.849222354312424,249750.66666666666,131030.8,68158.98999999999,39489.80333333334,25139.39333333333,18133.600000000002,15111.416666666666,13529.200000000003,12818.75,12631.279999999999,12530.893333333333,12633.023333333333,12325.340000000002,12582.62,12597.953333333333,12613.480000000001,12516.706666666667,12412.159999999998,2079372.6933922719,1889209.675858611,1747402.301698933,1434588.267380044,1047837.7644603396,698150.1156664975,388067.89721406816,210148.05480395077,112379.00314044229,57231.45872476106,33044.64169515626,22134.935664617453,16777.332437581044,14587.823195226749,13557.872577491202,13036.480890803254,12724.285841397834,12509.448698749407,1.0928302745104763e-07,1.0485806997113677e-07,1.0135263932664977e-07,9.952721756182931e-08,9.925878458710105e-08,9.764540207317939e-08,9.840225855727878e-08,9.758238880444224e-08,9.598151804682825e-08,9.842259193602487e-08,9.926738997050783e-08,9.896790692556764e-08,9.972638412422808e-08,1.0019714581134172e-07,9.860208594072378e-08,1.0113434734248767e-07,9.873774486969197e-08,9.867307537137561e-08,9.615718952503139e-08,9.758537971851585e-08,9.739928895986689e-08,9.678753932996398e-08,9.687739911679509e-08,9.510918153364136e-08,9.457046123347223e-08,9.130009579989979e-08,8.503318205807446e-08,7.670021503403962e-08,6.162409861107478e-08,4.248417024860064e-08,2.64631525661286e-08,1.3772831919106615e-08,6.9811867066627386e-09,3.281554230394905e-09,1.6107701328262286e-09,7.674019323843616e-10,0.8798913405661659,0.9306425318087315,0.9609941054022125,0.9724730752151958,0.9760083152316229,0.9740262164352881,0.9610598640723667,0.9356206270259246,0.8859328732078167,0.7792948095077104,0.6207889482072931,0.42927219104019637,0.2653575861445426,0.13745732782687323,0.07080161276567305,0.03244747523096229,0.016313620844308572,0.00777721713340841,0.19994663417169567,0.18435924358655684,0.1701957417123109,0.1388502683513509,0.10151179731727464,0.06640048608865763,0.03669976002943812,0.0191865375357633,0.00955594423354615,0.004389665190900937,0.002036346258389942,0.00094038437521743,0.00044398110794836534,0.00020091563693350282,9.465003980860885e-05,4.2779919016677766e-05,2.049589959486729e-05,9.599775104483333e-06,0.9577407959729877,0.9607509905153471,0.9667712323548692,0.9746716481924569,0.9836070591315895,0.9777194469164385,0.9611574576101631,0.9416413767743883,0.8817991957425395,0.7788726864850037,0.6351947134888789,0.4479517216343609,0.27317655306007893,0.14898063935166306,0.09115589809404234,0.05303398406724469,-0.0054745059615566305,-0.034728750241333685,92487.43617770368,1459469.7207996303,2.8227364026743823e-07,1.726737950121674e-07,127.3843376314226,0.7585957145414179,0.7645689123159379,0.05295945076024511,0.05059345306201195,,,20828.26232859514,0.007324549778417848,1000000.0,0.9584510126506123
2-2,3,0.0,500.0,0.02589104004801419,0.008842818297381417,0.004020655619326894,6.439507010637399,6.439507010637399,2.9279172292481896,0.725964497041,False,27.465217785547864,0.7111030536130514,0.2370081940006466,0.34465429295200156,False,16.09101765316757,10.070779613903893,24.849222354312424,249750.66666666666,131030.8,68158.98999999999,39489.80333333334,25139.39333333333,18133.600000000002,15111.416666666666,13529.200000000003,12818.75,12631.279999999999,12530.893333333333,12633.023333333333,12325.340000000002,12582.62,12597.953333333333,12613.480000000001,12516.706666666667,12412.159999999998,2079372.6933922719,1889209.675858611,1747402.301698933,1434588.267380044,1047837.7644603396,698150.1156664975,388067.89721406816,210148.05480395077,112379.00314044229,57231.45872476106,33044.64169515626,22134.935664617453,16777.332437581044,14587.823195226749,13557.872577491202,13036.480890803254,12724.285841397834,12509.448698749407,1.0928302745104763e-07,1.0485806997113677e-07,1.0135263932664977e-07,9.952721756182931e-08,9.925878458710105e-08,9.764540207317939e-08,9.840225855727878e-08,9.758238880444224e-08,9.598151804682825e-08,9.842259193602487e-08,9.926738997050783e-08,9.896790692556764e-08,9.972638412422808e-08,1.0019714581134172e-07,9.860208594072378e-08,1.0113434734248767e-07,9.873774486969197e-08,9.867307537137561e-08,9.615718952503139e-08,9.758537971851585e-08,9.739928895986689e-08,9.678753932996398e-08,9.687739911679509e-08,9.510918153364136e-08,9.457046123347223e-08,9.130009579989979e-08,8.503318205807446e-08,7.670021503403962e-08,6.162409861107478e-08,4.248417024860064e-08,2.64631525661286e-08,1.3772831919106615e-08,6.9811867066627386e-09,3.281554230394905e-09,1.6107701328262286e-09,7.674019323843616e-10,0.8798913405661659,0.9306425318087315,0.9609941054022125,0.9724730752151958,0.9760083152316229,0.9740262164352881,0.9610598640723667,0.9356206270259246,0.8859328732078167,0.7792948095077104,0.6207889482072931,0.42927219104019637,0.2653575861445426,0.13745732782687323,0.07080161276567305,0.03244747523096229,0.016313620844308572,0.00777721713340841,0.19994663417169567,0.18435924358655684,0.1701957417123109,0.1388502683513509,0.10151179731727464,0.06640048608865763,0.03669976002943812,0.0191865375357633,0.00955594423354615,0.004389665190900937,0.002036346258389942,0.00094038437521743,0.00044398110794836534,0.00020091563693350282,9.465003980860885e-05,4.2779919016677766e-05,2.049589959486729e-05,9.599775104483333e-06,0.9577407959729877,0.9607509905153471,0.9667712323548692,0.9746716481924569,0.9836070591315895,0.9777194469164385,0.9611574576101631,0.9416413767743883,0.8817991957425395,0.7788726864850037,0.6351947134888789,0.4479517216343609,0.27317655306007893,0.14898063935166306,0.09115589809404234,0.05303398406724469,-0.0054745059615566305,-0.034728750241333685,92487.43617770368,1459469.7207996303,2.8227364026743823e-07,1.726737950121674e-07,127.3843376314226,0.7585957145414179,0.7645689123159379,0.05295945076024511,0.05059345306201195,,,20828.26232859514,0.007324549778417848,1000000.0,0.9584510126506123
2-2,3,0.0,1000.0,0.023358359152118764,0.00968778133317227,0.003598870649740721,6.490469212557447,6.490469212557447,2.4111154400375026,0.886816568047,False,30.189718702408783,0.7051822921523012,0.23729195206737932,0.3465995542315221,True,16.09101765316757,10.070779613903893,24.849222354312424,249750.66666666666,131030.8,68158.98999999999,39489.80333333334,25139.39333333333,18133.600000000002,15111.416666666666,13529.200000000003,12818.75,12631.279999999999,12530.893333333333,12633.023333333333,12325.340000000002,12582.62,12597.953333333333,12613.480000000001,12516.706666666667,12412.159999999998,2079372.6933922719,1889209.675858611,1747402.301698933,1434588.267380044,1047837.7644603396,698150.1156664975,388067.89721406816,210148.05480395077,112379.00314044229,57231.45872476106,33044.64169515626,22134.935664617453,16777.332437581044,14587.823195226749,13557.872577491202,13036.480890803254,12724.285841397834,12509.448698749407,1.0928302745104763e-07,1.0485806997113677e-07,1.0135263932664977e-07,9.952721756182931e-08,9.925878458710105e-08,9.764540207317939e-08,9.840225855727878e-08,9.758238880444224e-08,9.598151804682825e-08,9.842259193602487e-08,9.926738997050783e-08,9.896790692556764e-08,9.972638412422808e-08,1.0019714581134172e-07,9.860208594072378e-08,1.0113434734248767e-07,9.873774486969197e-08,9.867307537137561e-08,9.615718952503139e-08,9.758537971851585e-08,9.739928895986689e-08,9.678753932996398e-08,9.687739911679509e-08,9.510918153364136e-08,9.457046123347223e-08,9.130009579989979e-08,8.503318205807446e-08,7.670021503403962e-08,6.162409861107478e-08,4.248417024860064e-08,2.64631525661286e-08,1.3772831919106615e-08,6.9811867066627386e-09,3.281554230394905e-09,1.6107701328262286e-09,7.674019323843616e-10,0.8798913405661659,0.9306425318087315,0.9609941054022125,0.9724730752151958,0.9760083152316229,0.9740262164352881,0.9610598640723667,0.9356206270259246,0.8859328732078167,0.7792948095077104,0.6207889482072931,0.42927219104019637,0.2653575861445426,0.13745732782687323,0.07080161276567305,0.03244747523096229,0.016313620844308572,0.00777721713340841,0.19994663417169567,0.18435924358655684,0.1701957417123109,0.1388502683513509,0.10151179731727464,0.06640048608865763,0.03669976002943812,0.0191865375357633,0.00955594423354615,0.004389665190900937,0.002036346258389942,0.00094038437521743,0.00044398110794836534,0.00020091563693350282,9.465003980860885e-05,4.2779919016677766e-05,2.049589959486729e-05,9.599775104483333e-06,0.9577407959729877,0.9607509905153471,0.9667712323548692,0.9746716481924569,0.9836070591315895,0.9777194469164385,0.9611574576101631,0.9416413767743883,0.8817991957425395,0.7788726864850037,0.6351947134888789,0.4479517216343609,0.27317655306007893,0.14898063935166306,0.09115589809404234,0.05303398406724469,-0.0054745059615566305,-0.034728750241333685,92487.43617770368,1459469.7207996303,2.8227364026743823e-07,1.726737950121674e-07,127.3843376314226,0.7585957145414179,0.7645689123159379,0.05295945076024511,0.05059345306201195,,,20828.26232859514,0.007324549778417848,1000000.0,0.9584510126506123
2-2,3,0.0,5000.0,0.041375734738021655,0.007788629940150351,0.004586607350248631,9.020989061943304,9.020989061943304,5.312325152942488,0.736017751479,False,27.643435050505133,1.1437674358974306,0.4374460712277265,0.4494324382967382,True,16.09101765316757,10.070779613903893,24.849222354312424,249750.66666666666,131030.8,68158.98999999999,39489.80333333334,25139.39333333333,18133.600000000002,15111.416666666666,13529.200000000003,12818.75,12631.279999999999,12530.893333333333,12633.023333333333,12325.340000000002,12582.62,12597.953333333333,12613.480000000001,12516.706666666667,12412.159999999998,2079372.6933922719,1889209.675858611,1747402.301698933,1434588.267380044,1047837.7644603396,698150.1156664975,388067.89721406816,210148.05480395077,112379.00314044229,57231.45872476106,33044.64169515626,22134.935664617453,16777.332437581044,14587.823195226749,13557.872577491202,13036.480890803254,12724.285841397834,12509.448698749407,1.0928302745104763e-07,1.0485806997113677e-07,1.0135263932664977e-07,9.952721756182931e-08,9.925878458710105e-08,9.764540207317939e-08,9.840225855727878e-08,9.758238880444224e-08,9.598151804682825e-08,9.842259193602487e-08,9.926738997050783e-08,9.896790692556764e-08,9.972638412422808e-08,1.0019714581134172e-07,9.860208594072378e-08,1.0113434734248767e-07,9.873774486969197e-08,9.867307537137561e-08,9.615718952503139e-08,9.758537971851585e-08,9.739928895986689e-08,9.678753932996398e-08,9.687739911679509e-08,9.510918153364136e-08,9.457046123347223e-08,9.130009579989979e-08,8.503318205807446e-08,7.670021503403962e-08,6.162409861107478e-08,4.248417024860064e-08,2.64631525661286e-08,1.3772831919106615e-08,6.9811867066627386e-09,3.281554230394905e-09,1.6107701328262286e-09,7.674019323843616e-10,0.8798913405661659,0.9306425318087315,0.9609941054022125,0.9724730752151958,0.9760083152316229,0.9740262164352881,0.9610598640723667,0.9356206270259246,0.8859328732078167,0.7792948095077104,0.6207889482072931,0.42927219104019637,0.2653575861445426,0.13745732782687323,0.07080161276567305,0.03244747523096229,0.016313620844308572,0.00777721713340841,0.19994663417169567,0.18435924358655684,0.1701957417123109,0.1388502683513509,0.10151179731727464,0.06640048608865763,0.03669976002943812,0.0191865375357633,0.00955594423354615,0.004389665190900937,0.002036346258389942,0.00094038437521743,0.00044398110794836534,0.00020091563693350282,9.465003980860885e-05,4.2779919016677766e-05,2.049589959486729e-05,9.599775104483333e-06,0.9577407959729877,0.9607509905153471,0.9667712323548692,0.9746716481924569,0.9836070591315895,0.9777194469164385,0.9611574576101631,0.9416413767743883,0.8817991957425395,0.7788726864850037,0.6351947134888789,0.4479517216343609,0.27317655306007893,0.14898063935166306,0.09115589809404234,0.05303398406724469,-0.0054745059615566305,-0.034728750241333685,92487.43617770368,1459469.7207996303,2.8227364026743823e-07,1.726737950121674e-07,127.3843376314226,0.7585957145414179,0.7645689123159379,0.05295945076024511,0.05059345306201195,,,20828.26232859514,0.007324549778417848,1000000.0,0.9584510126506123
2-2,5,0.0,100.0,0.014494009591876082,0.004271559115678979,0.0024654270190590886,5.878904335772068,5.878904335772068,3.3931426908444435,0.816443786982,False,32.173568958819054,0.46632401709400995,0.12118932063577106,0.24949639118641598,True,17.871853194780194,11.136570422418945,27.643165734265814,194970.33333333334,104481.06666666665,55462.56,32450.36,21974.936666666665,16388.436666666665,14503.386666666667,13415.156666666668,12941.566666666668,12667.589999999998,12429.866666666667,12499.283333333335,12293.89,12359.576666666668,12276.436666666666,12272.78,12621.223333333333,12526.996666666666,1970270.4491797672,1797292.6544575968,1614045.1018231285,1316418.6411654819,855868.0390573044,548598.5547629179,304375.1514844479,157812.59371552707,83023.39375970795,47385.33117860708,27998.16242163677,19501.204770051518,15710.708273663347,13974.578054608495,13016.324271747295,12617.7392833702,12777.580449797955,12596.526762867192,1.2556441511538923e-07,1.1967321942179635e-07,1.1662417646034135e-07,1.1444580319205067e-07,1.175712470896045e-07,1.1610293997972053e-07,1.1393287739629304e-07,1.1435165858164312e-07,1.1385636507059284e-07,1.1139457701573558e-07,1.1441062548659512e-07,1.1590505329730532e-07,1.1398065118135452e-07,1.1265016628281509e-07,1.1377174248454354e-07,1.1353542382639716e-07,1.132949571549045e-07,1.1618328404037638e-07,1.1313904687213907e-07,1.127163192277115e-07,1.126166828797245e-07,1.1162465846047563e-07,1.145525332333647e-07,1.1263456467659246e-07,1.0850400921547904e-07,1.0463098053657408e-07,9.610859938360992e-08,8.161530155726147e-08,6.361769134212722e-08,4.1615791787012844e-08,2.478889971201087e-08,1.3018652455029063e-08,6.467133141070616e-09,3.1039711283228213e-09,1.3863714558732304e-09,6.413065338005544e-10,0.9010438727259494,0.941867527023195,0.9656375401546382,0.9753495134562434,0.9743243868635744,0.970126722857028,0.9523502933930934,0.9149931171472359,0.8441214448047855,0.7326685350735924,0.556047054821678,0.3590507109320347,0.21748340139388458,0.1155670948797798,0.05684305258794123,0.027339230556526473,0.012236832871366815,0.005519783152089981,0.22291452070054016,0.20258421258546347,0.1817684053855879,0.14694478121110033,0.09804185198748656,0.061791159397929035,0.03302592424163136,0.016512086421475586,0.007979262090319472,0.003867368093532721,0.0017811784550864336,0.0008115580773063658,0.00038945117180050017,0.00018193017489862416,8.417830207273879e-05,3.9165098440285785e-05,1.771447281072372e-05,8.078234916220277e-06,0.9691706032849968,0.9711113351677021,0.9749926506674136,0.9868255498112983,0.9929091484680637,0.9805984088233117,0.9423984497168814,0.8978058841867878,0.8385355850536556,0.7223409509219625,0.5650382012875532,0.39729022952130144,0.2443330734390532,0.12479512284376426,0.0644521737395376,0.023340906426179586,-0.03588614814611368,-0.06549967630808826,79131.12391415611,1305308.1053430005,3.2606253909334287e-07,1.943153830580479e-07,111.53675201739595,0.7245739630318785,0.7312499923798411,0.04350119880954086,0.0222404757110559,,,27594.458815867114,0.0065954022232977355,1000000.0,0.9370556993838365
2-2,5,0.0,500.0,0.02410566082806601,0.006284947649757881,0.00734552111371767,3.2816815110706012,3.2816815110706012,3.835459286442051,0.705857988166,False,30.147538601398686,0.7267263403263442,0.22067600851230315,0.2801313520865337,True,17.871853194780194,11.136570422418945,27.643165734265814,194970.33333333334,104481.06666666665,55462.56,32450.36,21974.936666666665,16388.436666666665,14503.386666666667,13415.156666666668,12941.566666666668,12667.589999999998,12429.866666666667,12499.283333333335,12293.89,12359.576666666668,12276.436666666666,12272.78,12621.223333333333,12526.996666666666,1970270.4491797672,1797292.6544575968,1614045.1018231285,1316418.6411654819,855868.0390573044,548598.5547629179,304375.1514844479,157812.59371552707,83023.39375970795,47385.33117860708,27998.16242163677,19501.204770051518,15710.708273663347,13974.578054608495,13016.324271747295,12617.7392833702,12777.580449797955,12596.526762867192,1.2556441511538923e-07,1.1967321942179635e-07,1.1662417646034135e-07,1.1444580319205067e-07,1.175712470896045e-07,1.1610293997972053e-07,1.1393287739629304e-07,1.1435165858164312e-07,1.1385636507059284e-07,1.1139457701573558e-07,1.1441062548659512e-07,1.1590505329730532e-07,1.1398065118135452e-07,1.1265016628281509e-07,1.1377174248454354e-07,1.1353542382639716e-07,1.132949571549045e-07,1.1618328404037638e-07,1.1313904687213907e-07,1.127163192277115e-07,1.126166828797245e-07,1.1162465846047563e-07,1.145525332333647e-07,1.1263456467659246e-07,1.0850400921547904e-07,1.0463098053657408e-07,9.610859938360992e-08,8.161530155726147e-08,6.361769134212722e-08,4.1615791787012844e-08,2.478889971201087e-08,1.3018652455029063e-08,6.467133141070616e-09,3.1039711283228213e-09,1.3863714558732304e-09,6.413065338005544e-10,0.9010438727259494,0.941867527023195,0.9656375401546382,0.9753495134562434,0.9743243868635744,0.970126722857028,0.9523502933930934,0.9149931171472359,0.8441214448047855,0.7326685350735924,0.556047054821678,0.3590507109320347,0.21748340139388458,0.1155670948797798,0.05684305258794123,0.027339230556526473,0.012236832871366815,0.005519783152089981,0.22291452070054016,0.20258421258546347,0.1817684053855879,0.14694478121110033,0.09804185198748656,0.061791159397929035,0.03302592424163136,0.016512086421475586,0.007979262090319472,0.003867368093532721,0.0017811784550864336,0.0008115580773063658,0.00038945117180050017,0.00018193017489862416,8.417830207273879e-05,3.9165098440285785e-05,1.771447281072372e-05,8.078234916220277e-06,0.9691706032849968,0.9711113351677021,0.9749926506674136,0.9868255498112983,0.9929091484680637,0.9805984088233117,0.9423984497168814,0.8978058841867878,0.8385355850536556,0.7223409509219625,0.5650382012875532,0.39729022952130144,0.2443330734390532,0.12479512284376426,0.0644521737395376,0.023340906426179586,-0.03588614814611368,-0.06549967630808826,79131.12391415611,1305308.1053430005,3.2606253909334287e-07,1.943153830580479e-07,111.53675201739595,0.7245739630318785,0.7312499923798411,0.04350119880954086,0.0222404757110559,,,27594.458815867114,0.0065954022232977355,1000000.0,0.9370556993838365
2-2,5,0.0,1000.0,0.02286777459445884,0.007765028380803168,0.0022098803545786212,10.347969539201255,10.347969539201255,2.9449698665613293,0.806390532544,False,31.99820124320133,0.7317276534576607,0.24212068765136596,0.36244123188733923,True,17.871853194780194,11.136570422418945,27.643165734265814,194970.33333333334,104481.06666666665,55462.56,32450.36,21974.936666666665,16388.436666666665,14503.386666666667,13415.156666666668,12941.566666666668,12667.589999999998,12429.866666666667,12499.283333333335,12293.89,12359.576666666668,12276.436666666666,12272.78,12621.223333333333,12526.996666666666,1970270.4491797672,1797292.6544575968,1614045.1018231285,1316418.6411654819,855868.0390573044,548598.5547629179,304375.1514844479,157812.59371552707,83023.39375970795,47385.33117860708,27998.16242163677,19501.204770051518,15710.708273663347,13974.578054608495,13016.324271747295,12617.7392833702,12777.580449797955,12596.526762867192,1.2556441511538923e-07,1.1967321942179635e-07,1.1662417646034135e-07,1.1444580319205067e-07,1.175712470896045e-07,1.1610293997972053e-07,1.1393287739629304e-07,1.1435165858164312e-07,1.1385636507059284e-07,1.1139457701573558e-07,1.1441062548659512e-07,1.1590505329730532e-07,1.1398065118135452e-07,1.1265016628281509e-07,1.1377174248454354e-07,1.1353542382639716e-07,1.132949571549045e-07,1.1618328404037638e-07,1.1313904687213907e-07,1.127163192277115e-07,1.126166828797245e-07,1.1162465846047563e-07,1.145525332333647e-07,1.1263456467659246e-07,1.0850400921547904e-07,1.0463098053657408e-07,9.610859938360992e-08,8.161530155726147e-08,6.361769134212722e-08,4.1615791787012844e-08,2.478889971201087e-08,1.3018652455029063e-08,6.467133141070616e-09,3.1039711283228213e-09,1.3863714558732304e-09,6.413065338005544e-10,0.9010438727259494,0.941867527023195,0.9656375401546382,0.9753495134562434,0.9743243868635744,0.970126722857028,0.9523502933930934,0.9149931171472359,0.8441214448047855,0.7326685350735924,0.556047054821678,0.3590507109320347,0.21748340139388458,0.1155670948797798,0.05684305258794123,0.027339230556526473,0.012236832871366815,0.005519783152089981,0.22291452070054016,0.20258421258546347,0.1817684053855879,0.14694478121110033,0.09804185198748656,0.061791159397929035,0.03302592424163136,0.016512086421475586,0.007979262090319472,0.003867368093532721,0.0017811784550864336,0.0008115580773063658,0.00038945117180050017,0.00018193017489862416,8.417830207273879e-05,3.9165098440285785e-05,1.771447281072372e-05,8.078234916220277e-06,0.9691706032849968,0.9711113351677021,0.9749926506674136,0.9868255498112983,0.9929091484680637,0.9805984088233117,0.9423984497168814,0.8978058841867878,0.8385355850536556,0.7223409509219625,0.5650382012875532,0.39729022952130144,0.2443330734390532,0.12479512284376426,0.0644521737395376,0.023340906426179586,-0.03588614814611368,-0.06549967630808826,79131.12391415611,1305308.1053430005,3.2606253909334287e-07,1.943153830580479e-07,111.53675201739595,0.7245739630318785,0.7312499923798411,0.04350119880954086,0.0222404757110559,,,27594.458815867114,0.0065954022232977355,1000000.0,0.9370556993838365
2-2,5,0.0,5000.0,0.04534268752662612,0.004361461160635158,0.003523922025568668,12.867108635671077,12.867108635671077,10.396214905195414,0.816443786982,False,32.173568958819054,1.4588360839160899,0.4978643082371659,0.40543453224580295,True,17.871853194780194,11.136570422418945,27.643165734265814,194970.33333333334,104481.06666666665,55462.56,32450.36,21974.936666666665,16388.436666666665,14503.386666666667,13415.156666666668,12941.566666666668,12667.589999999998,12429.866666666667,12499.283333333335,12293.89,12359.576666666668,12276.436666666666,12272.78,12621.223333333333,12526.996666666666,1970270.4491797672,1797292.6544575968,1614045.1018231285,1316418.6411654819,855868.0390573044,548598.5547629179,304375.1514844479,157812.59371552707,83023.39375970795,47385.33117860708,27998.16242163677,19501.204770051518,15710.708273663347,13974.578054608495,13016.324271747295,12617.7392833702,12777.580449797955,12596.526762867192,1.2556441511538923e-07,1.1967321942179635e-07,1.1662417646034135e-07,1.1444580319205067e-07,1.175712470896045e-07,1.1610293997972053e-07,1.1393287739629304e-07,1.1435165858164312e-07,1.1385636507059284e-07,1.1139457701573558e-07,1.1441062548659512e-07,1.1590505329730532e-07,1.1398065118135452e-07,1.1265016628281509e-07,1.1377174248454354e-07,1.1353542382639716e-07,1.132949571549045e-07,1.1618328404037638e-07,1.1313904687213907e-07,1.127163192277115e-07,1.126166828797245e-07,1.1162465846047563e-07,1.145525332333647e-07,1.1263456467659246e-07,1.0850400921547904e-07,1.0463098053657408e-07,9.610859938360992e-08,8.161530155726147e-08,6.361769134212722e-08,4.1615791787012844e-08,2.478889971201087e-08,1.3018652455029063e-08,6.467133141070616e-09,3.1039711283228213e-09,1.3863714558732304e-09,6.413065338005544e-10,0.9010438727259494,0.941867527023195,0.9656375401546382,0.9753495134562434,0.9743243868635744,0.970126722857028,0.9523502933930934,0.9149931171472359,0.8441214448047855,0.7326685350735924,0.556047054821678,0.3590507109320347,0.21748340139388458,0.1155670948797798,0.05684305258794123,0.027339230556526473,0.012236832871366815,0.005519783152089981,0.22291452070054016,0.20258421258546347,0.1817684053855879,0.14694478121110033,0.09804185198748656,0.061791159397929035,0.03302592424163136,0.016512086421475586,0.007979262090319472,0.003867368093532721,0.0017811784550864336,0.0008115580773063658,0.00038945117180050017,0.00018193017489862416,8.417830207273879e-05,3.9165098440285785e-05,1.771447281072372e-05,8.078234916220277e-06,0.9691706032849968,0.9711113351677021,0.9749926506674136,0.9868255498112983,0.9929091484680637,0.9805984088233117,0.9423984497168814,0.8978058841867878,0.8385355850536556,0.7223409509219625,0.5650382012875532,0.39729022952130144,0.2443330734390532,0.12479512284376426,0.0644521737395376,0.023340906426179586,-0.03588614814611368,-0.06549967630808826,79131.12391415611,1305308.1053430005,3.2606253909334287e-07,1.943153830580479e-07,111.53675201739595,0.7245739630318785,0.7312499923798411,0.04350119880954086,0.0222404757110559,,,27594.458815867114,0.0065954022232977355,1000000.0,0.9370556993838365
2-2,6,0.0,100.0,0.01466734058822604,0.005149018098600259,0.00284767031238421,5.150645608250142,5.150645608250142,2.848570408446088,0.444473372781,False,26.516765788655867,0.3889304351204359,0.12424994724289182,0.10690508998557263,True,18.763258652216447,11.716402160135033,29.142785454545535,176334.46666666667,91215.46666666667,49590.85333333333,29722.923333333336,20629.25,16316.543333333333,14424.453333333333,13227.506666666666,12832.906666666668,12932.323333333334,12593.25,12740.966666666667,12510.769999999999,12800.626666666665,12361.263333333334,12297.226666666667,12313.573333333334,12635.626666666669,1912160.7681620447,1864069.7101034638,1571625.7405259933,1233639.3038508992,846542.3478677256,522965.47006220114,275542.561797849,143104.3797213047,75225.82363464205,41864.84100675044,26226.425582951186,19115.841518864312,15346.295157535145,14137.984146964685,12990.107948115165,12596.71508807595,12449.179769184104,12698.89567748575,1.3352574175906573e-07,1.2515532351838818e-07,1.2480740547714753e-07,1.2349314649082301e-07,1.219301857473635e-07,1.1925755501543148e-07,1.203700826702922e-07,1.2142697570062932e-07,1.2117786221854782e-07,1.2076897710289937e-07,1.2146543367643447e-07,1.2031409889768397e-07,1.2403034833537462e-07,1.2164120498449043e-07,1.2298449075482665e-07,1.2172875245705143e-07,1.2316517557700647e-07,1.2127174563792842e-07,1.2121234695911518e-07,1.1903103472238936e-07,1.208692504951226e-07,1.2051774086465592e-07,1.1895888928397402e-07,1.1553671458593771e-07,1.1406879611449355e-07,1.1020316736072199e-07,1.0050591579401311e-07,8.346264981316261e-08,6.314087977153167e-08,4.0123126291394007e-08,2.291700826763517e-08,1.15064335698381e-08,5.953617554354526e-09,2.894115780072936e-09,1.3416137280204951e-09,6.042055609936416e-10,0.9077826145151184,0.9510664938267763,0.9684461433440662,0.9759063096963994,0.9756311659399425,0.9687999604803876,0.9476507250305825,0.9075674225175555,0.8294082265021951,0.6910934564101635,0.5198259114583118,0.33348648794282226,0.18476936149262604,0.09459322251292394,0.04840949877349368,0.023775120681484373,0.010892800840296608,0.004982245104293056,0.231777494472066,0.22188214638827966,0.18996122531621884,0.1486754219419572,0.10070373743419218,0.06042171225287728,0.03143080830258408,0.015770555908479252,0.007560640295758613,0.0034941505644301416,0.0016559595845701432,0.0007669873234276657,0.00035169117300280246,0.0001626777753984733,7.733813471285869e-05,3.645635191348344e-05,1.6701990480932415e-05,7.672743386815008e-06,0.9638393488818644,0.9646615028071395,0.9663056639459846,0.9734815881393128,0.9747342423097187,0.9711236473718827,0.9587078920766654,0.9180989418400305,0.8238240592419501,0.6848984248390142,0.5193049566739738,0.3508951643517957,0.21811193763494252,0.1304591694670325,0.07975093022604796,0.029723408015478014,-0.02699379431864557,-0.055352395930999866,73832.4859374074,1274978.6559860238,3.4685260947500533e-07,2.0198986481815707e-07,104.16763050142835,0.7064703019749541,0.7132999184822193,0.03653057758249833,0.03151746349178261,,,30207.903847059053,0.006133993243987772,1000000.0,0.9187713079528216
2-2,6,0.0,500.0,0.01864392184438197,0.003892314983264031,0.0027894027202139066,6.683840131536207,6.683840131536207,4.789931422442971,0.665644970414,False,30.939156223776312,0.5768272105672096,0.23926305078040058,0.4223892279585242,True,18.763258652216447,11.716402160135033,29.142785454545535,176334.46666666667,91215.46666666667,49590.85333333333,29722.923333333336,20629.25,16316.543333333333,14424.453333333333,13227.506666666666,12832.906666666668,12932.323333333334,12593.25,12740.966666666667,12510.769999999999,12800.626666666665,12361.263333333334,12297.226666666667,12313.573333333334,12635.626666666669,1912160.7681620447,1864069.7101034638,1571625.7405259933,1233639.3038508992,846542.3478677256,522965.47006220114,275542.561797849,143104.3797213047,75225.82363464205,41864.84100675044,26226.425582951186,19115.841518864312,15346.295157535145,14137.984146964685,12990.107948115165,12596.71508807595,12449.179769184104,12698.89567748575,1.3352574175906573e-07,1.2515532351838818e-07,1.2480740547714753e-07,1.2349314649082301e-07,1.219301857473635e-07,1.1925755501543148e-07,1.203700826702922e-07,1.2142697570062932e-07,1.2117786221854782e-07,1.2076897710289937e-07,1.2146543367643447e-07,1.2031409889768397e-07,1.2403034833537462e-07,1.2164120498449043e-07,1.2298449075482665e-07,1.2172875245705143e-07,1.2316517557700647e-07,1.2127174563792842e-07,1.2121234695911518e-07,1.1903103472238936e-07,1.208692504951226e-07,1.2051774086465592e-07,1.1895888928397402e-07,1.1553671458593771e-07,1.1406879611449355e-07,1.1020316736072199e-07,1.0050591579401311e-07,8.346264981316261e-08,6.314087977153167e-08,4.0123126291394007e-08,2.291700826763517e-08,1.15064335698381e-08,5.953617554354526e-09,2.894115780072936e-09,1.3416137280204951e-09,6.042055609936416e-10,0.9077826145151184,0.9510664938267763,0.9684461433440662,0.9759063096963994,0.9756311659399425,0.9687999604803876,0.9476507250305825,0.9075674225175555,0.8294082265021951,0.6910934564101635,0.5198259114583118,0.33348648794282226,0.18476936149262604,0.09459322251292394,0.04840949877349368,0.023775120681484373,0.010892800840296608,0.004982245104293056,0.231777494472066,0.22188214638827966,0.18996122531621884,0.1486754219419572,0.10070373743419218,0.06042171225287728,0.03143080830258408,0.015770555908479252,0.007560640295758613,0.0034941505644301416,0.0016559595845701432,0.0007669873234276657,0.00035169117300280246,0.0001626777753984733,7.733813471285869e-05,3.645635191348344e-05,1.6701990480932415e-05,7.672743386815008e-06,0.9638393488818644,0.9646615028071395,0.9663056639459846,0.9734815881393128,0.9747342423097187,0.9711236473718827,0.9587078920766654,0.9180989418400305,0.8238240592419501,0.6848984248390142,0.5193049566739738,0.3508951643517957,0.21811193763494252,0.1304591694670325,0.07975093022604796,0.029723408015478014,-0.02699379431864557,-0.055352395930999866,73832.4859374074,1274978.6559860238,3.4685260947500533e-07,2.0198986481815707e-07,104.16763050142835,0.7064703019749541,0.7132999184822193,0.03653057758249833,0.03151746349178261,,,30207.903847059053,0.006133993243987772,1000000.0,0.9187713079528216
2-2,6,0.0,1000.0,0.01923866801737829,0.007697047396029001,0.0025700982277269005,7.485576936253425,7.485576936253425,2.4994867547916817,0.756124260355,False,32.768061351981444,0.6304138539238551,0.24888151137662493,0.5564305401205998,True,18.763258652216447,11.716402160135033,29.142785454545535,176334.46666666667,91215.46666666667,49590.85333333333,29722.923333333336,20629.25,16316.543333333333,14424.453333333333,13227.506666666666,12832.906666666668,12932.323333333334,12593.25,12740.966666666667,12510.769999999999,12800.626666666665,12361.263333333334,12297.226666666667,12313.573333333334,12635.626666666669,1912160.7681620447,1864069.7101034638,1571625.7405259933,1233639.3038508992,846542.3478677256,522965.47006220114,275542.561797849,143104.3797213047,75225.82363464205,41864.84100675044,26226.425582951186,19115.841518864312,15346.295157535145,14137.984146964685,12990.107948115165,12596.71508807595,12449.179769184104,12698.89567748575,1.3352574175906573e-07,1.2515532351838818e-07,1.2480740547714753e-07,1.2349314649082301e-07,1.219301857473635e-07,1.1925755501543148e-07,1.203700826702922e-07,1.2142697570062932e-07,1.2117786221854782e-07,1.2076897710289937e-07,1.2146543367643447e-07,1.2031409889768397e-07,1.2403034833537462e-07,1.2164120498449043e-07,1.2298449075482665e-07,1.2172875245705143e-07,1.2316517557700647e-07,1.2127174563792842e-07,1.2121234695911518e-07,1.1903103472238936e-07,1.208692504951226e-07,1.2051774086465592e-07,1.1895888928397402e-07,1.1553671458593771e-07,1.1406879611449355e-07,1.1020316736072199e-07,1.0050591579401311e-07,8.346264981316261e-08,6.314087977153167e-08,4.0123126291394007e-08,2.291700826763517e-08,1.15064335698381e-08,5.953617554354526e-09,2.894115780072936e-09,1.3416137280204951e-09,6.042055609936416e-10,0.9077826145151184,0.9510664938267763,0.9684461433440662,0.9759063096963994,0.9756311659399425,0.9687999604803876,0.9476507250305825,0.9075674225175555,0.8294082265021951,0.6910934564101635,0.5198259114583118,0.33348648794282226,0.18476936149262604,0.09459322251292394,0.04840949877349368,0.023775120681484373,0.010892800840296608,0.004982245104293056,0.231777494472066,0.22188214638827966,0.18996122531621884,0.1486754219419572,0.10070373743419218,0.06042171225287728,0.03143080830258408,0.015770555908479252,0.007560640295758613,0.0034941505644301416,0.0016559595845701432,0.0007669873234276657,0.00035169117300280246,0.0001626777753984733,7.733813471285869e-05,3.645635191348344e-05,1.6701990480932415e-05,7.672743386815008e-06,0.9638393488818644,0.9646615028071395,0.9663056639459846,0.9734815881393128,0.9747342423097187,0.9711236473718827,0.9587078920766654,0.9180989418400305,0.8238240592419501,0.6848984248390142,0.5193049566739738,0.3508951643517957,0.21811193763494252,0.1304591694670325,0.07975093022604796,0.029723408015478014,-0.02699379431864557,-0.055352395930999866,73832.4859374074,1274978.6559860238,3.4685260947500533e-07,2.0198986481815707e-07,104.16763050142835,0.7064703019749541,0.7132999184822193,0.03653057758249833,0.03151746349178261,,,30207.903847059053,0.006133993243987772,1000000.0,0.9187713079528216
2-2,6,0.0,5000.0,0.034348516086220804,0.005308887456769773,0.005431396590026396,6.324067027124211,6.324067027124211,6.470002682467935,0.816443786982,False,33.960086519036615,1.1664785780885794,0.47713731718425356,0.44350767387569123,True,18.763258652216447,11.716402160135033,29.142785454545535,176334.46666666667,91215.46666666667,49590.85333333333,29722.923333333336,20629.25,16316.543333333333,14424.453333333333,13227.506666666666,12832.906666666668,12932.323333333334,12593.25,12740.966666666667,12510.769999999999,12800.626666666665,12361.263333333334,12297.226666666667,12313.573333333334,12635.626666666669,1912160.7681620447,1864069.7101034638,1571625.7405259933,1233639.3038508992,846542.3478677256,522965.47006220114,275542.561797849,143104.3797213047,75225.82363464205,41864.84100675044,26226.425582951186,19115.841518864312,15346.295157535145,14137.984146964685,12990.107948115165,12596.71508807595,12449.179769184104,12698.89567748575,1.3352574175906573e-07,1.2515532351838818e-07,1.2480740547714753e-07,1.2349314649082301e-07,1.219301857473635e-07,1.1925755501543148e-07,1.203700826702922e-07,1.2142697570062932e-07,1.2117786221854782e-07,1.2076897710289937e-07,1.2146543367643447e-07,1.2031409889768397e-07,1.2403034833537462e-07,1.2164120498449043e-07,1.2298449075482665e-07,1.2172875245705143e-07,1.2316517557700647e-07,1.2127174563792842e-07,1.2121234695911518e-07,1.1903103472238936e-07,1.208692504951226e-07,1.2051774086465592e-07,1.1895888928397402e-07,1.1553671458593771e-07,1.1406879611449355e-07,1.1020316736072199e-07,1.0050591579401311e-07,8.346264981316261e-08,6.314087977153167e-08,4.0123126291394007e-08,2.291700826763517e-08,1.15064335698381e-08,5.953617554354526e-09,2.894115780072936e-09,1.3416137280204951e-09,6.042055609936416e-10,0.9077826145151184,0.9510664938267763,0.9684461433440662,0.9759063096963994,0.9756311659399425,0.9687999604803876,0.9476507250305825,0.9075674225175555,0.8294082265021951,0.6910934564101635,0.5198259114583118,0.33348648794282226,0.18476936149262604,0.09459322251292394,0.04840949877349368,0.023775120681484373,0.010892800840296608,0.004982245104293056,0.231777494472066,0.22188214638827966,0.18996122531621884,0.1486754219419572,0.10070373743419218,0.06042171225287728,0.03143080830258408,0.015770555908479252,0.007560640295758613,0.0034941505644301416,0.0016559595845701432,0.0007669873234276657,0.00035169117300280246,0.0001626777753984733,7.733813471285869e-05,3.645635191348344e-05,1.6701990480932415e-05,7.672743386815008e-06,0.9638393488818644,0.9646615028071395,0.9663056639459846,0.9734815881393128,0.9747342423097187,0.9711236473718827,0.9587078920766654,0.9180989418400305,0.8238240592419501,0.6848984248390142,0.5193049566739738,0.3508951643517957,0.21811193763494252,0.1304591694670325,0.07975093022604796,0.029723408015478014,-0.02699379431864557,-0.055352395930999866,73832.4859374074,1274978.6559860238,3.4685260947500533e-07,2.0198986481815707e-07,104.16763050142835,0.7064703019749541,0.7132999184822193,0.03653057758249833,0.03151746349178261,,,30207.903847059053,0.006133993243987772,1000000.0,0.9187713079528216
2-2,7,0.0,100.0,0.008168737048217859,0.0047660356927426055,0.0014816973082466547,5.513094343057299,5.513094343057299,1.7139479380434888,0.947136094675,False,38.11098236985248,0.3113185936285916,0.06518851561386901,0.2406704744558933,True,19.715810897965582,12.277382510608495,30.420161686091774,158180.7,81562.46333333333,45895.80333333334,28021.256666666664,19879.26,15469.363333333333,14001.980000000001,13248.019999999999,12867.733333333332,12661.913333333332,12684.42,12420.416666666666,12570.93,12493.44,12685.65,12796.04,12523.493333333334,12528.413333333332,2025449.1878148213,1800116.1186960118,1498209.9044704915,1153349.286342273,795759.5537136496,469860.65092134447,250266.58776753323,128240.86782421067,65170.46704506795,37955.75936309432,24238.344615153426,18199.220473876794,15239.273330397991,13719.00640162198,13256.77592093657,13055.563418985565,12642.71679191295,12584.352196665259,1.3592727336015175e-07,1.344291244791986e-07,1.3281180662263012e-07,1.315538026889767e-07,1.2815119607441583e-07,1.2933090789965094e-07,1.2843774575639256e-07,1.2894638839607536e-07,1.3217223350116515e-07,1.3053581198698675e-07,1.3146800116077204e-07,1.2798718477857593e-07,1.2755050354732963e-07,1.286206334188559e-07,1.273887720371965e-07,1.2819193618432379e-07,1.3024963923666893e-07,1.2952353504380367e-07,1.25311815130663e-07,1.283382004424708e-07,1.287432815522053e-07,1.2835763053690075e-07,1.249497881438602e-07,1.250729075742215e-07,1.212518774254727e-07,1.1562548405892874e-07,1.0607518169412623e-07,8.698950528649094e-08,6.266811528732974e-08,4.06398082672927e-08,2.2333645971853803e-08,1.1490127073258766e-08,5.488139060404562e-09,2.5482477084485422e-09,1.2282812882810314e-09,5.757467060563602e-10,0.921903397551703,0.9546904433073925,0.9693662395393425,0.975704448774982,0.9750185091624378,0.9670766996491414,0.9440517404864043,0.8966942424457073,0.8025526911686118,0.6664033720889023,0.4766796082241563,0.3175302928773811,0.17509649394340923,0.08933346670623922,0.04308181147081054,0.01987837756646787,0.009430208755121341,0.0044451126651357045,0.2538127141800024,0.2310236632609313,0.1928844595555471,0.14804118157631962,0.09942998764997325,0.05876683776544887,0.030345293623680242,0.014827912418311459,0.006912969132896648,0.003301752729768672,0.0015189713747164632,0.0007396128306725407,0.0003403485354294222,0.00015763312687348702,7.275502974672265e-05,3.326880956493458e-05,1.5528812468543064e-05,7.245399325083143e-06,0.9970045149533343,0.9932917429494701,0.9858660502231302,0.9766463753053358,0.9699753346848734,0.9731339464107602,0.9652824856480908,0.9103701398443071,0.8097292584443618,0.6630666875471594,0.4850684583064293,0.3201957924671692,0.1789758653930118,0.08381350207603333,0.05305060718410992,0.034509100628687506,-0.00020156027847306746,-0.017556890133648237,69522.78467101124,1221382.7092749411,3.6842516313958547e-07,2.1245732664859732e-07,95.39239088603249,0.691233738894017,0.6973108854162403,0.03323379543275494,0.03072295189534189,,,35030.87998218647,0.0055973430041507885,1000000.0,0.9812342403292106
2-2,7,0.0,500.0,0.015148544999910852,0.0041289444490657835,0.000707093629115023,21.423676265999333,21.423676265999333,3.6688662651633317,0.937082840237,False,37.92657885003896,0.5745324864024823,0.18854458898686682,0.5570099141234378,True,19.715810897965582,12.277382510608495,30.420161686091774,158180.7,81562.46333333333,45895.80333333334,28021.256666666664,19879.26,15469.363333333333,14001.980000000001,13248.019999999999,12867.733333333332,12661.913333333332,12684.42,12420.416666666666,12570.93,12493.44,12685.65,12796.04,12523.493333333334,12528.413333333332,2025449.1878148213,1800116.1186960118,1498209.9044704915,1153349.286342273,795759.5537136496,469860.65092134447,250266.58776753323,128240.86782421067,65170.46704506795,37955.75936309432,24238.344615153426,18199.220473876794,15239.273330397991,13719.00640162198,13256.77592093657,13055.563418985565,12642.71679191295,12584.352196665259,1.3592727336015175e-07,1.344291244791986e-07,1.3281180662263012e-07,1.315538026889767e-07,1.2815119607441583e-07,1.2933090789965094e-07,1.2843774575639256e-07,1.2894638839607536e-07,1.3217223350116515e-07,1.3053581198698675e-07,1.3146800116077204e-07,1.2798718477857593e-07,1.2755050354732963e-07,1.286206334188559e-07,1.273887720371965e-07,1.2819193618432379e-07,1.3024963923666893e-07,1.2952353504380367e-07,1.25311815130663e-07,1.283382004424708e-07,1.287432815522053e-07,1.2835763053690075e-07,1.249497881438602e-07,1.250729075742215e-07,1.212518774254727e-07,1.1562548405892874e-07,1.0607518169412623e-07,8.698950528649094e-08,6.266811528732974e-08,4.06398082672927e-08,2.2333645971853803e-08,1.1490127073258766e-08,5.488139060404562e-09,2.5482477084485422e-09,1.2282812882810314e-09,5.757467060563602e-10,0.921903397551703,0.9546904433073925,0.9693662395393425,0.975704448774982,0.9750185091624378,0.9670766996491414,0.9440517404864043,0.8966942424457073,0.8025526911686118,0.6664033720889023,0.4766796082241563,0.3175302928773811,0.17509649394340923,0.08933346670623922,0.04308181147081054,0.01987837756646787,0.009430208755121341,0.0044451126651357045,0.2538127141800024,0.2310236632609313,0.1928844595555471,0.14804118157631962,0.09942998764997325,0.05876683776544887,0.030345293623680242,0.014827912418311459,0.006912969132896648,0.003301752729768672,0.0015189713747164632,0.0007396128306725407,0.0003403485354294222,0.00015763312687348702,7.275502974672265e-05,3.326880956493458e-05,1.5528812468543064e-05,7.245399325083143e-06,0.9970045149533343,0.9932917429494701,0.9858660502231302,0.9766463753053358,0.9699753346848734,0.9731339464107602,0.9652824856480908,0.9103701398443071,0.8097292584443618,0.6630666875471594,0.4850684583064293,0.3201957924671692,0.1789758653930118,0.08381350207603333,0.05305060718410992,0.034509100628687506,-0.00020156027847306746,-0.017556890133648237,69522.78467101124,1221382.7092749411,3.6842516313958547e-07,2.1245732664859732e-07,95.39239088603249,0.691233738894017,0.6973108854162403,0.03323379543275494,0.03072295189534189,,,35030.87998218647,0.0055973430041507885,1000000.0,0.9812342403292106
2-2,7,0.0,1000.0,0.019208109662350786,0.005794365753466732,0.0011022783587953423,17.42582489176594,17.42582489176594,3.314963272875672,0.957189349112,False,38.30993686868697,0.7358614685314748,0.23759158392598326,0.2561755475087838,True,19.715810897965582,12.277382510608495,30.420161686091774,158180.7,81562.46333333333,45895.80333333334,28021.256666666664,19879.26,15469.363333333333,14001.980000000001,13248.019999999999,12867.733333333332,12661.913333333332,12684.42,12420.416666666666,12570.93,12493.44,12685.65,12796.04,12523.493333333334,12528.413333333332,2025449.1878148213,1800116.1186960118,1498209.9044704915,1153349.286342273,795759.5537136496,469860.65092134447,250266.58776753323,128240.86782421067,65170.46704506795,37955.75936309432,24238.344615153426,18199.220473876794,15239.273330397991,13719.00640162198,13256.77592093657,13055.563418985565,12642.71679191295,12584.352196665259,1.3592727336015175e-07,1.344291244791986e-07,1.3281180662263012e-07,1.315538026889767e-07,1.2815119607441583e-07,1.2933090789965094e-07,1.2843774575639256e-07,1.2894638839607536e-07,1.3217223350116515e-07,1.3053581198698675e-07,1.3146800116077204e-07,1.2798718477857593e-07,1.2755050354732963e-07,1.286206334188559e-07,1.273887720371965e-07,1.2819193618432379e-07,1.3024963923666893e-07,1.2952353504380367e-07,1.25311815130663e-07,1.283382004424708e-07,1.287432815522053e-07,1.2835763053690075e-07,1.249497881438602e-07,1.250729075742215e-07,1.212518774254727e-07,1.1562548405892874e-07,1.0607518169412623e-07,8.698950528649094e-08,6.266811528732974e-08,4.06398082672927e-08,2.2333645971853803e-08,1.1490127073258766e-08,5.488139060404562e-09,2.5482477084485422e-09,1.2282812882810314e-09,5.757467060563602e-10,0.921903397551703,0.9546904433073925,0.9693662395393425,0.975704448774982,0.9750185091624378,0.9670766996491414,0.9440517404864043,0.8966942424457073,0.8025526911686118,0.6664033720889023,0.4766796082241563,0.3175302928773811,0.17509649394340923,0.08933346670623922,0.04308181147081054,0.01987837756646787,0.009430208755121341,0.0044451126651357045,0.2538127141800024,0.2310236632609313,0.1928844595555471,0.14804118157631962,0.09942998764997325,0.05876683776544887,0.030345293623680242,0.014827912418311459,0.006912969132896648,0.003301752729768672,0.0015189713747164632,0.0007396128306725407,0.0003403485354294222,0.00015763312687348702,7.275502974672265e-05,3.326880956493458e-05,1.5528812468543064e-05,7.245399325083143e-06,0.9970045149533343,0.9932917429494701,0.9858660502231302,0.9766463753053358,0.9699753346848734,0.9731339464107602,0.9652824856480908,0.9103701398443071,0.8097292584443618,0.6630666875471594,0.4850684583064293,0.3201957924671692,0.1789758653930118,0.08381350207603333,0.05305060718410992,0.034509100628687506,-0.00020156027847306746,-0.017556890133648237,69522.78467101124,1221382.7092749411,3.6842516313958547e-07,2.1245732664859732e-07,95.39239088603249,0.691233738894017,0.6973108854162403,0.03323379543275494,0.03072295189534189,,,35030.87998218647,0.0055973430041507885,1000000.0,0.9812342403292106
2-2,7,0.0,5000.0,0.03322000698973434,0.004940719134282459,0.0037927500336960114,8.758817927518848,8.758817927518848,6.723718974274154,0.916976331361,False,37.57527322455333,1.2482508391608391,0.49260720891037435,0.4949433278571427,True,19.715810897965582,12.277382510608495,30.420161686091774,158180.7,81562.46333333333,45895.80333333334,28021.256666666664,19879.26,15469.363333333333,14001.980000000001,13248.019999999999,12867.733333333332,12661.913333333332,12684.42,12420.416666666666,12570.93,12493.44,12685.65,12796.04,12523.493333333334,12528.413333333332,2025449.1878148213,1800116.1186960118,1498209.9044704915,1153349.286342273,795759.5537136496,469860.65092134447,250266.58776753323,128240.86782421067,65170.46704506795,37955.75936309432,24238.344615153426,18199.220473876794,15239.273330397991,13719.00640162198,13256.77592093657,13055.563418985565,12642.71679191295,12584.352196665259,1.3592727336015175e-07,1.344291244791986e-07,1.3281180662263012e-07,1.315538026889767e-07,1.2815119607441583e-07,1.2933090789965094e-07,1.2843774575639256e-07,1.2894638839607536e-07,1.3217223350116515e-07,1.3053581198698675e-07,1.3146800116077204e-07,1.2798718477857593e-07,1.2755050354732963e-07,1.286206334188559e-07,1.273887720371965e-07,1.2819193618432379e-07,1.3024963923666893e-07,1.2952353504380367e-07,1.25311815130663e-07,1.283382004424708e-07,1.287432815522053e-07,1.2835763053690075e-07,1.249497881438602e-07,1.250729075742215e-07,1.212518774254727e-07,1.1562548405892874e-07,1.0607518169412623e-07,8.698950528649094e-08,6.266811528732974e-08,4.06398082672927e-08,2.2333645971853803e-08,1.1490127073258766e-08,5.488139060404562e-09,2.5482477084485422e-09,1.2282812882810314e-09,5.757467060563602e-10,0.921903397551703,0.9546904433073925,0.9693662395393425,0.975704448774982,0.9750185091624378,0.9670766996491414,0.9440517404864043,0.8966942424457073,0.8025526911686118,0.6664033720889023,0.4766796082241563,0.3175302928773811,0.17509649394340923,0.08933346670623922,0.04308181147081054,0.01987837756646787,0.009430208755121341,0.0044451126651357045,0.2538127141800024,0.2310236632609313,0.1928844595555471,0.14804118157631962,0.09942998764997325,0.05876683776544887,0.030345293623680242,0.014827912418311459,0.006912969132896648,0.003301752729768672,0.0015189713747164632,0.0007396128306725407,0.0003403485354294222,0.00015763312687348702,7.275502974672265e-05,3.326880956493458e-05,1.5528812468543064e-05,7.245399325083143e-06,0.9970045149533343,0.9932917429494701,0.9858660502231302,0.9766463753053358,0.9699753346848734,0.9731339464107602,0.9652824856480908,0.9103701398443071,0.8097292584443618,0.6630666875471594,0.4850684583064293,0.3201957924671692,0.1789758653930118,0.08381350207603333,0.05305060718410992,0.034509100628687506,-0.00020156027847306746,-0.017556890133648237,69522.78467101124,1221382.7092749411,3.6842516313958547e-07,2.1245732664859732e-07,95.39239088603249,0.691233738894017,0.6973108854162403,0.03323379543275494,0.03072295189534189,,,35030.87998218647,0.0055973430041507885,1000000.0,0.9812342403292106
2-2,3,1.0,100.0,0.014966872251483855,0.006183283812213462,0.003380090010779698,4.427950795319616,4.427950795319616,2.420537809039383,0.82649704142,False,29.1160946231547,0.4357768686868724,0.16269549627797134,0.5020378789061221,True,16.053210573003536,10.006960620799028,24.841372331002404,249750.66666666666,131030.8,68158.98999999999,39489.80333333334,25139.39333333333,18133.600000000002,15111.416666666666,13529.200000000003,12818.75,12631.279999999999,12530.893333333333,12633.023333333333,12325.340000000002,12582.62,12597.953333333333,12613.480000000001,12516.706666666667,12412.159999999998,2079372.6933922719,1889209.675858611,1747402.301698933,1434588.267380044,1047837.7644603396,698150.1156664975,388067.89721406816,210148.05480395077,112379.00314044229,57231.45872476106,33044.64169515626,22134.935664617453,16777.332437581044,14587.823195226749,13557.872577491202,13036.480890803254,12724.285841397834,12509.448698749407,1.0928302745104763e-07,1.0485806997113677e-07,1.0135263932664977e-07,9.952721756182931e-08,9.925878458710105e-08,9.764540207317939e-08,9.840225855727878e-08,9.758238880444224e-08,9.598151804682825e-08,9.842259193602487e-08,9.926738997050783e-08,9.896790692556764e-08,9.972638412422808e-08,1.0019714581134172e-07,9.860208594072378e-08,1.0113434734248767e-07,9.873774486969197e-08,9.867307537137561e-08,9.615718952503139e-08,9.758537971851585e-08,9.739928895986689e-08,9.678753932996398e-08,9.687739911679509e-08,9.510918153364136e-08,9.457046123347223e-08,9.130009579989979e-08,8.503318205807446e-08,7.670021503403962e-08,6.162409861107478e-08,4.248417024860064e-08,2.64631525661286e-08,1.3772831919106615e-08,6.9811867066627386e-09,3.281554230394905e-09,1.6107701328262286e-09,7.674019323843616e-10,0.8798913405661659,0.9306425318087315,0.9609941054022125,0.9724730752151958,0.9760083152316229,0.9740262164352881,0.9610598640723667,0.9356206270259246,0.8859328732078167,0.7792948095077104,0.6207889482072931,0.42927219104019637,0.2653575861445426,0.13745732782687323,0.07080161276567305,0.03244747523096229,0.016313620844308572,0.00777721713340841,0.19994663417169567,0.18435924358655684,0.1701957417123109,0.1388502683513509,0.10151179731727464,0.06640048608865763,0.03669976002943812,0.0191865375357633,0.00955594423354615,0.004389665190900937,0.002036346258389942,0.00094038437521743,0.00044398110794836534,0.00020091563693350282,9.465003980860885e-05,4.2779919016677766e-05,2.049589959486729e-05,9.599775104483333e-06,0.9577407959729877,0.9607509905153471,0.9667712323548692,0.9746716481924569,0.9836070591315895,0.9777194469164385,0.9611574576101631,0.9416413767743883,0.8817991957425395,0.7788726864850037,0.6351947134888789,0.4479517216343609,0.27317655306007893,0.14898063935166306,0.09115589809404234,0.05303398406724469,-0.0054745059615566305,-0.034728750241333685,92487.43617770368,1459469.7207996303,2.8227364026743823e-07,1.726737950121674e-07,127.3843376314226,0.7585957145414179,0.7645689123159379,0.05295945076024511,0.05059345306201195,,,20828.26232859514,0.007324549778417848,1000000.0,0.9310950352096372
2-2,3,1.0,500.0,0.022487420141231933,0.004405599444418176,0.004325166214635264,5.1992036895923714,5.1992036895923714,5.104281590947433,0.856656804734,False,29.57384783993792,0.6650395415695485,0.2507605647340859,0.378398718688464,True,16.053210573003536,10.006960620799028,24.841372331002404,249750.66666666666,131030.8,68158.98999999999,39489.80333333334,25139.39333333333,18133.600000000002,15111.416666666666,13529.200000000003,12818.75,12631.279999999999,12530.893333333333,12633.023333333333,12325.340000000002,12582.62,12597.953333333333,12613.480000000001,12516.706666666667,12412.159999999998,2079372.6933922719,1889209.675858611,1747402.301698933,1434588.267380044,1047837.7644603396,698150.1156664975,388067.89721406816,210148.05480395077,112379.00314044229,57231.45872476106,33044.64169515626,22134.935664617453,16777.332437581044,14587.823195226749,13557.872577491202,13036.480890803254,12724.285841397834,12509.448698749407,1.0928302745104763e-07,1.0485806997113677e-07,1.0135263932664977e-07,9.952721756182931e-08,9.925878458710105e-08,9.764540207317939e-08,9.840225855727878e-08,9.758238880444224e-08,9.598151804682825e-08,9.842259193602487e-08,9.926738997050783e-08,9.896790692556764e-08,9.972638412422808e-08,1.0019714581134172e-07,9.860208594072378e-08,1.0113434734248767e-07,9.873774486969197e-08,9.867307537137561e-08,9.615718952503139e-08,9.758537971851585e-08,9.739928895986689e-08,9.678753932996398e-08,9.687739911679509e-08,9.510918153364136e-08,9.457046123347223e-08,9.130009579989979e-08,8.503318205807446e-08,7.670021503403962e-08,6.162409861107478e-08,4.248417024860064e-08,2.64631525661286e-08,1.3772831919106615e-08,6.9811867066627386e-09,3.281554230394905e-09,1.6107701328262286e-09,7.674019323843616e-10,0.8798913405661659,0.9306425318087315,0.9609941054022125,0.9724730752151958,0.9760083152316229,0.9740262164352881,0.9610598640723667,0.9356206270259246,0.8859328732078167,0.7792948095077104,0.6207889482072931,0.42927219104019637,0.2653575861445426,0.13745732782687323,0.07080161276567305,0.03244747523096229,0.016313620844308572,0.00777721713340841,0.19994663417169567,0.18435924358655684,0.1701957417123109,0.1388502683513509,0.10151179731727464,0.06640048608865763,0.03669976002943812,0.0191865375357633,0.00955594423354615,0.004389665190900937,0.002036346258389942,0.00094038437521743,0.00044398110794836534,0.00020091563693350282,9.465003980860885e-05,4.2779919016677766e-05,2.049589959486729e-05,9.599775104483333e-06,0.9577407959729877,0.9607509905153471,0.9667712323548692,0.9746716481924569,0.9836070591315895,0.9777194469164385,0.9611574576101631,0.9416413767743883,0.8817991957425395,0.7788726864850037,0.6351947134888789,0.4479517216343609,0.27317655306007893,0.14898063935166306,0.09115589809404234,0.05303398406724469,-0.0054745059615566305,-0.034728750241333685,92487.43617770368,1459469.7207996303,2.8227364026743823e-07,1.726737950121674e-07,127.3843376314226,0.7585957145414179,0.7645689123159379,0.05295945076024511,0.05059345306201195,,,20828.26232859514,0.007324549778417848,1000000.0,0.9310950352096372
2-2,3,1.0,1000.0,0.022437151965808314,0.003986863132674503,0.003847415912195889,5.8317458985094355,5.8317458985094355,5.627770811072922,0.836550295858,False,29.26660144522153,0.6566591841491807,0.2540899689262504,0.509669563801105,True,16.053210573003536,10.006960620799028,24.841372331002404,249750.66666666666,131030.8,68158.98999999999,39489.80333333334,25139.39333333333,18133.600000000002,15111.416666666666,13529.200000000003,12818.75,12631.279999999999,12530.893333333333,12633.023333333333,12325.340000000002,12582.62,12597.953333333333,12613.480000000001,12516.706666666667,12412.159999999998,2079372.6933922719,1889209.675858611,1747402.301698933,1434588.267380044,1047837.7644603396,698150.1156664975,388067.89721406816,210148.05480395077,112379.00314044229,57231.45872476106,33044.64169515626,22134.935664617453,16777.332437581044,14587.823195226749,13557.872577491202,13036.480890803254,12724.285841397834,12509.448698749407,1.0928302745104763e-07,1.0485806997113677e-07,1.0135263932664977e-07,9.952721756182931e-08,9.925878458710105e-08,9.764540207317939e-08,9.840225855727878e-08,9.758238880444224e-08,9.598151804682825e-08,9.842259193602487e-08,9.926738997050783e-08,9.896790692556764e-08,9.972638412422808e-08,1.0019714581134172e-07,9.860208594072378e-08,1.0113434734248767e-07,9.873774486969197e-08,9.867307537137561e-08,9.615718952503139e-08,9.758537971851585e-08,9.739928895986689e-08,9.678753932996398e-08,9.687739911679509e-08,9.510918153364136e-08,9.457046123347223e-08,9.130009579989979e-08,8.503318205807446e-08,7.670021503403962e-08,6.162409861107478e-08,4.248417024860064e-08,2.64631525661286e-08,1.3772831919106615e-08,6.9811867066627386e-09,3.281554230394905e-09,1.6107701328262286e-09,7.674019323843616e-10,0.8798913405661659,0.9306425318087315,0.9609941054022125,0.9724730752151958,0.9760083152316229,0.9740262164352881,0.9610598640723667,0.9356206270259246,0.8859328732078167,0.7792948095077104,0.6207889482072931,0.42927219104019637,0.2653575861445426,0.13745732782687323,0.07080161276567305,0.03244747523096229,0.016313620844308572,0.00777721713340841,0.19994663417169567,0.18435924358655684,0.1701957417123109,0.1388502683513509,0.10151179731727464,0.06640048608865763,0.03669976002943812,0.0191865375357633,0.00955594423354615,0.004389665190900937,0.002036346258389942,0.00094038437521743,0.00044398110794836534,0.00020091563693350282,9.465003980860885e-05,4.2779919016677766e-05,2.049589959486729e-05,9.599775104483333e-06,0.9577407959729877,0.9607509905153471,0.9667712323548692,0.9746716481924569,0.9836070591315895,0.9777194469164385,0.9611574576101631,0.9416413767743883,0.8817991957425395,0.7788726864850037,0.6351947134888789,0.4479517216343609,0.27317655306007893,0.14898063935166306,0.09115589809404234,0.05303398406724469,-0.0054745059615566305,-0.034728750241333685,92487.43617770368,1459469.7207996303,2.8227364026743823e-07,1.726737950121674e-07,127.3843376314226,0.7585957145414179,0.7645689123159379,0.05295945076024511,0.05059345306201195,,,20828.26232859514,0.007324549778417848,1000000.0,0.9310950352096372
2-2,3,1.0,5000.0,0.04408403071386043,0.006126516221066966,0.003305498243000763,13.336576658967008,13.336576658967008,7.1956115226253266,0.82649704142,False,29.1160946231547,1.2835548096348184,0.4864896044337485,0.4369890868069398,True,16.053210573003536,10.006960620799028,24.841372331002404,249750.66666666666,131030.8,68158.98999999999,39489.80333333334,25139.39333333333,18133.600000000002,15111.416666666666,13529.200000000003,12818.75,12631.279999999999,12530.893333333333,12633.023333333333,12325.340000000002,12582.62,12597.953333333333,12613.480000000001,12516.706666666667,12412.159999999998,2079372.6933922719,1889209.675858611,1747402.301698933,1434588.267380044,1047837.7644603396,698150.1156664975,388067.89721406816,210148.05480395077,112379.00314044229,57231.45872476106,33044.64169515626,22134.935664617453,16777.332437581044,14587.823195226749,13557.872577491202,13036.480890803254,12724.285841397834,12509.448698749407,1.0928302745104763e-07,1.0485806997113677e-07,1.0135263932664977e-07,9.952721756182931e-08,9.925878458710105e-08,9.764540207317939e-08,9.840225855727878e-08,9.758238880444224e-08,9.598151804682825e-08,9.842259193602487e-08,9.926738997050783e-08,9.896790692556764e-08,9.972638412422808e-08,1.0019714581134172e-07,9.860208594072378e-08,1.0113434734248767e-07,9.873774486969197e-08,9.867307537137561e-08,9.615718952503139e-08,9.758537971851585e-08,9.739928895986689e-08,9.678753932996398e-08,9.687739911679509e-08,9.510918153364136e-08,9.457046123347223e-08,9.130009579989979e-08,8.503318205807446e-08,7.670021503403962e-08,6.162409861107478e-08,4.248417024860064e-08,2.64631525661286e-08,1.3772831919106615e-08,6.9811867066627386e-09,3.281554230394905e-09,1.6107701328262286e-09,7.674019323843616e-10,0.8798913405661659,0.9306425318087315,0.9609941054022125,0.9724730752151958,0.9760083152316229,0.9740262164352881,0.9610598640723667,0.9356206270259246,0.8859328732078167,0.7792948095077104,0.6207889482072931,0.42927219104019637,0.2653575861445426,0.13745732782687323,0.07080161276567305,0.03244747523096229,0.016313620844308572,0.00777721713340841,0.19994663417169567,0.18435924358655684,0.1701957417123109,0.1388502683513509,0.10151179731727464,0.06640048608865763,0.03669976002943812,0.0191865375357633,0.00955594423354615,0.004389665190900937,0.002036346258389942,0.00094038437521743,0.00044398110794836534,0.00020091563693350282,9.465003980860885e-05,4.2779919016677766e-05,2.049589959486729e-05,9.599775104483333e-06,0.9577407959729877,0.9607509905153471,0.9667712323548692,0.9746716481924569,0.9836070591315895,0.9777194469164385,0.9611574576101631,0.9416413767743883,0.8817991957425395,0.7788726864850037,0.6351947134888789,0.4479517216343609,0.27317655306007893,0.14898063935166306,0.09115589809404234,0.05303398406724469,-0.0054745059615566305,-0.034728750241333685,92487.43617770368,1459469.7207996303,2.8227364026743823e-07,1.726737950121674e-07,127.3843376314226,0.7585957145414179,0.7645689123159379,0.05295945076024511,0.05059345306201195,,,20828.26232859514,0.007324549778417848,1000000.0,0.9310950352096372
2-2,5,1.0,100.0,0.010005765703107248,0.004688549263969396,0.0022641408268045697,4.419232931384661,4.419232931384661,2.1340856499044687,0.96724260355,False,34.992224677544776,0.3501240015540006,0.1010740632023836,0.39723783753338426,True,17.91796412621519,11.207348173557307,27.650653465423545,194970.33333333334,104481.06666666665,55462.56,32450.36,21974.936666666665,16388.436666666665,14503.386666666667,13415.156666666668,12941.566666666668,12667.589999999998,12429.866666666667,12499.283333333335,12293.89,12359.576666666668,12276.436666666666,12272.78,12621.223333333333,12526.996666666666,1970270.4491797672,1797292.6544575968,1614045.1018231285,1316418.6411654819,855868.0390573044,548598.5547629179,304375.1514844479,157812.59371552707,83023.39375970795,47385.33117860708,27998.16242163677,19501.204770051518,15710.708273663347,13974.578054608495,13016.324271747295,12617.7392833702,12777.580449797955,12596.526762867192,1.2556441511538923e-07,1.1967321942179635e-07,1.1662417646034135e-07,1.1444580319205067e-07,1.175712470896045e-07,1.1610293997972053e-07,1.1393287739629304e-07,1.1435165858164312e-07,1.1385636507059284e-07,1.1139457701573558e-07,1.1441062548659512e-07,1.1590505329730532e-07,1.1398065118135452e-07,1.1265016628281509e-07,1.1377174248454354e-07,1.1353542382639716e-07,1.132949571549045e-07,1.1618328404037638e-07,1.1313904687213907e-07,1.127163192277115e-07,1.126166828797245e-07,1.1162465846047563e-07,1.145525332333647e-07,1.1263456467659246e-07,1.0850400921547904e-07,1.0463098053657408e-07,9.610859938360992e-08,8.161530155726147e-08,6.361769134212722e-08,4.1615791787012844e-08,2.478889971201087e-08,1.3018652455029063e-08,6.467133141070616e-09,3.1039711283228213e-09,1.3863714558732304e-09,6.413065338005544e-10,0.9010438727259494,0.941867527023195,0.9656375401546382,0.9753495134562434,0.9743243868635744,0.970126722857028,0.9523502933930934,0.9149931171472359,0.8441214448047855,0.7326685350735924,0.556047054821678,0.3590507109320347,0.21748340139388458,0.1155670948797798,0.05684305258794123,0.027339230556526473,0.012236832871366815,0.005519783152089981,0.22291452070054016,0.20258421258546347,0.1817684053855879,0.14694478121110033,0.09804185198748656,0.061791159397929035,0.03302592424163136,0.016512086421475586,0.007979262090319472,0.003867368093532721,0.0017811784550864336,0.0008115580773063658,0.00038945117180050017,0.00018193017489862416,8.417830207273879e-05,3.9165098440285785e-05,1.771447281072372e-05,8.078234916220277e-06,0.9691706032849968,0.9711113351677021,0.9749926506674136,0.9868255498112983,0.9929091484680637,0.9805984088233117,0.9423984497168814,0.8978058841867878,0.8385355850536556,0.7223409509219625,0.5650382012875532,0.39729022952130144,0.2443330734390532,0.12479512284376426,0.0644521737395376,0.023340906426179586,-0.03588614814611368,-0.06549967630808826,79131.12391415611,1305308.1053430005,3.2606253909334287e-07,1.943153830580479e-07,111.53675201739595,0.7245739630318785,0.7312499923798411,0.04350119880954086,0.0222404757110559,,,27594.458815867114,0.0065954022232977355,1000000.0,0.9889263677648764
2-2,5,1.0,500.0,0.0183754303728584,0.006111487386267092,0.006167178258221887,2.9795523338993575,2.9795523338993575,3.0067034768245096,0.997402366864,True,35.53386668997678,0.6529500932401007,0.2015596900113512,0.44568729745303304,True,17.91796412621519,11.207348173557307,27.650653465423545,194970.33333333334,104481.06666666665,55462.56,32450.36,21974.936666666665,16388.436666666665,14503.386666666667,13415.156666666668,12941.566666666668,12667.589999999998,12429.866666666667,12499.283333333335,12293.89,12359.576666666668,12276.436666666666,12272.78,12621.223333333333,12526.996666666666,1970270.4491797672,1797292.6544575968,1614045.1018231285,1316418.6411654819,855868.0390573044,548598.5547629179,304375.1514844479,157812.59371552707,83023.39375970795,47385.33117860708,27998.16242163677,19501.204770051518,15710.708273663347,13974.578054608495,13016.324271747295,12617.7392833702,12777.580449797955,12596.526762867192,1.2556441511538923e-07,1.1967321942179635e-07,1.1662417646034135e-07,1.1444580319205067e-07,1.175712470896045e-07,1.1610293997972053e-07,1.1393287739629304e-07,1.1435165858164312e-07,1.1385636507059284e-07,1.1139457701573558e-07,1.1441062548659512e-07,1.1590505329730532e-07,1.1398065118135452e-07,1.1265016628281509e-07,1.1377174248454354e-07,1.1353542382639716e-07,1.132949571549045e-07,1.1618328404037638e-07,1.1313904687213907e-07,1.127163192277115e-07,1.126166828797245e-07,1.1162465846047563e-07,1.145525332333647e-07,1.1263456467659246e-07,1.0850400921547904e-07,1.0463098053657408e-07,9.610859938360992e-08,8.161530155726147e-08,6.361769134212722e-08,4.1615791787012844e-08,2.478889971201087e-08,1.3018652455029063e-08,6.467133141070616e-09,3.1039711283228213e-09,1.3863714558732304e-09,6.413065338005544e-10,0.9010438727259494,0.941867527023195,0.9656375401546382,0.9753495134562434,0.9743243868635744,0.970126722857028,0.9523502933930934,0.9149931171472359,0.8441214448047855,0.7326685350735924,0.556047054821678,0.3590507109320347,0.21748340139388458,0.1155670948797798,0.05684305258794123,0.027339230556526473,0.012236832871366815,0.005519783152089981,0.22291452070054016,0.20258421258546347,0.1817684053855879,0.14694478121110033,0.09804185198748656,0.061791159397929035,0.03302592424163136,0.016512086421475586,0.007979262090319472,0.003867368093532721,0.0017811784550864336,0.0008115580773063658,0.00038945117180050017,0.00018193017489862416,8.417830207273879e-05,3.9165098440285785e-05,1.771447281072372e-05,8.078234916220277e-06,0.9691706032849968,0.9711113351677021,0.9749926506674136,0.9868255498112983,0.9929091484680637,0.9805984088233117,0.9423984497168814,0.8978058841867878,0.8385355850536556,0.7223409509219625,0.5650382012875532,0.39729022952130144,0.2443330734390532,0.12479512284376426,0.0644521737395376,0.023340906426179586,-0.03588614814611368,-0.06549967630808826,79131.12391415611,1305308.1053430005,3.2606253909334287e-07,1.943153830580479e-07,111.53675201739595,0.7245739630318785,0.7312499923798411,0.04350119880954086,0.0222404757110559,,,27594.458815867114,0.0065954022232977355,1000000.0,0.9889263677648764
2-2,5,1.0,1000.0,0.025644386557516725,0.004749744870052922,0.0008861116526481966,28.940355857951953,28.940355857951953,5.399108217202199,0.836550295858,False,32.61108456876465,0.8362912587412694,0.25657969699146826,0.38786627263618156,True,17.91796412621519,11.207348173557307,27.650653465423545,194970.33333333334,104481.06666666665,55462.56,32450.36,21974.936666666665,16388.436666666665,14503.386666666667,13415.156666666668,12941.566666666668,12667.589999999998,12429.866666666667,12499.283333333335,12293.89,12359.576666666668,12276.436666666666,12272.78,12621.223333333333,12526.996666666666,1970270.4491797672,1797292.6544575968,1614045.1018231285,1316418.6411654819,855868.0390573044,548598.5547629179,304375.1514844479,157812.59371552707,83023.39375970795,47385.33117860708,27998.16242163677,19501.204770051518,15710.708273663347,13974.578054608495,13016.324271747295,12617.7392833702,12777.580449797955,12596.526762867192,1.2556441511538923e-07,1.1967321942179635e-07,1.1662417646034135e-07,1.1444580319205067e-07,1.175712470896045e-07,1.1610293997972053e-07,1.1393287739629304e-07,1.1435165858164312e-07,1.1385636507059284e-07,1.1139457701573558e-07,1.1441062548659512e-07,1.1590505329730532e-07,1.1398065118135452e-07,1.1265016628281509e-07,1.1377174248454354e-07,1.1353542382639716e-07,1.132949571549045e-07,1.1618328404037638e-07,1.1313904687213907e-07,1.127163192277115e-07,1.126166828797245e-07,1.1162465846047563e-07,1.145525332333647e-07,1.1263456467659246e-07,1.0850400921547904e-07,1.0463098053657408e-07,9.610859938360992e-08,8.161530155726147e-08,6.361769134212722e-08,4.1615791787012844e-08,2.478889971201087e-08,1.3018652455029063e-08,6.467133141070616e-09,3.1039711283228213e-09,1.3863714558732304e-09,6.413065338005544e-10,0.9010438727259494,0.941867527023195,0.9656375401546382,0.9753495134562434,0.9743243868635744,0.970126722857028,0.9523502933930934,0.9149931171472359,0.8441214448047855,0.7326685350735924,0.556047054821678,0.3590507109320347,0.21748340139388458,0.1155670948797798,0.05684305258794123,0.027339230556526473,0.012236832871366815,0.005519783152089981,0.22291452070054016,0.20258421258546347,0.1817684053855879,0.14694478121110033,0.09804185198748656,0.061791159397929035,0.03302592424163136,0.016512086421475586,0.007979262090319472,0.003867368093532721,0.0017811784550864336,0.0008115580773063658,0.00038945117180050017,0.00018193017489862416,8.417830207273879e-05,3.9165098440285785e-05,1.771447281072372e-05,8.078234916220277e-06,0.9691706032849968,0.9711113351677021,0.9749926506674136,0.9868255498112983,0.9929091484680637,0.9805984088233117,0.9423984497168814,0.8978058841867878,0.8385355850536556,0.7223409509219625,0.5650382012875532,0.39729022952130144,0.2443330734390532,0.12479512284376426,0.0644521737395376,0.023340906426179586,-0.03588614814611368,-0.06549967630808826,79131.12391415611,1305308.1053430005,3.2606253909334287e-07,1.943153830580479e-07,111.53675201739595,0.7245739630318785,0.7312499923798411,0.04350119880954086,0.0222404757110559,,,27594.458815867114,0.0065954022232977355,1000000.0,0.9889263677648764
2-2,5,1.0,5000.0,0.039935611027171435,0.004825096241821924,0.00392354403981796,10.178453617924553,10.178453617924553,8.276645485539998,0.866710059172,False,33.18222503496513,1.3251524320124375,0.4777286772627034,0.46760398652913326,True,17.91796412621519,11.207348173557307,27.650653465423545,194970.33333333334,104481.06666666665,55462.56,32450.36,21974.936666666665,16388.436666666665,14503.386666666667,13415.156666666668,12941.566666666668,12667.589999999998,12429.866666666667,12499.283333333335,12293.89,12359.576666666668,12276.436666666666,12272.78,12621.223333333333,12526.996666666666,1970270.4491797672,1797292.6544575968,1614045.1018231285,1316418.6411654819,855868.0390573044,548598.5547629179,304375.1514844479,157812.59371552707,83023.39375970795,47385.33117860708,27998.16242163677,19501.204770051518,15710.708273663347,13974.578054608495,13016.324271747295,12617.7392833702,12777.580449797955,12596.526762867192,1.2556441511538923e-07,1.1967321942179635e-07,1.1662417646034135e-07,1.1444580319205067e-07,1.175712470896045e-07,1.1610293997972053e-07,1.1393287739629304e-07,1.1435165858164312e-07,1.1385636507059284e-07,1.1139457701573558e-07,1.1441062548659512e-07,1.1590505329730532e-07,1.1398065118135452e-07,1.1265016628281509e-07,1.1377174248454354e-07,1.1353542382639716e-07,1.132949571549045e-07,1.1618328404037638e-07,1.1313904687213907e-07,1.127163192277115e-07,1.126166828797245e-07,1.1162465846047563e-07,1.145525332333647e-07,1.1263456467659246e-07,1.0850400921547904e-07,1.0463098053657408e-07,9.610859938360992e-08,8.161530155726147e-08,6.361769134212722e-08,4.1615791787012844e-08,2.478889971201087e-08,1.3018652455029063e-08,6.467133141070616e-09,3.1039711283228213e-09,1.3863714558732304e-09,6.413065338005544e-10,0.9010438727259494,0.941867527023195,0.9656375401546382,0.9753495134562434,0.9743243868635744,0.970126722857028,0.9523502933930934,0.9149931171472359,0.8441214448047855,0.7326685350735924,0.556047054821678,0.3590507109320347,0.21748340139388458,0.1155670948797798,0.05684305258794123,0.027339230556526473,0.012236832871366815,0.005519783152089981,0.22291452070054016,0.20258421258546347,0.1817684053855879,0.14694478121110033,0.09804185198748656,0.061791159397929035,0.03302592424163136,0.016512086421475586,0.007979262090319472,0.003867368093532721,0.0017811784550864336,0.0008115580773063658,0.00038945117180050017,0.00018193017489862416,8.417830207273879e-05,3.9165098440285785e-05,1.771447281072372e-05,8.078234916220277e-06,0.9691706032849968,0.9711113351677021,0.9749926506674136,0.9868255498112983,0.9929091484680637,0.9805984088233117,0.9423984497168814,0.8978058841867878,0.8385355850536556,0.7223409509219625,0.5650382012875532,0.39729022952130144,0.2443330734390532,0.12479512284376426,0.0644521737395376,0.023340906426179586,-0.03588614814611368,-0.06549967630808826,79131.12391415611,1305308.1053430005,3.2606253909334287e-07,1.943153830580479e-07,111.53675201739595,0.7245739630318785,0.7312499923798411,0.04350119880954086,0.0222404757110559,,,27594.458815867114,0.0065954022232977355,1000000.0,0.9889263677648764
2-2,6,1.0,100.0,0.010086470038581567,0.007345024597040849,0.0038687660441243973,2.607154302830012,2.607154302830012,1.3732384289965736,0.766177514793,False,32.92220193473202,0.3320688034188066,0.09746128131889384,0.12678120906833612,False,18.79723588663412,11.741673763505052,28.973199914529992,176334.46666666667,91215.46666666667,49590.85333333333,29722.923333333336,20629.25,16316.543333333333,14424.453333333333,13227.506666666666,12832.906666666668,12932.323333333334,12593.25,12740.966666666667,12510.769999999999,12800.626666666665,12361.263333333334,12297.226666666667,12313.573333333334,12635.626666666669,1912160.7681620447,1864069.7101034638,1571625.7405259933,1233639.3038508992,846542.3478677256,522965.47006220114,275542.561797849,143104.3797213047,75225.82363464205,41864.84100675044,26226.425582951186,19115.841518864312,15346.295157535145,14137.984146964685,12990.107948115165,12596.71508807595,12449.179769184104,12698.89567748575,1.3352574175906573e-07,1.2515532351838818e-07,1.2480740547714753e-07,1.2349314649082301e-07,1.219301857473635e-07,1.1925755501543148e-07,1.203700826702922e-07,1.2142697570062932e-07,1.2117786221854782e-07,1.2076897710289937e-07,1.2146543367643447e-07,1.2031409889768397e-07,1.2403034833537462e-07,1.2164120498449043e-07,1.2298449075482665e-07,1.2172875245705143e-07,1.2316517557700647e-07,1.2127174563792842e-07,1.2121234695911518e-07,1.1903103472238936e-07,1.208692504951226e-07,1.2051774086465592e-07,1.1895888928397402e-07,1.1553671458593771e-07,1.1406879611449355e-07,1.1020316736072199e-07,1.0050591579401311e-07,8.346264981316261e-08,6.314087977153167e-08,4.0123126291394007e-08,2.291700826763517e-08,1.15064335698381e-08,5.953617554354526e-09,2.894115780072936e-09,1.3416137280204951e-09,6.042055609936416e-10,0.9077826145151184,0.9510664938267763,0.9684461433440662,0.9759063096963994,0.9756311659399425,0.9687999604803876,0.9476507250305825,0.9075674225175555,0.8294082265021951,0.6910934564101635,0.5198259114583118,0.33348648794282226,0.18476936149262604,0.09459322251292394,0.04840949877349368,0.023775120681484373,0.010892800840296608,0.004982245104293056,0.231777494472066,0.22188214638827966,0.18996122531621884,0.1486754219419572,0.10070373743419218,0.06042171225287728,0.03143080830258408,0.015770555908479252,0.007560640295758613,0.0034941505644301416,0.0016559595845701432,0.0007669873234276657,0.00035169117300280246,0.0001626777753984733,7.733813471285869e-05,3.645635191348344e-05,1.6701990480932415e-05,7.672743386815008e-06,0.9638393488818644,0.9646615028071395,0.9663056639459846,0.9734815881393128,0.9747342423097187,0.9711236473718827,0.9587078920766654,0.9180989418400305,0.8238240592419501,0.6848984248390142,0.5193049566739738,0.3508951643517957,0.21811193763494252,0.1304591694670325,0.07975093022604796,0.029723408015478014,-0.02699379431864557,-0.055352395930999866,73832.4859374074,1274978.6559860238,3.4685260947500533e-07,2.0198986481815707e-07,104.16763050142835,0.7064703019749541,0.7132999184822193,0.03653057758249833,0.03151746349178261,,,30207.903847059053,0.006133993243987772,1000000.0,0.9639400193637792
2-2,6,1.0,500.0,0.016145665695043762,0.008154279520993247,0.0024766948283605926,6.519037190274718,6.519037190274718,1.98002357577719,0.776230769231,False,33.11654975135984,0.5346887412587407,0.17442627561285462,0.378573490901451,False,18.79723588663412,11.741673763505052,28.973199914529992,176334.46666666667,91215.46666666667,49590.85333333333,29722.923333333336,20629.25,16316.543333333333,14424.453333333333,13227.506666666666,12832.906666666668,12932.323333333334,12593.25,12740.966666666667,12510.769999999999,12800.626666666665,12361.263333333334,12297.226666666667,12313.573333333334,12635.626666666669,1912160.7681620447,1864069.7101034638,1571625.7405259933,1233639.3038508992,846542.3478677256,522965.47006220114,275542.561797849,143104.3797213047,75225.82363464205,41864.84100675044,26226.425582951186,19115.841518864312,15346.295157535145,14137.984146964685,12990.107948115165,12596.71508807595,12449.179769184104,12698.89567748575,1.3352574175906573e-07,1.2515532351838818e-07,1.2480740547714753e-07,1.2349314649082301e-07,1.219301857473635e-07,1.1925755501543148e-07,1.203700826702922e-07,1.2142697570062932e-07,1.2117786221854782e-07,1.2076897710289937e-07,1.2146543367643447e-07,1.2031409889768397e-07,1.2403034833537462e-07,1.2164120498449043e-07,1.2298449075482665e-07,1.2172875245705143e-07,1.2316517557700647e-07,1.2127174563792842e-07,1.2121234695911518e-07,1.1903103472238936e-07,1.208692504951226e-07,1.2051774086465592e-07,1.1895888928397402e-07,1.1553671458593771e-07,1.1406879611449355e-07,1.1020316736072199e-07,1.0050591579401311e-07,8.346264981316261e-08,6.314087977153167e-08,4.0123126291394007e-08,2.291700826763517e-08,1.15064335698381e-08,5.953617554354526e-09,2.894115780072936e-09,1.3416137280204951e-09,6.042055609936416e-10,0.9077826145151184,0.9510664938267763,0.9684461433440662,0.9759063096963994,0.9756311659399425,0.9687999604803876,0.9476507250305825,0.9075674225175555,0.8294082265021951,0.6910934564101635,0.5198259114583118,0.33348648794282226,0.18476936149262604,0.09459322251292394,0.04840949877349368,0.023775120681484373,0.010892800840296608,0.004982245104293056,0.231777494472066,0.22188214638827966,0.18996122531621884,0.1486754219419572,0.10070373743419218,0.06042171225287728,0.03143080830258408,0.015770555908479252,0.007560640295758613,0.0034941505644301416,0.0016559595845701432,0.0007669873234276657,0.00035169117300280246,0.0001626777753984733,7.733813471285869e-05,3.645635191348344e-05,1.6701990480932415e-05,7.672743386815008e-06,0.9638393488818644,0.9646615028071395,0.9663056639459846,0.9734815881393128,0.9747342423097187,0.9711236473718827,0.9587078920766654,0.9180989418400305,0.8238240592419501,0.6848984248390142,0.5193049566739738,0.3508951643517957,0.21811193763494252,0.1304591694670325,0.07975093022604796,0.029723408015478014,-0.02699379431864557,-0.055352395930999866,73832.4859374074,1274978.6559860238,3.4685260947500533e-07,2.0198986481815707e-07,104.16763050142835,0.7064703019749541,0.7132999184822193,0.03653057758249833,0.03151746349178261,,,30207.903847059053,0.006133993243987772,1000000.0,0.9639400193637792
2-2,6,1.0,1000.0,0.02240426223059071,0.0028356124552887034,0.003907438946442257,5.733745949118387,5.733745949118387,7.9010311119224,0.776230769231,False,33.11654975135984,0.7419518648018695,0.2698690552102413,0.42813069390087954,True,18.79723588663412,11.741673763505052,28.973199914529992,176334.46666666667,91215.46666666667,49590.85333333333,29722.923333333336,20629.25,16316.543333333333,14424.453333333333,13227.506666666666,12832.906666666668,12932.323333333334,12593.25,12740.966666666667,12510.769999999999,12800.626666666665,12361.263333333334,12297.226666666667,12313.573333333334,12635.626666666669,1912160.7681620447,1864069.7101034638,1571625.7405259933,1233639.3038508992,846542.3478677256,522965.47006220114,275542.561797849,143104.3797213047,75225.82363464205,41864.84100675044,26226.425582951186,19115.841518864312,15346.295157535145,14137.984146964685,12990.107948115165,12596.71508807595,12449.179769184104,12698.89567748575,1.3352574175906573e-07,1.2515532351838818e-07,1.2480740547714753e-07,1.2349314649082301e-07,1.219301857473635e-07,1.1925755501543148e-07,1.203700826702922e-07,1.2142697570062932e-07,1.2117786221854782e-07,1.2076897710289937e-07,1.2146543367643447e-07,1.2031409889768397e-07,1.2403034833537462e-07,1.2164120498449043e-07,1.2298449075482665e-07,1.2172875245705143e-07,1.2316517557700647e-07,1.2127174563792842e-07,1.2121234695911518e-07,1.1903103472238936e-07,1.208692504951226e-07,1.2051774086465592e-07,1.1895888928397402e-07,1.1553671458593771e-07,1.1406879611449355e-07,1.1020316736072199e-07,1.0050591579401311e-07,8.346264981316261e-08,6.314087977153167e-08,4.0123126291394007e-08,2.291700826763517e-08,1.15064335698381e-08,5.953617554354526e-09,2.894115780072936e-09,1.3416137280204951e-09,6.042055609936416e-10,0.9077826145151184,0.9510664938267763,0.9684461433440662,0.9759063096963994,0.9756311659399425,0.9687999604803876,0.9476507250305825,0.9075674225175555,0.8294082265021951,0.6910934564101635,0.5198259114583118,0.33348648794282226,0.18476936149262604,0.09459322251292394,0.04840949877349368,0.023775120681484373,0.010892800840296608,0.004982245104293056,0.231777494472066,0.22188214638827966,0.18996122531621884,0.1486754219419572,0.10070373743419218,0.06042171225287728,0.03143080830258408,0.015770555908479252,0.007560640295758613,0.0034941505644301416,0.0016559595845701432,0.0007669873234276657,0.00035169117300280246,0.0001626777753984733,7.733813471285869e-05,3.645635191348344e-05,1.6701990480932415e-05,7.672743386815008e-06,0.9638393488818644,0.9646615028071395,0.9663056639459846,0.9734815881393128,0.9747342423097187,0.9711236473718827,0.9587078920766654,0.9180989418400305,0.8238240592419501,0.6848984248390142,0.5193049566739738,0.3508951643517957,0.21811193763494252,0.1304591694670325,0.07975093022604796,0.029723408015478014,-0.02699379431864557,-0.055352395930999866,73832.4859374074,1274978.6559860238,3.4685260947500533e-07,2.0198986481815707e-07,104.16763050142835,0.7064703019749541,0.7132999184822193,0.03653057758249833,0.03151746349178261,,,30207.903847059053,0.006133993243987772,1000000.0,0.9639400193637792
2-2,6,1.0,5000.0,0.04053615375171849,0.007403400673545038,0.005438565690426261,7.453464030613074,7.453464030613074,5.47534241886549,0.776230769231,False,33.11654975135984,1.3424175524475572,0.4964581011097058,0.42373765473093405,True,18.79723588663412,11.741673763505052,28.973199914529992,176334.46666666667,91215.46666666667,49590.85333333333,29722.923333333336,20629.25,16316.543333333333,14424.453333333333,13227.506666666666,12832.906666666668,12932.323333333334,12593.25,12740.966666666667,12510.769999999999,12800.626666666665,12361.263333333334,12297.226666666667,12313.573333333334,12635.626666666669,1912160.7681620447,1864069.7101034638,1571625.7405259933,1233639.3038508992,846542.3478677256,522965.47006220114,275542.561797849,143104.3797213047,75225.82363464205,41864.84100675044,26226.425582951186,19115.841518864312,15346.295157535145,14137.984146964685,12990.107948115165,12596.71508807595,12449.179769184104,12698.89567748575,1.3352574175906573e-07,1.2515532351838818e-07,1.2480740547714753e-07,1.2349314649082301e-07,1.219301857473635e-07,1.1925755501543148e-07,1.203700826702922e-07,1.2142697570062932e-07,1.2117786221854782e-07,1.2076897710289937e-07,1.2146543367643447e-07,1.2031409889768397e-07,1.2403034833537462e-07,1.2164120498449043e-07,1.2298449075482665e-07,1.2172875245705143e-07,1.2316517557700647e-07,1.2127174563792842e-07,1.2121234695911518e-07,1.1903103472238936e-07,1.208692504951226e-07,1.2051774086465592e-07,1.1895888928397402e-07,1.1553671458593771e-07,1.1406879611449355e-07,1.1020316736072199e-07,1.0050591579401311e-07,8.346264981316261e-08,6.314087977153167e-08,4.0123126291394007e-08,2.291700826763517e-08,1.15064335698381e-08,5.953617554354526e-09,2.894115780072936e-09,1.3416137280204951e-09,6.042055609936416e-10,0.9077826145151184,0.9510664938267763,0.9684461433440662,0.9759063096963994,0.9756311659399425,0.9687999604803876,0.9476507250305825,0.9075674225175555,0.8294082265021951,0.6910934564101635,0.5198259114583118,0.33348648794282226,0.18476936149262604,0.09459322251292394,0.04840949877349368,0.023775120681484373,0.010892800840296608,0.004982245104293056,0.231777494472066,0.22188214638827966,0.18996122531621884,0.1486754219419572,0.10070373743419218,0.06042171225287728,0.03143080830258408,0.015770555908479252,0.007560640295758613,0.0034941505644301416,0.0016559595845701432,0.0007669873234276657,0.00035169117300280246,0.0001626777753984733,7.733813471285869e-05,3.645635191348344e-05,1.6701990480932415e-05,7.672743386815008e-06,0.9638393488818644,0.9646615028071395,0.9663056639459846,0.9734815881393128,0.9747342423097187,0.9711236473718827,0.9587078920766654,0.9180989418400305,0.8238240592419501,0.6848984248390142,0.5193049566739738,0.3508951643517957,0.21811193763494252,0.1304591694670325,0.07975093022604796,0.029723408015478014,-0.02699379431864557,-0.055352395930999866,73832.4859374074,1274978.6559860238,3.4685260947500533e-07,2.0198986481815707e-07,104.16763050142835,0.7064703019749541,0.7132999184822193,0.03653057758249833,0.03151746349178261,,,30207.903847059053,0.006133993243987772,1000000.0,0.9639400193637792
2-2,7,1.0,100.0,0.016598628694748,0.0037127003753387165,0.003600729709424381,4.609795800918777,4.609795800918777,4.470769794676382,0.856656804734,False,36.045928065268164,0.5983129759129824,0.12793555991646827,0.17954164435643405,False,19.612996538931075,12.200125209534965,30.44808500388509,158180.7,81562.46333333333,45895.80333333334,28021.256666666664,19879.26,15469.363333333333,14001.980000000001,13248.019999999999,12867.733333333332,12661.913333333332,12684.42,12420.416666666666,12570.93,12493.44,12685.65,12796.04,12523.493333333334,12528.413333333332,2025449.1878148213,1800116.1186960118,1498209.9044704915,1153349.286342273,795759.5537136496,469860.65092134447,250266.58776753323,128240.86782421067,65170.46704506795,37955.75936309432,24238.344615153426,18199.220473876794,15239.273330397991,13719.00640162198,13256.77592093657,13055.563418985565,12642.71679191295,12584.352196665259,1.3592727336015175e-07,1.344291244791986e-07,1.3281180662263012e-07,1.315538026889767e-07,1.2815119607441583e-07,1.2933090789965094e-07,1.2843774575639256e-07,1.2894638839607536e-07,1.3217223350116515e-07,1.3053581198698675e-07,1.3146800116077204e-07,1.2798718477857593e-07,1.2755050354732963e-07,1.286206334188559e-07,1.273887720371965e-07,1.2819193618432379e-07,1.3024963923666893e-07,1.2952353504380367e-07,1.25311815130663e-07,1.283382004424708e-07,1.287432815522053e-07,1.2835763053690075e-07,1.249497881438602e-07,1.250729075742215e-07,1.212518774254727e-07,1.1562548405892874e-07,1.0607518169412623e-07,8.698950528649094e-08,6.266811528732974e-08,4.06398082672927e-08,2.2333645971853803e-08,1.1490127073258766e-08,5.488139060404562e-09,2.5482477084485422e-09,1.2282812882810314e-09,5.757467060563602e-10,0.921903397551703,0.9546904433073925,0.9693662395393425,0.975704448774982,0.9750185091624378,0.9670766996491414,0.9440517404864043,0.8966942424457073,0.8025526911686118,0.6664033720889023,0.4766796082241563,0.3175302928773811,0.17509649394340923,0.08933346670623922,0.04308181147081054,0.01987837756646787,0.009430208755121341,0.0044451126651357045,0.2538127141800024,0.2310236632609313,0.1928844595555471,0.14804118157631962,0.09942998764997325,0.05876683776544887,0.030345293623680242,0.014827912418311459,0.006912969132896648,0.003301752729768672,0.0015189713747164632,0.0007396128306725407,0.0003403485354294222,0.00015763312687348702,7.275502974672265e-05,3.326880956493458e-05,1.5528812468543064e-05,7.245399325083143e-06,0.9970045149533343,0.9932917429494701,0.9858660502231302,0.9766463753053358,0.9699753346848734,0.9731339464107602,0.9652824856480908,0.9103701398443071,0.8097292584443618,0.6630666875471594,0.4850684583064293,0.3201957924671692,0.1789758653930118,0.08381350207603333,0.05305060718410992,0.034509100628687506,-0.00020156027847306746,-0.017556890133648237,69522.78467101124,1221382.7092749411,3.6842516313958547e-07,2.1245732664859732e-07,95.39239088603249,0.691233738894017,0.6973108854162403,0.03323379543275494,0.03072295189534189,,,35030.87998218647,0.0055973430041507885,1000000.0,0.9309997141461177
2-2,7,1.0,500.0,0.02358236324565285,0.005006273615827749,0.0020955577646290494,11.253501880835694,11.253501880835694,4.710562197618454,0.866710059172,False,36.24817731934742,0.8548176845376858,0.2954045679706318,0.30675628643782915,False,19.612996538931075,12.200125209534965,30.44808500388509,158180.7,81562.46333333333,45895.80333333334,28021.256666666664,19879.26,15469.363333333333,14001.980000000001,13248.019999999999,12867.733333333332,12661.913333333332,12684.42,12420.416666666666,12570.93,12493.44,12685.65,12796.04,12523.493333333334,12528.413333333332,2025449.1878148213,1800116.1186960118,1498209.9044704915,1153349.286342273,795759.5537136496,469860.65092134447,250266.58776753323,128240.86782421067,65170.46704506795,37955.75936309432,24238.344615153426,18199.220473876794,15239.273330397991,13719.00640162198,13256.77592093657,13055.563418985565,12642.71679191295,12584.352196665259,1.3592727336015175e-07,1.344291244791986e-07,1.3281180662263012e-07,1.315538026889767e-07,1.2815119607441583e-07,1.2933090789965094e-07,1.2843774575639256e-07,1.2894638839607536e-07,1.3217223350116515e-07,1.3053581198698675e-07,1.3146800116077204e-07,1.2798718477857593e-07,1.2755050354732963e-07,1.286206334188559e-07,1.273887720371965e-07,1.2819193618432379e-07,1.3024963923666893e-07,1.2952353504380367e-07,1.25311815130663e-07,1.283382004424708e-07,1.287432815522053e-07,1.2835763053690075e-07,1.249497881438602e-07,1.250729075742215e-07,1.212518774254727e-07,1.1562548405892874e-07,1.0607518169412623e-07,8.698950528649094e-08,6.266811528732974e-08,4.06398082672927e-08,2.2333645971853803e-08,1.1490127073258766e-08,5.488139060404562e-09,2.5482477084485422e-09,1.2282812882810314e-09,5.757467060563602e-10,0.921903397551703,0.9546904433073925,0.9693662395393425,0.975704448774982,0.9750185091624378,0.9670766996491414,0.9440517404864043,0.8966942424457073,0.8025526911686118,0.6664033720889023,0.4766796082241563,0.3175302928773811,0.17509649394340923,0.08933346670623922,0.04308181147081054,0.01987837756646787,0.009430208755121341,0.0044451126651357045,0.2538127141800024,0.2310236632609313,0.1928844595555471,0.14804118157631962,0.09942998764997325,0.05876683776544887,0.030345293623680242,0.014827912418311459,0.006912969132896648,0.003301752729768672,0.0015189713747164632,0.0007396128306725407,0.0003403485354294222,0.00015763312687348702,7.275502974672265e-05,3.326880956493458e-05,1.5528812468543064e-05,7.245399325083143e-06,0.9970045149533343,0.9932917429494701,0.9858660502231302,0.9766463753053358,0.9699753346848734,0.9731339464107602,0.9652824856480908,0.9103701398443071,0.8097292584443618,0.6630666875471594,0.4850684583064293,0.3201957924671692,0.1789758653930118,0.08381350207603333,0.05305060718410992,0.034509100628687506,-0.00020156027847306746,-0.017556890133648237,69522.78467101124,1221382.7092749411,3.6842516313958547e-07,2.1245732664859732e-07,95.39239088603249,0.691233738894017,0.6973108854162403,0.03323379543275494,0.03072295189534189,,,35030.87998218647,0.0055973430041507885,1000000.0,0.9309997141461177
2-2,7,1.0,1000.0,0.025162480432619715,0.00497965047821041,0.00559191301544175,4.499798255647925,4.499798255647925,5.053061563803294,0.876763313609,False,36.45458391608402,0.9172877544677576,0.3251344727547719,0.4807348467781628,True,19.612996538931075,12.200125209534965,30.44808500388509,158180.7,81562.46333333333,45895.80333333334,28021.256666666664,19879.26,15469.363333333333,14001.980000000001,13248.019999999999,12867.733333333332,12661.913333333332,12684.42,12420.416666666666,12570.93,12493.44,12685.65,12796.04,12523.493333333334,12528.413333333332,2025449.1878148213,1800116.1186960118,1498209.9044704915,1153349.286342273,795759.5537136496,469860.65092134447,250266.58776753323,128240.86782421067,65170.46704506795,37955.75936309432,24238.344615153426,18199.220473876794,15239.273330397991,13719.00640162198,13256.77592093657,13055.563418985565,12642.71679191295,12584.352196665259,1.3592727336015175e-07,1.344291244791986e-07,1.3281180662263012e-07,1.315538026889767e-07,1.2815119607441583e-07,1.2933090789965094e-07,1.2843774575639256e-07,1.2894638839607536e-07,1.3217223350116515e-07,1.3053581198698675e-07,1.3146800116077204e-07,1.2798718477857593e-07,1.2755050354732963e-07,1.286206334188559e-07,1.273887720371965e-07,1.2819193618432379e-07,1.3024963923666893e-07,1.2952353504380367e-07,1.25311815130663e-07,1.283382004424708e-07,1.287432815522053e-07,1.2835763053690075e-07,1.249497881438602e-07,1.250729075742215e-07,1.212518774254727e-07,1.1562548405892874e-07,1.0607518169412623e-07,8.698950528649094e-08,6.266811528732974e-08,4.06398082672927e-08,2.2333645971853803e-08,1.1490127073258766e-08,5.488139060404562e-09,2.5482477084485422e-09,1.2282812882810314e-09,5.757467060563602e-10,0.921903397551703,0.9546904433073925,0.9693662395393425,0.975704448774982,0.9750185091624378,0.9670766996491414,0.9440517404864043,0.8966942424457073,0.8025526911686118,0.6664033720889023,0.4766796082241563,0.3175302928773811,0.17509649394340923,0.08933346670623922,0.04308181147081054,0.01987837756646787,0.009430208755121341,0.0044451126651357045,0.2538127141800024,0.2310236632609313,0.1928844595555471,0.14804118157631962,0.09942998764997325,0.05876683776544887,0.030345293623680242,0.014827912418311459,0.006912969132896648,0.003301752729768672,0.0015189713747164632,0.0007396128306725407,0.0003403485354294222,0.00015763312687348702,7.275502974672265e-05,3.326880956493458e-05,1.5528812468543064e-05,7.245399325083143e-06,0.9970045149533343,0.9932917429494701,0.9858660502231302,0.9766463753053358,0.9699753346848734,0.9731339464107602,0.9652824856480908,0.9103701398443071,0.8097292584443618,0.6630666875471594,0.4850684583064293,0.3201957924671692,0.1789758653930118,0.08381350207603333,0.05305060718410992,0.034509100628687506,-0.00020156027847306746,-0.017556890133648237,69522.78467101124,1221382.7092749411,3.6842516313958547e-07,2.1245732664859732e-07,95.39239088603249,0.691233738894017,0.6973108854162403,0.03323379543275494,0.03072295189534189,,,35030.87998218647,0.0055973430041507885,1000000.0,0.9309997141461177
2-2,7,1.0,5000.0,0.0490440006381724,0.0037991529997310684,0.004848907196704707,10.114444069274509,10.114444069274509,12.90919334958189,0.856656804734,False,36.045928065268164,1.7678365190365284,0.5847956896641554,0.38103930645600737,True,19.612996538931075,12.200125209534965,30.44808500388509,158180.7,81562.46333333333,45895.80333333334,28021.256666666664,19879.26,15469.363333333333,14001.980000000001,13248.019999999999,12867.733333333332,12661.913333333332,12684.42,12420.416666666666,12570.93,12493.44,12685.65,12796.04,12523.493333333334,12528.413333333332,2025449.1878148213,1800116.1186960118,1498209.9044704915,1153349.286342273,795759.5537136496,469860.65092134447,250266.58776753323,128240.86782421067,65170.46704506795,37955.75936309432,24238.344615153426,18199.220473876794,15239.273330397991,13719.00640162198,13256.77592093657,13055.563418985565,12642.71679191295,12584.352196665259,1.3592727336015175e-07,1.344291244791986e-07,1.3281180662263012e-07,1.315538026889767e-07,1.2815119607441583e-07,1.2933090789965094e-07,1.2843774575639256e-07,1.2894638839607536e-07,1.3217223350116515e-07,1.3053581198698675e-07,1.3146800116077204e-07,1.2798718477857593e-07,1.2755050354732963e-07,1.286206334188559e-07,1.273887720371965e-07,1.2819193618432379e-07,1.3024963923666893e-07,1.2952353504380367e-07,1.25311815130663e-07,1.283382004424708e-07,1.287432815522053e-07,1.2835763053690075e-07,1.249497881438602e-07,1.250729075742215e-07,1.212518774254727e-07,1.1562548405892874e-07,1.0607518169412623e-07,8.698950528649094e-08,6.266811528732974e-08,4.06398082672927e-08,2.2333645971853803e-08,1.1490127073258766e-08,5.488139060404562e-09,2.5482477084485422e-09,1.2282812882810314e-09,5.757467060563602e-10,0.921903397551703,0.9546904433073925,0.9693662395393425,0.975704448774982,0.9750185091624378,0.9670766996491414,0.9440517404864043,0.8966942424457073,0.8025526911686118,0.6664033720889023,0.4766796082241563,0.3175302928773811,0.17509649394340923,0.08933346670623922,0.04308181147081054,0.01987837756646787,0.009430208755121341,0.0044451126651357045,0.2538127141800024,0.2310236632609313,0.1928844595555471,0.14804118157631962,0.09942998764997325,0.05876683776544887,0.030345293623680242,0.014827912418311459,0.006912969132896648,0.003301752729768672,0.0015189713747164632,0.0007396128306725407,0.0003403485354294222,0.00015763312687348702,7.275502974672265e-05,3.326880956493458e-05,1.5528812468543064e-05,7.245399325083143e-06,0.9970045149533343,0.9932917429494701,0.9858660502231302,0.9766463753053358,0.9699753346848734,0.9731339464107602,0.9652824856480908,0.9103701398443071,0.8097292584443618,0.6630666875471594,0.4850684583064293,0.3201957924671692,0.1789758653930118,0.08381350207603333,0.05305060718410992,0.034509100628687506,-0.00020156027847306746,-0.017556890133648237,69522.78467101124,1221382.7092749411,3.6842516313958547e-07,2.1245732664859732e-07,95.39239088603249,0.691233738894017,0.6973108854162403,0.03323379543275494,0.03072295189534189,,,35030.87998218647,0.0055973430041507885,1000000.0,0.9309997141461177
2-2,3,7.0,100.0,0.007535411196854518,0.004182835824724293,0.0024884877071031427,3.0281086683070324,3.0281086683070324,1.8015077599540272,0.876763313609,False,30.070179261849347,0.2265911655011621,0.039004023488507886,0.1554428873639695,False,16.11122710865765,10.054391838970282,25.015108997669067,249750.66666666666,131030.8,68158.98999999999,39489.80333333334,25139.39333333333,18133.600000000002,15111.416666666666,13529.200000000003,12818.75,12631.279999999999,12530.893333333333,12633.023333333333,12325.340000000002,12582.62,12597.953333333333,12613.480000000001,12516.706666666667,12412.159999999998,2079372.6933922719,1889209.675858611,1747402.301698933,1434588.267380044,1047837.7644603396,698150.1156664975,388067.89721406816,210148.05480395077,112379.00314044229,57231.45872476106,33044.64169515626,22134.935664617453,16777.332437581044,14587.823195226749,13557.872577491202,13036.480890803254,12724.285841397834,12509.448698749407,1.0928302745104763e-07,1.0485806997113677e-07,1.0135263932664977e-07,9.952721756182931e-08,9.925878458710105e-08,9.764540207317939e-08,9.840225855727878e-08,9.758238880444224e-08,9.598151804682825e-08,9.842259193602487e-08,9.926738997050783e-08,9.896790692556764e-08,9.972638412422808e-08,1.0019714581134172e-07,9.860208594072378e-08,1.0113434734248767e-07,9.873774486969197e-08,9.867307537137561e-08,9.615718952503139e-08,9.758537971851585e-08,9.739928895986689e-08,9.678753932996398e-08,9.687739911679509e-08,9.510918153364136e-08,9.457046123347223e-08,9.130009579989979e-08,8.503318205807446e-08,7.670021503403962e-08,6.162409861107478e-08,4.248417024860064e-08,2.64631525661286e-08,1.3772831919106615e-08,6.9811867066627386e-09,3.281554230394905e-09,1.6107701328262286e-09,7.674019323843616e-10,0.8798913405661659,0.9306425318087315,0.9609941054022125,0.9724730752151958,0.9760083152316229,0.9740262164352881,0.9610598640723667,0.9356206270259246,0.8859328732078167,0.7792948095077104,0.6207889482072931,0.42927219104019637,0.2653575861445426,0.13745732782687323,0.07080161276567305,0.03244747523096229,0.016313620844308572,0.00777721713340841,0.19994663417169567,0.18435924358655684,0.1701957417123109,0.1388502683513509,0.10151179731727464,0.06640048608865763,0.03669976002943812,0.0191865375357633,0.00955594423354615,0.004389665190900937,0.002036346258389942,0.00094038437521743,0.00044398110794836534,0.00020091563693350282,9.465003980860885e-05,4.2779919016677766e-05,2.049589959486729e-05,9.599775104483333e-06,0.9577407959729877,0.9607509905153471,0.9667712323548692,0.9746716481924569,0.9836070591315895,0.9777194469164385,0.9611574576101631,0.9416413767743883,0.8817991957425395,0.7788726864850037,0.6351947134888789,0.4479517216343609,0.27317655306007893,0.14898063935166306,0.09115589809404234,0.05303398406724469,-0.0054745059615566305,-0.034728750241333685,92487.43617770368,1459469.7207996303,2.8227364026743823e-07,1.726737950121674e-07,127.3843376314226,0.7585957145414179,0.7645689123159379,0.05295945076024511,0.05059345306201195,,,20828.26232859514,0.007324549778417848,1000000.0,0.9958401565645761
2-2,3,7.0,500.0,0.016676815190372098,0.005770258915452315,0.001981721944572134,8.415315395809841,8.415315395809841,2.8901329099311046,0.675698224852,False,26.671413550893625,0.44479423465423906,0.15663987304401752,0.28691009537684053,False,16.11122710865765,10.054391838970282,25.015108997669067,249750.66666666666,131030.8,68158.98999999999,39489.80333333334,25139.39333333333,18133.600000000002,15111.416666666666,13529.200000000003,12818.75,12631.279999999999,12530.893333333333,12633.023333333333,12325.340000000002,12582.62,12597.953333333333,12613.480000000001,12516.706666666667,12412.159999999998,2079372.6933922719,1889209.675858611,1747402.301698933,1434588.267380044,1047837.7644603396,698150.1156664975,388067.89721406816,210148.05480395077,112379.00314044229,57231.45872476106,33044.64169515626,22134.935664617453,16777.332437581044,14587.823195226749,13557.872577491202,13036.480890803254,12724.285841397834,12509.448698749407,1.0928302745104763e-07,1.0485806997113677e-07,1.0135263932664977e-07,9.952721756182931e-08,9.925878458710105e-08,9.764540207317939e-08,9.840225855727878e-08,9.758238880444224e-08,9.598151804682825e-08,9.842259193602487e-08,9.926738997050783e-08,9.896790692556764e-08,9.972638412422808e-08,1.0019714581134172e-07,9.860208594072378e-08,1.0113434734248767e-07,9.873774486969197e-08,9.867307537137561e-08,9.615718952503139e-08,9.758537971851585e-08,9.739928895986689e-08,9.678753932996398e-08,9.687739911679509e-08,9.510918153364136e-08,9.457046123347223e-08,9.130009579989979e-08,8.503318205807446e-08,7.670021503403962e-08,6.162409861107478e-08,4.248417024860064e-08,2.64631525661286e-08,1.3772831919106615e-08,6.9811867066627386e-09,3.281554230394905e-09,1.6107701328262286e-09,7.674019323843616e-10,0.8798913405661659,0.9306425318087315,0.9609941054022125,0.9724730752151958,0.9760083152316229,0.9740262164352881,0.9610598640723667,0.9356206270259246,0.8859328732078167,0.7792948095077104,0.6207889482072931,0.42927219104019637,0.2653575861445426,0.13745732782687323,0.07080161276567305,0.03244747523096229,0.016313620844308572,0.00777721713340841,0.19994663417169567,0.18435924358655684,0.1701957417123109,0.1388502683513509,0.10151179731727464,0.06640048608865763,0.03669976002943812,0.0191865375357633,0.00955594423354615,0.004389665190900937,0.002036346258389942,0.00094038437521743,0.00044398110794836534,0.00020091563693350282,9.465003980860885e-05,4.2779919016677766e-05,2.049589959486729e-05,9.599775104483333e-06,0.9577407959729877,0.9607509905153471,0.9667712323548692,0.9746716481924569,0.9836070591315895,0.9777194469164385,0.9611574576101631,0.9416413767743883,0.8817991957425395,0.7788726864850037,0.6351947134888789,0.4479517216343609,0.27317655306007893,0.14898063935166306,0.09115589809404234,0.05303398406724469,-0.0054745059615566305,-0.034728750241333685,92487.43617770368,1459469.7207996303,2.8227364026743823e-07,1.726737950121674e-07,127.3843376314226,0.7585957145414179,0.7645689123159379,0.05295945076024511,0.05059345306201195,,,20828.26232859514,0.007324549778417848,1000000.0,0.9958401565645761
2-2,3,7.0,1000.0,0.022848765661770756,0.005317914707239699,0.005122160118541365,4.460767553724461,4.460767553724461,4.296564898016307,0.776230769231,False,28.43748835275843,0.6497615073815126,0.2444616524692905,0.3668207019719889,False,16.11122710865765,10.054391838970282,25.015108997669067,249750.66666666666,131030.8,68158.98999999999,39489.80333333334,25139.39333333333,18133.600000000002,15111.416666666666,13529.200000000003,12818.75,12631.279999999999,12530.893333333333,12633.023333333333,12325.340000000002,12582.62,12597.953333333333,12613.480000000001,12516.706666666667,12412.159999999998,2079372.6933922719,1889209.675858611,1747402.301698933,1434588.267380044,1047837.7644603396,698150.1156664975,388067.89721406816,210148.05480395077,112379.00314044229,57231.45872476106,33044.64169515626,22134.935664617453,16777.332437581044,14587.823195226749,13557.872577491202,13036.480890803254,12724.285841397834,12509.448698749407,1.0928302745104763e-07,1.0485806997113677e-07,1.0135263932664977e-07,9.952721756182931e-08,9.925878458710105e-08,9.764540207317939e-08,9.840225855727878e-08,9.758238880444224e-08,9.598151804682825e-08,9.842259193602487e-08,9.926738997050783e-08,9.896790692556764e-08,9.972638412422808e-08,1.0019714581134172e-07,9.860208594072378e-08,1.0113434734248767e-07,9.873774486969197e-08,9.867307537137561e-08,9.615718952503139e-08,9.758537971851585e-08,9.739928895986689e-08,9.678753932996398e-08,9.687739911679509e-08,9.510918153364136e-08,9.457046123347223e-08,9.130009579989979e-08,8.503318205807446e-08,7.670021503403962e-08,6.162409861107478e-08,4.248417024860064e-08,2.64631525661286e-08,1.3772831919106615e-08,6.9811867066627386e-09,3.281554230394905e-09,1.6107701328262286e-09,7.674019323843616e-10,0.8798913405661659,0.9306425318087315,0.9609941054022125,0.9724730752151958,0.9760083152316229,0.9740262164352881,0.9610598640723667,0.9356206270259246,0.8859328732078167,0.7792948095077104,0.6207889482072931,0.42927219104019637,0.2653575861445426,0.13745732782687323,0.07080161276567305,0.03244747523096229,0.016313620844308572,0.00777721713340841,0.19994663417169567,0.18435924358655684,0.1701957417123109,0.1388502683513509,0.10151179731727464,0.06640048608865763,0.03669976002943812,0.0191865375357633,0.00955594423354615,0.004389665190900937,0.002036346258389942,0.00094038437521743,0.00044398110794836534,0.00020091563693350282,9.465003980860885e-05,4.2779919016677766e-05,2.049589959486729e-05,9.599775104483333e-06,0.9577407959729877,0.9607509905153471,0.9667712323548692,0.9746716481924569,0.9836070591315895,0.9777194469164385,0.9611574576101631,0.9416413767743883,0.8817991957425395,0.7788726864850037,0.6351947134888789,0.4479517216343609,0.27317655306007893,0.14898063935166306,0.09115589809404234,0.05303398406724469,-0.0054745059615566305,-0.034728750241333685,92487.43617770368,1459469.7207996303,2.8227364026743823e-07,1.726737950121674e-07,127.3843376314226,0.7585957145414179,0.7645689123159379,0.05295945076024511,0.05059345306201195,,,20828.26232859514,0.007324549778417848,1000000.0,0.9958401565645761
2-2,3,7.0,5000.0,0.03078528496418234,0.004239426342912565,0.004425646830596215,6.956109726458902,6.956109726458902,7.261662893530136,0.866710059172,False,29.910804809634897,0.9208126495726461,0.2978662997923986,0.3185001787265903,False,16.11122710865765,10.054391838970282,25.015108997669067,249750.66666666666,131030.8,68158.98999999999,39489.80333333334,25139.39333333333,18133.600000000002,15111.416666666666,13529.200000000003,12818.75,12631.279999999999,12530.893333333333,12633.023333333333,12325.340000000002,12582.62,12597.953333333333,12613.480000000001,12516.706666666667,12412.159999999998,2079372.6933922719,1889209.675858611,1747402.301698933,1434588.267380044,1047837.7644603396,698150.1156664975,388067.89721406816,210148.05480395077,112379.00314044229,57231.45872476106,33044.64169515626,22134.935664617453,16777.332437581044,14587.823195226749,13557.872577491202,13036.480890803254,12724.285841397834,12509.448698749407,1.0928302745104763e-07,1.0485806997113677e-07,1.0135263932664977e-07,9.952721756182931e-08,9.925878458710105e-08,9.764540207317939e-08,9.840225855727878e-08,9.758238880444224e-08,9.598151804682825e-08,9.842259193602487e-08,9.926738997050783e-08,9.896790692556764e-08,9.972638412422808e-08,1.0019714581134172e-07,9.860208594072378e-08,1.0113434734248767e-07,9.873774486969197e-08,9.867307537137561e-08,9.615718952503139e-08,9.758537971851585e-08,9.739928895986689e-08,9.678753932996398e-08,9.687739911679509e-08,9.510918153364136e-08,9.457046123347223e-08,9.130009579989979e-08,8.503318205807446e-08,7.670021503403962e-08,6.162409861107478e-08,4.248417024860064e-08,2.64631525661286e-08,1.3772831919106615e-08,6.9811867066627386e-09,3.281554230394905e-09,1.6107701328262286e-09,7.674019323843616e-10,0.8798913405661659,0.9306425318087315,0.9609941054022125,0.9724730752151958,0.9760083152316229,0.9740262164352881,0.9610598640723667,0.9356206270259246,0.8859328732078167,0.7792948095077104,0.6207889482072931,0.42927219104019637,0.2653575861445426,0.13745732782687323,0.07080161276567305,0.03244747523096229,0.016313620844308572,0.00777721713340841,0.19994663417169567,0.18435924358655684,0.1701957417123109,0.1388502683513509,0.10151179731727464,0.06640048608865763,0.03669976002943812,0.0191865375357633,0.00955594423354615,0.004389665190900937,0.002036346258389942,0.00094038437521743,0.00044398110794836534,0.00020091563693350282,9.465003980860885e-05,4.2779919016677766e-05,2.049589959486729e-05,9.599775104483333e-06,0.9577407959729877,0.9607509905153471,0.9667712323548692,0.9746716481924569,0.9836070591315895,0.9777194469164385,0.9611574576101631,0.9416413767743883,0.8817991957425395,0.7788726864850037,0.6351947134888789,0.4479517216343609,0.27317655306007893,0.14898063935166306,0.09115589809404234,0.05303398406724469,-0.0054745059615566305,-0.034728750241333685,92487.43617770368,1459469.7207996303,2.8227364026743823e-07,1.726737950121674e-07,127.3843376314226,0.7585957145414179,0.7645689123159379,0.05295945076024511,0.05059345306201195,,,20828.26232859514,0.007324549778417848,1000000.0,0.9958401565645761
2-2,5,7.0,100.0,0.00671888838156517,0.006445683707005774,0.0016282202235322508,4.126523110608009,4.126523110608009,1.0423856780720486,0.96724260355,False,34.89282124320134,0.23444097125097585,0.0480377837210866,0.08063864867100834,True,17.899355151253218,11.13751715336399,27.764918912198986,194970.33333333334,104481.06666666665,55462.56,32450.36,21974.936666666665,16388.436666666665,14503.386666666667,13415.156666666668,12941.566666666668,12667.589999999998,12429.866666666667,12499.283333333335,12293.89,12359.576666666668,12276.436666666666,12272.78,12621.223333333333,12526.996666666666,1970270.4491797672,1797292.6544575968,1614045.1018231285,1316418.6411654819,855868.0390573044,548598.5547629179,304375.1514844479,157812.59371552707,83023.39375970795,47385.33117860708,27998.16242163677,19501.204770051518,15710.708273663347,13974.578054608495,13016.324271747295,12617.7392833702,12777.580449797955,12596.526762867192,1.2556441511538923e-07,1.1967321942179635e-07,1.1662417646034135e-07,1.1444580319205067e-07,1.175712470896045e-07,1.1610293997972053e-07,1.1393287739629304e-07,1.1435165858164312e-07,1.1385636507059284e-07,1.1139457701573558e-07,1.1441062548659512e-07,1.1590505329730532e-07,1.1398065118135452e-07,1.1265016628281509e-07,1.1377174248454354e-07,1.1353542382639716e-07,1.132949571549045e-07,1.1618328404037638e-07,1.1313904687213907e-07,1.127163192277115e-07,1.126166828797245e-07,1.1162465846047563e-07,1.145525332333647e-07,1.1263456467659246e-07,1.0850400921547904e-07,1.0463098053657408e-07,9.610859938360992e-08,8.161530155726147e-08,6.361769134212722e-08,4.1615791787012844e-08,2.478889971201087e-08,1.3018652455029063e-08,6.467133141070616e-09,3.1039711283228213e-09,1.3863714558732304e-09,6.413065338005544e-10,0.9010438727259494,0.941867527023195,0.9656375401546382,0.9753495134562434,0.9743243868635744,0.970126722857028,0.9523502933930934,0.9149931171472359,0.8441214448047855,0.7326685350735924,0.556047054821678,0.3590507109320347,0.21748340139388458,0.1155670948797798,0.05684305258794123,0.027339230556526473,0.012236832871366815,0.005519783152089981,0.22291452070054016,0.20258421258546347,0.1817684053855879,0.14694478121110033,0.09804185198748656,0.061791159397929035,0.03302592424163136,0.016512086421475586,0.007979262090319472,0.003867368093532721,0.0017811784550864336,0.0008115580773063658,0.00038945117180050017,0.00018193017489862416,8.417830207273879e-05,3.9165098440285785e-05,1.771447281072372e-05,8.078234916220277e-06,0.9691706032849968,0.9711113351677021,0.9749926506674136,0.9868255498112983,0.9929091484680637,0.9805984088233117,0.9423984497168814,0.8978058841867878,0.8385355850536556,0.7223409509219625,0.5650382012875532,0.39729022952130144,0.2443330734390532,0.12479512284376426,0.0644521737395376,0.023340906426179586,-0.03588614814611368,-0.06549967630808826,79131.12391415611,1305308.1053430005,3.2606253909334287e-07,1.943153830580479e-07,111.53675201739595,0.7245739630318785,0.7312499923798411,0.04350119880954086,0.0222404757110559,,,27594.458815867114,0.0065954022232977355,1000000.0,0.9810411361669666
2-2,5,7.0,500.0,0.014140349768228432,0.004682051169994754,0.0016928186384389862,8.35313922421589,8.35313922421589,3.0201185879487675,0.957189349112,False,34.710413076923174,0.49081738150738374,0.13117489515087155,0.2821036505719504,True,17.899355151253218,11.13751715336399,27.764918912198986,194970.33333333334,104481.06666666665,55462.56,32450.36,21974.936666666665,16388.436666666665,14503.386666666667,13415.156666666668,12941.566666666668,12667.589999999998,12429.866666666667,12499.283333333335,12293.89,12359.576666666668,12276.436666666666,12272.78,12621.223333333333,12526.996666666666,1970270.4491797672,1797292.6544575968,1614045.1018231285,1316418.6411654819,855868.0390573044,548598.5547629179,304375.1514844479,157812.59371552707,83023.39375970795,47385.33117860708,27998.16242163677,19501.204770051518,15710.708273663347,13974.578054608495,13016.324271747295,12617.7392833702,12777.580449797955,12596.526762867192,1.2556441511538923e-07,1.1967321942179635e-07,1.1662417646034135e-07,1.1444580319205067e-07,1.175712470896045e-07,1.1610293997972053e-07,1.1393287739629304e-07,1.1435165858164312e-07,1.1385636507059284e-07,1.1139457701573558e-07,1.1441062548659512e-07,1.1590505329730532e-07,1.1398065118135452e-07,1.1265016628281509e-07,1.1377174248454354e-07,1.1353542382639716e-07,1.132949571549045e-07,1.1618328404037638e-07,1.1313904687213907e-07,1.127163192277115e-07,1.126166828797245e-07,1.1162465846047563e-07,1.145525332333647e-07,1.1263456467659246e-07,1.0850400921547904e-07,1.0463098053657408e-07,9.610859938360992e-08,8.161530155726147e-08,6.361769134212722e-08,4.1615791787012844e-08,2.478889971201087e-08,1.3018652455029063e-08,6.467133141070616e-09,3.1039711283228213e-09,1.3863714558732304e-09,6.413065338005544e-10,0.9010438727259494,0.941867527023195,0.9656375401546382,0.9753495134562434,0.9743243868635744,0.970126722857028,0.9523502933930934,0.9149931171472359,0.8441214448047855,0.7326685350735924,0.556047054821678,0.3590507109320347,0.21748340139388458,0.1155670948797798,0.05684305258794123,0.027339230556526473,0.012236832871366815,0.005519783152089981,0.22291452070054016,0.20258421258546347,0.1817684053855879,0.14694478121110033,0.09804185198748656,0.061791159397929035,0.03302592424163136,0.016512086421475586,0.007979262090319472,0.003867368093532721,0.0017811784550864336,0.0008115580773063658,0.00038945117180050017,0.00018193017489862416,8.417830207273879e-05,3.9165098440285785e-05,1.771447281072372e-05,8.078234916220277e-06,0.9691706032849968,0.9711113351677021,0.9749926506674136,0.9868255498112983,0.9929091484680637,0.9805984088233117,0.9423984497168814,0.8978058841867878,0.8385355850536556,0.7223409509219625,0.5650382012875532,0.39729022952130144,0.2443330734390532,0.12479512284376426,0.0644521737395376,0.023340906426179586,-0.03588614814611368,-0.06549967630808826,79131.12391415611,1305308.1053430005,3.2606253909334287e-07,1.943153830580479e-07,111.53675201739595,0.7245739630318785,0.7312499923798411,0.04350119880954086,0.0222404757110559,,,27594.458815867114,0.0065954022232977355,1000000.0,0.9810411361669666
2-2,5,7.0,1000.0,0.017622173007529773,0.006489993584933743,0.004861236268911011,3.6250394000037773,3.6250394000037773,2.7152835787756295,0.846603550296,False,32.84476407925417,0.5787961149961163,0.18641154492113057,0.3034073506621401,False,17.899355151253218,11.13751715336399,27.764918912198986,194970.33333333334,104481.06666666665,55462.56,32450.36,21974.936666666665,16388.436666666665,14503.386666666667,13415.156666666668,12941.566666666668,12667.589999999998,12429.866666666667,12499.283333333335,12293.89,12359.576666666668,12276.436666666666,12272.78,12621.223333333333,12526.996666666666,1970270.4491797672,1797292.6544575968,1614045.1018231285,1316418.6411654819,855868.0390573044,548598.5547629179,304375.1514844479,157812.59371552707,83023.39375970795,47385.33117860708,27998.16242163677,19501.204770051518,15710.708273663347,13974.578054608495,13016.324271747295,12617.7392833702,12777.580449797955,12596.526762867192,1.2556441511538923e-07,1.1967321942179635e-07,1.1662417646034135e-07,1.1444580319205067e-07,1.175712470896045e-07,1.1610293997972053e-07,1.1393287739629304e-07,1.1435165858164312e-07,1.1385636507059284e-07,1.1139457701573558e-07,1.1441062548659512e-07,1.1590505329730532e-07,1.1398065118135452e-07,1.1265016628281509e-07,1.1377174248454354e-07,1.1353542382639716e-07,1.132949571549045e-07,1.1618328404037638e-07,1.1313904687213907e-07,1.127163192277115e-07,1.126166828797245e-07,1.1162465846047563e-07,1.145525332333647e-07,1.1263456467659246e-07,1.0850400921547904e-07,1.0463098053657408e-07,9.610859938360992e-08,8.161530155726147e-08,6.361769134212722e-08,4.1615791787012844e-08,2.478889971201087e-08,1.3018652455029063e-08,6.467133141070616e-09,3.1039711283228213e-09,1.3863714558732304e-09,6.413065338005544e-10,0.9010438727259494,0.941867527023195,0.9656375401546382,0.9753495134562434,0.9743243868635744,0.970126722857028,0.9523502933930934,0.9149931171472359,0.8441214448047855,0.7326685350735924,0.556047054821678,0.3590507109320347,0.21748340139388458,0.1155670948797798,0.05684305258794123,0.027339230556526473,0.012236832871366815,0.005519783152089981,0.22291452070054016,0.20258421258546347,0.1817684053855879,0.14694478121110033,0.09804185198748656,0.061791159397929035,0.03302592424163136,0.016512086421475586,0.007979262090319472,0.003867368093532721,0.0017811784550864336,0.0008115580773063658,0.00038945117180050017,0.00018193017489862416,8.417830207273879e-05,3.9165098440285785e-05,1.771447281072372e-05,8.078234916220277e-06,0.9691706032849968,0.9711113351677021,0.9749926506674136,0.9868255498112983,0.9929091484680637,0.9805984088233117,0.9423984497168814,0.8978058841867878,0.8385355850536556,0.7223409509219625,0.5650382012875532,0.39729022952130144,0.2443330734390532,0.12479512284376426,0.0644521737395376,0.023340906426179586,-0.03588614814611368,-0.06549967630808826,79131.12391415611,1305308.1053430005,3.2606253909334287e-07,1.943153830580479e-07,111.53675201739595,0.7245739630318785,0.7312499923798411,0.04350119880954086,0.0222404757110559,,,27594.458815867114,0.0065954022232977355,1000000.0,0.9810411361669666
2-2,5,7.0,5000.0,0.032040418912401246,0.006599936737869175,0.00550764124468362,5.817448430093193,5.817448430093193,4.854655458825756,0.796337278107,False,31.91428216006225,1.0225469696969682,0.3435244511997442,0.35169080153182863,True,17.899355151253218,11.13751715336399,27.764918912198986,194970.33333333334,104481.06666666665,55462.56,32450.36,21974.936666666665,16388.436666666665,14503.386666666667,13415.156666666668,12941.566666666668,12667.589999999998,12429.866666666667,12499.283333333335,12293.89,12359.576666666668,12276.436666666666,12272.78,12621.223333333333,12526.996666666666,1970270.4491797672,1797292.6544575968,1614045.1018231285,1316418.6411654819,855868.0390573044,548598.5547629179,304375.1514844479,157812.59371552707,83023.39375970795,47385.33117860708,27998.16242163677,19501.204770051518,15710.708273663347,13974.578054608495,13016.324271747295,12617.7392833702,12777.580449797955,12596.526762867192,1.2556441511538923e-07,1.1967321942179635e-07,1.1662417646034135e-07,1.1444580319205067e-07,1.175712470896045e-07,1.1610293997972053e-07,1.1393287739629304e-07,1.1435165858164312e-07,1.1385636507059284e-07,1.1139457701573558e-07,1.1441062548659512e-07,1.1590505329730532e-07,1.1398065118135452e-07,1.1265016628281509e-07,1.1377174248454354e-07,1.1353542382639716e-07,1.132949571549045e-07,1.1618328404037638e-07,1.1313904687213907e-07,1.127163192277115e-07,1.126166828797245e-07,1.1162465846047563e-07,1.145525332333647e-07,1.1263456467659246e-07,1.0850400921547904e-07,1.0463098053657408e-07,9.610859938360992e-08,8.161530155726147e-08,6.361769134212722e-08,4.1615791787012844e-08,2.478889971201087e-08,1.3018652455029063e-08,6.467133141070616e-09,3.1039711283228213e-09,1.3863714558732304e-09,6.413065338005544e-10,0.9010438727259494,0.941867527023195,0.9656375401546382,0.9753495134562434,0.9743243868635744,0.970126722857028,0.9523502933930934,0.9149931171472359,0.8441214448047855,0.7326685350735924,0.556047054821678,0.3590507109320347,0.21748340139388458,0.1155670948797798,0.05684305258794123,0.027339230556526473,0.012236832871366815,0.005519783152089981,0.22291452070054016,0.20258421258546347,0.1817684053855879,0.14694478121110033,0.09804185198748656,0.061791159397929035,0.03302592424163136,0.016512086421475586,0.007979262090319472,0.003867368093532721,0.0017811784550864336,0.0008115580773063658,0.00038945117180050017,0.00018193017489862416,8.417830207273879e-05,3.9165098440285785e-05,1.771447281072372e-05,8.078234916220277e-06,0.9691706032849968,0.9711113351677021,0.9749926506674136,0.9868255498112983,0.9929091484680637,0.9805984088233117,0.9423984497168814,0.8978058841867878,0.8385355850536556,0.7223409509219625,0.5650382012875532,0.39729022952130144,0.2443330734390532,0.12479512284376426,0.0644521737395376,0.023340906426179586,-0.03588614814611368,-0.06549967630808826,79131.12391415611,1305308.1053430005,3.2606253909334287e-07,1.943153830580479e-07,111.53675201739595,0.7245739630318785,0.7312499923798411,0.04350119880954086,0.0222404757110559,,,27594.458815867114,0.0065954022232977355,1000000.0,0.9810411361669666
2-2,6,7.0,100.0,0.0069476511288380305,0.0035726026331406235,0.0017415220097526372,3.9894133349625958,3.9894133349625958,1.9447030196947626,0.916976331361,False,35.84530644133653,0.24904068376069688,0.05918689573667408,0.21866860888287964,False,18.821332682682627,11.700944146455203,29.058256363636445,176334.46666666667,91215.46666666667,49590.85333333333,29722.923333333336,20629.25,16316.543333333333,14424.453333333333,13227.506666666666,12832.906666666668,12932.323333333334,12593.25,12740.966666666667,12510.769999999999,12800.626666666665,12361.263333333334,12297.226666666667,12313.573333333334,12635.626666666669,1912160.7681620447,1864069.7101034638,1571625.7405259933,1233639.3038508992,846542.3478677256,522965.47006220114,275542.561797849,143104.3797213047,75225.82363464205,41864.84100675044,26226.425582951186,19115.841518864312,15346.295157535145,14137.984146964685,12990.107948115165,12596.71508807595,12449.179769184104,12698.89567748575,1.3352574175906573e-07,1.2515532351838818e-07,1.2480740547714753e-07,1.2349314649082301e-07,1.219301857473635e-07,1.1925755501543148e-07,1.203700826702922e-07,1.2142697570062932e-07,1.2117786221854782e-07,1.2076897710289937e-07,1.2146543367643447e-07,1.2031409889768397e-07,1.2403034833537462e-07,1.2164120498449043e-07,1.2298449075482665e-07,1.2172875245705143e-07,1.2316517557700647e-07,1.2127174563792842e-07,1.2121234695911518e-07,1.1903103472238936e-07,1.208692504951226e-07,1.2051774086465592e-07,1.1895888928397402e-07,1.1553671458593771e-07,1.1406879611449355e-07,1.1020316736072199e-07,1.0050591579401311e-07,8.346264981316261e-08,6.314087977153167e-08,4.0123126291394007e-08,2.291700826763517e-08,1.15064335698381e-08,5.953617554354526e-09,2.894115780072936e-09,1.3416137280204951e-09,6.042055609936416e-10,0.9077826145151184,0.9510664938267763,0.9684461433440662,0.9759063096963994,0.9756311659399425,0.9687999604803876,0.9476507250305825,0.9075674225175555,0.8294082265021951,0.6910934564101635,0.5198259114583118,0.33348648794282226,0.18476936149262604,0.09459322251292394,0.04840949877349368,0.023775120681484373,0.010892800840296608,0.004982245104293056,0.231777494472066,0.22188214638827966,0.18996122531621884,0.1486754219419572,0.10070373743419218,0.06042171225287728,0.03143080830258408,0.015770555908479252,0.007560640295758613,0.0034941505644301416,0.0016559595845701432,0.0007669873234276657,0.00035169117300280246,0.0001626777753984733,7.733813471285869e-05,3.645635191348344e-05,1.6701990480932415e-05,7.672743386815008e-06,0.9638393488818644,0.9646615028071395,0.9663056639459846,0.9734815881393128,0.9747342423097187,0.9711236473718827,0.9587078920766654,0.9180989418400305,0.8238240592419501,0.6848984248390142,0.5193049566739738,0.3508951643517957,0.21811193763494252,0.1304591694670325,0.07975093022604796,0.029723408015478014,-0.02699379431864557,-0.055352395930999866,73832.4859374074,1274978.6559860238,3.4685260947500533e-07,2.0198986481815707e-07,104.16763050142835,0.7064703019749541,0.7132999184822193,0.03653057758249833,0.03151746349178261,,,30207.903847059053,0.006133993243987772,1000000.0,0.9530780502498157
2-2,6,7.0,500.0,0.010321288752938727,0.00853606006540988,0.0016524393596312231,6.246092295478935,6.246092295478935,1.2091396585601608,0.806390532544,False,33.74575574203583,0.3482996891996919,0.11203220458869535,0.2631675772471037,False,18.821332682682627,11.700944146455203,29.058256363636445,176334.46666666667,91215.46666666667,49590.85333333333,29722.923333333336,20629.25,16316.543333333333,14424.453333333333,13227.506666666666,12832.906666666668,12932.323333333334,12593.25,12740.966666666667,12510.769999999999,12800.626666666665,12361.263333333334,12297.226666666667,12313.573333333334,12635.626666666669,1912160.7681620447,1864069.7101034638,1571625.7405259933,1233639.3038508992,846542.3478677256,522965.47006220114,275542.561797849,143104.3797213047,75225.82363464205,41864.84100675044,26226.425582951186,19115.841518864312,15346.295157535145,14137.984146964685,12990.107948115165,12596.71508807595,12449.179769184104,12698.89567748575,1.3352574175906573e-07,1.2515532351838818e-07,1.2480740547714753e-07,1.2349314649082301e-07,1.219301857473635e-07,1.1925755501543148e-07,1.203700826702922e-07,1.2142697570062932e-07,1.2117786221854782e-07,1.2076897710289937e-07,1.2146543367643447e-07,1.2031409889768397e-07,1.2403034833537462e-07,1.2164120498449043e-07,1.2298449075482665e-07,1.2172875245705143e-07,1.2316517557700647e-07,1.2127174563792842e-07,1.2121234695911518e-07,1.1903103472238936e-07,1.208692504951226e-07,1.2051774086465592e-07,1.1895888928397402e-07,1.1553671458593771e-07,1.1406879611449355e-07,1.1020316736072199e-07,1.0050591579401311e-07,8.346264981316261e-08,6.314087977153167e-08,4.0123126291394007e-08,2.291700826763517e-08,1.15064335698381e-08,5.953617554354526e-09,2.894115780072936e-09,1.3416137280204951e-09,6.042055609936416e-10,0.9077826145151184,0.9510664938267763,0.9684461433440662,0.9759063096963994,0.9756311659399425,0.9687999604803876,0.9476507250305825,0.9075674225175555,0.8294082265021951,0.6910934564101635,0.5198259114583118,0.33348648794282226,0.18476936149262604,0.09459322251292394,0.04840949877349368,0.023775120681484373,0.010892800840296608,0.004982245104293056,0.231777494472066,0.22188214638827966,0.18996122531621884,0.1486754219419572,0.10070373743419218,0.06042171225287728,0.03143080830258408,0.015770555908479252,0.007560640295758613,0.0034941505644301416,0.0016559595845701432,0.0007669873234276657,0.00035169117300280246,0.0001626777753984733,7.733813471285869e-05,3.645635191348344e-05,1.6701990480932415e-05,7.672743386815008e-06,0.9638393488818644,0.9646615028071395,0.9663056639459846,0.9734815881393128,0.9747342423097187,0.9711236473718827,0.9587078920766654,0.9180989418400305,0.8238240592419501,0.6848984248390142,0.5193049566739738,0.3508951643517957,0.21811193763494252,0.1304591694670325,0.07975093022604796,0.029723408015478014,-0.02699379431864557,-0.055352395930999866,73832.4859374074,1274978.6559860238,3.4685260947500533e-07,2.0198986481815707e-07,104.16763050142835,0.7064703019749541,0.7132999184822193,0.03653057758249833,0.03151746349178261,,,30207.903847059053,0.006133993243987772,1000000.0,0.9530780502498157
2-2,6,7.0,1000.0,0.021971498293411607,0.005434839724111033,0.003389588005438513,6.482055712422531,6.482055712422531,4.042713200158897,0.816443786982,False,33.944794895104984,0.7458180031080062,0.22667237820037894,0.35438802107700706,False,18.821332682682627,11.700944146455203,29.058256363636445,176334.46666666667,91215.46666666667,49590.85333333333,29722.923333333336,20629.25,16316.543333333333,14424.453333333333,13227.506666666666,12832.906666666668,12932.323333333334,12593.25,12740.966666666667,12510.769999999999,12800.626666666665,12361.263333333334,12297.226666666667,12313.573333333334,12635.626666666669,1912160.7681620447,1864069.7101034638,1571625.7405259933,1233639.3038508992,846542.3478677256,522965.47006220114,275542.561797849,143104.3797213047,75225.82363464205,41864.84100675044,26226.425582951186,19115.841518864312,15346.295157535145,14137.984146964685,12990.107948115165,12596.71508807595,12449.179769184104,12698.89567748575,1.3352574175906573e-07,1.2515532351838818e-07,1.2480740547714753e-07,1.2349314649082301e-07,1.219301857473635e-07,1.1925755501543148e-07,1.203700826702922e-07,1.2142697570062932e-07,1.2117786221854782e-07,1.2076897710289937e-07,1.2146543367643447e-07,1.2031409889768397e-07,1.2403034833537462e-07,1.2164120498449043e-07,1.2298449075482665e-07,1.2172875245705143e-07,1.2316517557700647e-07,1.2127174563792842e-07,1.2121234695911518e-07,1.1903103472238936e-07,1.208692504951226e-07,1.2051774086465592e-07,1.1895888928397402e-07,1.1553671458593771e-07,1.1406879611449355e-07,1.1020316736072199e-07,1.0050591579401311e-07,8.346264981316261e-08,6.314087977153167e-08,4.0123126291394007e-08,2.291700826763517e-08,1.15064335698381e-08,5.953617554354526e-09,2.894115780072936e-09,1.3416137280204951e-09,6.042055609936416e-10,0.9077826145151184,0.9510664938267763,0.9684461433440662,0.9759063096963994,0.9756311659399425,0.9687999604803876,0.9476507250305825,0.9075674225175555,0.8294082265021951,0.6910934564101635,0.5198259114583118,0.33348648794282226,0.18476936149262604,0.09459322251292394,0.04840949877349368,0.023775120681484373,0.010892800840296608,0.004982245104293056,0.231777494472066,0.22188214638827966,0.18996122531621884,0.1486754219419572,0.10070373743419218,0.06042171225287728,0.03143080830258408,0.015770555908479252,0.007560640295758613,0.0034941505644301416,0.0016559595845701432,0.0007669873234276657,0.00035169117300280246,0.0001626777753984733,7.733813471285869e-05,3.645635191348344e-05,1.6701990480932415e-05,7.672743386815008e-06,0.9638393488818644,0.9646615028071395,0.9663056639459846,0.9734815881393128,0.9747342423097187,0.9711236473718827,0.9587078920766654,0.9180989418400305,0.8238240592419501,0.6848984248390142,0.5193049566739738,0.3508951643517957,0.21811193763494252,0.1304591694670325,0.07975093022604796,0.029723408015478014,-0.02699379431864557,-0.055352395930999866,73832.4859374074,1274978.6559860238,3.4685260947500533e-07,2.0198986481815707e-07,104.16763050142835,0.7064703019749541,0.7132999184822193,0.03653057758249833,0.03151746349178261,,,30207.903847059053,0.006133993243987772,1000000.0,0.9530780502498157
2-2,6,7.0,5000.0,0.03377561916180108,0.003610245701578358,0.0018428354466097797,18.328071138384754,18.328071138384754,9.355490444053368,0.82649704142,False,34.1473000077701,1.1533462004662098,0.39186527027869206,0.36892130689854585,True,18.821332682682627,11.700944146455203,29.058256363636445,176334.46666666667,91215.46666666667,49590.85333333333,29722.923333333336,20629.25,16316.543333333333,14424.453333333333,13227.506666666666,12832.906666666668,12932.323333333334,12593.25,12740.966666666667,12510.769999999999,12800.626666666665,12361.263333333334,12297.226666666667,12313.573333333334,12635.626666666669,1912160.7681620447,1864069.7101034638,1571625.7405259933,1233639.3038508992,846542.3478677256,522965.47006220114,275542.561797849,143104.3797213047,75225.82363464205,41864.84100675044,26226.425582951186,19115.841518864312,15346.295157535145,14137.984146964685,12990.107948115165,12596.71508807595,12449.179769184104,12698.89567748575,1.3352574175906573e-07,1.2515532351838818e-07,1.2480740547714753e-07,1.2349314649082301e-07,1.219301857473635e-07,1.1925755501543148e-07,1.203700826702922e-07,1.2142697570062932e-07,1.2117786221854782e-07,1.2076897710289937e-07,1.2146543367643447e-07,1.2031409889768397e-07,1.2403034833537462e-07,1.2164120498449043e-07,1.2298449075482665e-07,1.2172875245705143e-07,1.2316517557700647e-07,1.2127174563792842e-07,1.2121234695911518e-07,1.1903103472238936e-07,1.208692504951226e-07,1.2051774086465592e-07,1.1895888928397402e-07,1.1553671458593771e-07,1.1406879611449355e-07,1.1020316736072199e-07,1.0050591579401311e-07,8.346264981316261e-08,6.314087977153167e-08,4.0123126291394007e-08,2.291700826763517e-08,1.15064335698381e-08,5.953617554354526e-09,2.894115780072936e-09,1.3416137280204951e-09,6.042055609936416e-10,0.9077826145151184,0.9510664938267763,0.9684461433440662,0.9759063096963994,0.9756311659399425,0.9687999604803876,0.9476507250305825,0.9075674225175555,0.8294082265021951,0.6910934564101635,0.5198259114583118,0.33348648794282226,0.18476936149262604,0.09459322251292394,0.04840949877349368,0.023775120681484373,0.010892800840296608,0.004982245104293056,0.231777494472066,0.22188214638827966,0.18996122531621884,0.1486754219419572,0.10070373743419218,0.06042171225287728,0.03143080830258408,0.015770555908479252,0.007560640295758613,0.0034941505644301416,0.0016559595845701432,0.0007669873234276657,0.00035169117300280246,0.0001626777753984733,7.733813471285869e-05,3.645635191348344e-05,1.6701990480932415e-05,7.672743386815008e-06,0.9638393488818644,0.9646615028071395,0.9663056639459846,0.9734815881393128,0.9747342423097187,0.9711236473718827,0.9587078920766654,0.9180989418400305,0.8238240592419501,0.6848984248390142,0.5193049566739738,0.3508951643517957,0.21811193763494252,0.1304591694670325,0.07975093022604796,0.029723408015478014,-0.02699379431864557,-0.055352395930999866,73832.4859374074,1274978.6559860238,3.4685260947500533e-07,2.0198986481815707e-07,104.16763050142835,0.7064703019749541,0.7132999184822193,0.03653057758249833,0.03151746349178261,,,30207.903847059053,0.006133993243987772,1000000.0,0.9530780502498157
2-2,3,20.0,100.0,0.014979862627353294,0.007929523282609536,0.0036941290311079374,4.0550458582277935,4.0550458582277935,1.8891252466848871,0.957189349112,False,31.266278780108866,0.46836456099456214,0.15028050939650875,0.40764275201648736,True,16.077750480887783,10.05546617988092,24.855755089355156,249750.66666666666,131030.8,68158.98999999999,39489.80333333334,25139.39333333333,18133.600000000002,15111.416666666666,13529.200000000003,12818.75,12631.279999999999,12530.893333333333,12633.023333333333,12325.340000000002,12582.62,12597.953333333333,12613.480000000001,12516.706666666667,12412.159999999998,2079372.6933922719,1889209.675858611,1747402.301698933,1434588.267380044,1047837.7644603396,698150.1156664975,388067.89721406816,210148.05480395077,112379.00314044229,57231.45872476106,33044.64169515626,22134.935664617453,16777.332437581044,14587.823195226749,13557.872577491202,13036.480890803254,12724.285841397834,12509.448698749407,1.0928302745104763e-07,1.0485806997113677e-07,1.0135263932664977e-07,9.952721756182931e-08,9.925878458710105e-08,9.764540207317939e-08,9.840225855727878e-08,9.758238880444224e-08,9.598151804682825e-08,9.842259193602487e-08,9.926738997050783e-08,9.896790692556764e-08,9.972638412422808e-08,1.0019714581134172e-07,9.860208594072378e-08,1.0113434734248767e-07,9.873774486969197e-08,9.867307537137561e-08,9.615718952503139e-08,9.758537971851585e-08,9.739928895986689e-08,9.678753932996398e-08,9.687739911679509e-08,9.510918153364136e-08,9.457046123347223e-08,9.130009579989979e-08,8.503318205807446e-08,7.670021503403962e-08,6.162409861107478e-08,4.248417024860064e-08,2.64631525661286e-08,1.3772831919106615e-08,6.9811867066627386e-09,3.281554230394905e-09,1.6107701328262286e-09,7.674019323843616e-10,0.8798913405661659,0.9306425318087315,0.9609941054022125,0.9724730752151958,0.9760083152316229,0.9740262164352881,0.9610598640723667,0.9356206270259246,0.8859328732078167,0.7792948095077104,0.6207889482072931,0.42927219104019637,0.2653575861445426,0.13745732782687323,0.07080161276567305,0.03244747523096229,0.016313620844308572,0.00777721713340841,0.19994663417169567,0.18435924358655684,0.1701957417123109,0.1388502683513509,0.10151179731727464,0.06640048608865763,0.03669976002943812,0.0191865375357633,0.00955594423354615,0.004389665190900937,0.002036346258389942,0.00094038437521743,0.00044398110794836534,0.00020091563693350282,9.465003980860885e-05,4.2779919016677766e-05,2.049589959486729e-05,9.599775104483333e-06,0.9577407959729877,0.9607509905153471,0.9667712323548692,0.9746716481924569,0.9836070591315895,0.9777194469164385,0.9611574576101631,0.9416413767743883,0.8817991957425395,0.7788726864850037,0.6351947134888789,0.4479517216343609,0.27317655306007893,0.14898063935166306,0.09115589809404234,0.05303398406724469,-0.0054745059615566305,-0.034728750241333685,92487.43617770368,1459469.7207996303,2.8227364026743823e-07,1.726737950121674e-07,127.3843376314226,0.7585957145414179,0.7645689123159379,0.05295945076024511,0.05059345306201195,,,20828.26232859514,0.007324549778417848,1000000.0,0.8242540645322649
2-2,3,20.0,500.0,0.01491952977350339,0.008904895254742744,0.00202948754655844,7.3513778386093565,7.3513778386093565,1.6754301254197521,0.645538461538,False,26.155266767676842,0.39022428127427844,0.13989077850835704,0.22837007907223583,True,16.077750480887783,10.05546617988092,24.855755089355156,249750.66666666666,131030.8,68158.98999999999,39489.80333333334,25139.39333333333,18133.600000000002,15111.416666666666,13529.200000000003,12818.75,12631.279999999999,12530.893333333333,12633.023333333333,12325.340000000002,12582.62,12597.953333333333,12613.480000000001,12516.706666666667,12412.159999999998,2079372.6933922719,1889209.675858611,1747402.301698933,1434588.267380044,1047837.7644603396,698150.1156664975,388067.89721406816,210148.05480395077,112379.00314044229,57231.45872476106,33044.64169515626,22134.935664617453,16777.332437581044,14587.823195226749,13557.872577491202,13036.480890803254,12724.285841397834,12509.448698749407,1.0928302745104763e-07,1.0485806997113677e-07,1.0135263932664977e-07,9.952721756182931e-08,9.925878458710105e-08,9.764540207317939e-08,9.840225855727878e-08,9.758238880444224e-08,9.598151804682825e-08,9.842259193602487e-08,9.926738997050783e-08,9.896790692556764e-08,9.972638412422808e-08,1.0019714581134172e-07,9.860208594072378e-08,1.0113434734248767e-07,9.873774486969197e-08,9.867307537137561e-08,9.615718952503139e-08,9.758537971851585e-08,9.739928895986689e-08,9.678753932996398e-08,9.687739911679509e-08,9.510918153364136e-08,9.457046123347223e-08,9.130009579989979e-08,8.503318205807446e-08,7.670021503403962e-08,6.162409861107478e-08,4.248417024860064e-08,2.64631525661286e-08,1.3772831919106615e-08,6.9811867066627386e-09,3.281554230394905e-09,1.6107701328262286e-09,7.674019323843616e-10,0.8798913405661659,0.9306425318087315,0.9609941054022125,0.9724730752151958,0.9760083152316229,0.9740262164352881,0.9610598640723667,0.9356206270259246,0.8859328732078167,0.7792948095077104,0.6207889482072931,0.42927219104019637,0.2653575861445426,0.13745732782687323,0.07080161276567305,0.03244747523096229,0.016313620844308572,0.00777721713340841,0.19994663417169567,0.18435924358655684,0.1701957417123109,0.1388502683513509,0.10151179731727464,0.06640048608865763,0.03669976002943812,0.0191865375357633,0.00955594423354615,0.004389665190900937,0.002036346258389942,0.00094038437521743,0.00044398110794836534,0.00020091563693350282,9.465003980860885e-05,4.2779919016677766e-05,2.049589959486729e-05,9.599775104483333e-06,0.9577407959729877,0.9607509905153471,0.9667712323548692,0.9746716481924569,0.9836070591315895,0.9777194469164385,0.9611574576101631,0.9416413767743883,0.8817991957425395,0.7788726864850037,0.6351947134888789,0.4479517216343609,0.27317655306007893,0.14898063935166306,0.09115589809404234,0.05303398406724469,-0.0054745059615566305,-0.034728750241333685,92487.43617770368,1459469.7207996303,2.8227364026743823e-07,1.726737950121674e-07,127.3843376314226,0.7585957145414179,0.7645689123159379,0.05295945076024511,0.05059345306201195,,,20828.26232859514,0.007324549778417848,1000000.0,0.8242540645322649
2-2,3,20.0,1000.0,0.016031589740271825,0.003627090765210869,0.0014584695066582963,10.992063712736817,10.992063712736817,4.419958246989111,0.906923076923,False,30.484595881895967,0.4887165345765361,0.1734235377300257,0.23873282746766866,True,16.077750480887783,10.05546617988092,24.855755089355156,249750.66666666666,131030.8,68158.98999999999,39489.80333333334,25139.39333333333,18133.600000000002,15111.416666666666,13529.200000000003,12818.75,12631.279999999999,12530.893333333333,12633.023333333333,12325.340000000002,12582.62,12597.953333333333,12613.480000000001,12516.706666666667,12412.159999999998,2079372.6933922719,1889209.675858611,1747402.301698933,1434588.267380044,1047837.7644603396,698150.1156664975,388067.89721406816,210148.05480395077,112379.00314044229,57231.45872476106,33044.64169515626,22134.935664617453,16777.332437581044,14587.823195226749,13557.872577491202,13036.480890803254,12724.285841397834,12509.448698749407,1.0928302745104763e-07,1.0485806997113677e-07,1.0135263932664977e-07,9.952721756182931e-08,9.925878458710105e-08,9.764540207317939e-08,9.840225855727878e-08,9.758238880444224e-08,9.598151804682825e-08,9.842259193602487e-08,9.926738997050783e-08,9.896790692556764e-08,9.972638412422808e-08,1.0019714581134172e-07,9.860208594072378e-08,1.0113434734248767e-07,9.873774486969197e-08,9.867307537137561e-08,9.615718952503139e-08,9.758537971851585e-08,9.739928895986689e-08,9.678753932996398e-08,9.687739911679509e-08,9.510918153364136e-08,9.457046123347223e-08,9.130009579989979e-08,8.503318205807446e-08,7.670021503403962e-08,6.162409861107478e-08,4.248417024860064e-08,2.64631525661286e-08,1.3772831919106615e-08,6.9811867066627386e-09,3.281554230394905e-09,1.6107701328262286e-09,7.674019323843616e-10,0.8798913405661659,0.9306425318087315,0.9609941054022125,0.9724730752151958,0.9760083152316229,0.9740262164352881,0.9610598640723667,0.9356206270259246,0.8859328732078167,0.7792948095077104,0.6207889482072931,0.42927219104019637,0.2653575861445426,0.13745732782687323,0.07080161276567305,0.03244747523096229,0.016313620844308572,0.00777721713340841,0.19994663417169567,0.18435924358655684,0.1701957417123109,0.1388502683513509,0.10151179731727464,0.06640048608865763,0.03669976002943812,0.0191865375357633,0.00955594423354615,0.004389665190900937,0.002036346258389942,0.00094038437521743,0.00044398110794836534,0.00020091563693350282,9.465003980860885e-05,4.2779919016677766e-05,2.049589959486729e-05,9.599775104483333e-06,0.9577407959729877,0.9607509905153471,0.9667712323548692,0.9746716481924569,0.9836070591315895,0.9777194469164385,0.9611574576101631,0.9416413767743883,0.8817991957425395,0.7788726864850037,0.6351947134888789,0.4479517216343609,0.27317655306007893,0.14898063935166306,0.09115589809404234,0.05303398406724469,-0.0054745059615566305,-0.034728750241333685,92487.43617770368,1459469.7207996303,2.8227364026743823e-07,1.726737950121674e-07,127.3843376314226,0.7585957145414179,0.7645689123159379,0.05295945076024511,0.05059345306201195,,,20828.26232859514,0.007324549778417848,1000000.0,0.8242540645322649
2-2,3,20.0,5000.0,0.035155322920967305,0.0078057818730798015,0.0044393574163885735,7.919011609920391,7.919011609920391,4.503754203305278,0.886816568047,False,30.1487085159286,1.059887583527587,0.3992755929431234,0.4311962241210783,True,16.077750480887783,10.05546617988092,24.855755089355156,249750.66666666666,131030.8,68158.98999999999,39489.80333333334,25139.39333333333,18133.600000000002,15111.416666666666,13529.200000000003,12818.75,12631.279999999999,12530.893333333333,12633.023333333333,12325.340000000002,12582.62,12597.953333333333,12613.480000000001,12516.706666666667,12412.159999999998,2079372.6933922719,1889209.675858611,1747402.301698933,1434588.267380044,1047837.7644603396,698150.1156664975,388067.89721406816,210148.05480395077,112379.00314044229,57231.45872476106,33044.64169515626,22134.935664617453,16777.332437581044,14587.823195226749,13557.872577491202,13036.480890803254,12724.285841397834,12509.448698749407,1.0928302745104763e-07,1.0485806997113677e-07,1.0135263932664977e-07,9.952721756182931e-08,9.925878458710105e-08,9.764540207317939e-08,9.840225855727878e-08,9.758238880444224e-08,9.598151804682825e-08,9.842259193602487e-08,9.926738997050783e-08,9.896790692556764e-08,9.972638412422808e-08,1.0019714581134172e-07,9.860208594072378e-08,1.0113434734248767e-07,9.873774486969197e-08,9.867307537137561e-08,9.615718952503139e-08,9.758537971851585e-08,9.739928895986689e-08,9.678753932996398e-08,9.687739911679509e-08,9.510918153364136e-08,9.457046123347223e-08,9.130009579989979e-08,8.503318205807446e-08,7.670021503403962e-08,6.162409861107478e-08,4.248417024860064e-08,2.64631525661286e-08,1.3772831919106615e-08,6.9811867066627386e-09,3.281554230394905e-09,1.6107701328262286e-09,7.674019323843616e-10,0.8798913405661659,0.9306425318087315,0.9609941054022125,0.9724730752151958,0.9760083152316229,0.9740262164352881,0.9610598640723667,0.9356206270259246,0.8859328732078167,0.7792948095077104,0.6207889482072931,0.42927219104019637,0.2653575861445426,0.13745732782687323,0.07080161276567305,0.03244747523096229,0.016313620844308572,0.00777721713340841,0.19994663417169567,0.18435924358655684,0.1701957417123109,0.1388502683513509,0.10151179731727464,0.06640048608865763,0.03669976002943812,0.0191865375357633,0.00955594423354615,0.004389665190900937,0.002036346258389942,0.00094038437521743,0.00044398110794836534,0.00020091563693350282,9.465003980860885e-05,4.2779919016677766e-05,2.049589959486729e-05,9.599775104483333e-06,0.9577407959729877,0.9607509905153471,0.9667712323548692,0.9746716481924569,0.9836070591315895,0.9777194469164385,0.9611574576101631,0.9416413767743883,0.8817991957425395,0.7788726864850037,0.6351947134888789,0.4479517216343609,0.27317655306007893,0.14898063935166306,0.09115589809404234,0.05303398406724469,-0.0054745059615566305,-0.034728750241333685,92487.43617770368,1459469.7207996303,2.8227364026743823e-07,1.726737950121674e-07,127.3843376314226,0.7585957145414179,0.7645689123159379,0.05295945076024511,0.05059345306201195,,,20828.26232859514,0.007324549778417848,1000000.0,0.8242540645322649
2-3,3,0.0,100.0,0.010908869934207206,0.006052526855126816,0.003499426104787425,3.117331130176807,3.117331130176807,1.8023662175024977,0.906923076923,False,30.503575858585947,0.332759541569537,0.13206417088716202,0.39904421716031246,True,16.05358870792979,9.986717470341535,25.045155718725788,249750.66666666666,131030.8,68158.98999999999,39489.80333333334,25139.39333333333,18133.600000000002,15111.416666666666,13529.200000000003,12818.75,12631.279999999999,12530.893333333333,12633.023333333333,12325.340000000002,12582.62,12597.953333333333,12613.480000000001,12516.706666666667,12412.159999999998,2079372.6933922719,1889209.675858611,1747402.301698933,1434588.267380044,1047837.7644603396,698150.1156664975,388067.89721406816,210148.05480395077,112379.00314044229,57231.45872476106,33044.64169515626,22134.935664617453,16777.332437581044,14587.823195226749,13557.872577491202,13036.480890803254,12724.285841397834,12509.448698749407,1.0928302745104763e-07,1.0485806997113677e-07,1.0135263932664977e-07,9.952721756182931e-08,9.925878458710105e-08,9.764540207317939e-08,9.840225855727878e-08,9.758238880444224e-08,9.598151804682825e-08,9.842259193602487e-08,9.926738997050783e-08,9.896790692556764e-08,9.972638412422808e-08,1.0019714581134172e-07,9.860208594072378e-08,1.0113434734248767e-07,9.873774486969197e-08,9.867307537137561e-08,9.615718952503139e-08,9.758537971851585e-08,9.739928895986689e-08,9.678753932996398e-08,9.687739911679509e-08,9.510918153364136e-08,9.457046123347223e-08,9.130009579989979e-08,8.503318205807446e-08,7.670021503403962e-08,6.162409861107478e-08,4.248417024860064e-08,2.64631525661286e-08,1.3772831919106615e-08,6.9811867066627386e-09,3.281554230394905e-09,1.6107701328262286e-09,7.674019323843616e-10,0.8798913405661659,0.9306425318087315,0.9609941054022125,0.9724730752151958,0.9760083152316229,0.9740262164352881,0.9610598640723667,0.9356206270259246,0.8859328732078167,0.7792948095077104,0.6207889482072931,0.42927219104019637,0.2653575861445426,0.13745732782687323,0.07080161276567305,0.03244747523096229,0.016313620844308572,0.00777721713340841,0.19994663417169567,0.18435924358655684,0.1701957417123109,0.1388502683513509,0.10151179731727464,0.06640048608865763,0.03669976002943812,0.0191865375357633,0.00955594423354615,0.004389665190900937,0.002036346258389942,0.00094038437521743,0.00044398110794836534,0.00020091563693350282,9.465003980860885e-05,4.2779919016677766e-05,2.049589959486729e-05,9.599775104483333e-06,0.9577407959729877,0.9607509905153471,0.9667712323548692,0.9746716481924569,0.9836070591315895,0.9777194469164385,0.9611574576101631,0.9416413767743883,0.8817991957425395,0.7788726864850037,0.6351947134888789,0.4479517216343609,0.27317655306007893,0.14898063935166306,0.09115589809404234,0.05303398406724469,-0.0054745059615566305,-0.034728750241333685,92487.43617770368,1459469.7207996303,2.8227364026743823e-07,1.726737950121674e-07,127.3843376314226,0.7585957145414179,0.7645689123159379,0.05295945076024511,0.05059345306201195,,,20828.26232859514,0.007324549778417848,1000000.0,0.9776202035516555
2-3,3,0.0,500.0,0.017621485717288735,0.002932802586545016,0.005033094518358496,3.501123543977442,3.501123543977442,6.00841181678297,0.776230769231,False,28.31496306138314,0.49895171717172104,0.14977899322987576,0.2947763492841975,True,16.05358870792979,9.986717470341535,25.045155718725788,249750.66666666666,131030.8,68158.98999999999,39489.80333333334,25139.39333333333,18133.600000000002,15111.416666666666,13529.200000000003,12818.75,12631.279999999999,12530.893333333333,12633.023333333333,12325.340000000002,12582.62,12597.953333333333,12613.480000000001,12516.706666666667,12412.159999999998,2079372.6933922719,1889209.675858611,1747402.301698933,1434588.267380044,1047837.7644603396,698150.1156664975,388067.89721406816,210148.05480395077,112379.00314044229,57231.45872476106,33044.64169515626,22134.935664617453,16777.332437581044,14587.823195226749,13557.872577491202,13036.480890803254,12724.285841397834,12509.448698749407,1.0928302745104763e-07,1.0485806997113677e-07,1.0135263932664977e-07,9.952721756182931e-08,9.925878458710105e-08,9.764540207317939e-08,9.840225855727878e-08,9.758238880444224e-08,9.598151804682825e-08,9.842259193602487e-08,9.926738997050783e-08,9.896790692556764e-08,9.972638412422808e-08,1.0019714581134172e-07,9.860208594072378e-08,1.0113434734248767e-07,9.873774486969197e-08,9.867307537137561e-08,9.615718952503139e-08,9.758537971851585e-08,9.739928895986689e-08,9.678753932996398e-08,9.687739911679509e-08,9.510918153364136e-08,9.457046123347223e-08,9.130009579989979e-08,8.503318205807446e-08,7.670021503403962e-08,6.162409861107478e-08,4.248417024860064e-08,2.64631525661286e-08,1.3772831919106615e-08,6.9811867066627386e-09,3.281554230394905e-09,1.6107701328262286e-09,7.674019323843616e-10,0.8798913405661659,0.9306425318087315,0.9609941054022125,0.9724730752151958,0.9760083152316229,0.9740262164352881,0.9610598640723667,0.9356206270259246,0.8859328732078167,0.7792948095077104,0.6207889482072931,0.42927219104019637,0.2653575861445426,0.13745732782687323,0.07080161276567305,0.03244747523096229,0.016313620844308572,0.00777721713340841,0.19994663417169567,0.18435924358655684,0.1701957417123109,0.1388502683513509,0.10151179731727464,0.06640048608865763,0.03669976002943812,0.0191865375357633,0.00955594423354615,0.004389665190900937,0.002036346258389942,0.00094038437521743,0.00044398110794836534,0.00020091563693350282,9.465003980860885e-05,4.2779919016677766e-05,2.049589959486729e-05,9.599775104483333e-06,0.9577407959729877,0.9607509905153471,0.9667712323548692,0.9746716481924569,0.9836070591315895,0.9777194469164385,0.9611574576101631,0.9416413767743883,0.8817991957425395,0.7788726864850037,0.6351947134888789,0.4479517216343609,0.27317655306007893,0.14898063935166306,0.09115589809404234,0.05303398406724469,-0.0054745059615566305,-0.034728750241333685,92487.43617770368,1459469.7207996303,2.8227364026743823e-07,1.726737950121674e-07,127.3843376314226,0.7585957145414179,0.7645689123159379,0.05295945076024511,0.05059345306201195,,,20828.26232859514,0.007324549778417848,1000000.0,0.9776202035516555
2-3,3,0.0,1000.0,0.0264594807399755,0.0076298646971388485,0.002125828907484384,12.446665226359412,12.446665226359412,3.467883349215569,0.816443786982,False,29.024453403263486,0.7679719658119666,0.2731563197061904,0.516169660671593,True,16.05358870792979,9.986717470341535,25.045155718725788,249750.66666666666,131030.8,68158.98999999999,39489.80333333334,25139.39333333333,18133.600000000002,15111.416666666666,13529.200000000003,12818.75,12631.279999999999,12530.893333333333,12633.023333333333,12325.340000000002,12582.62,12597.953333333333,12613.480000000001,12516.706666666667,12412.159999999998,2079372.6933922719,1889209.675858611,1747402.301698933,1434588.267380044,1047837.7644603396,698150.1156664975,388067.89721406816,210148.05480395077,112379.00314044229,57231.45872476106,33044.64169515626,22134.935664617453,16777.332437581044,14587.823195226749,13557.872577491202,13036.480890803254,12724.285841397834,12509.448698749407,1.0928302745104763e-07,1.0485806997113677e-07,1.0135263932664977e-07,9.952721756182931e-08,9.925878458710105e-08,9.764540207317939e-08,9.840225855727878e-08,9.758238880444224e-08,9.598151804682825e-08,9.842259193602487e-08,9.926738997050783e-08,9.896790692556764e-08,9.972638412422808e-08,1.0019714581134172e-07,9.860208594072378e-08,1.0113434734248767e-07,9.873774486969197e-08,9.867307537137561e-08,9.615718952503139e-08,9.758537971851585e-08,9.739928895986689e-08,9.678753932996398e-08,9.687739911679509e-08,9.510918153364136e-08,9.457046123347223e-08,9.130009579989979e-08,8.503318205807446e-08,7.670021503403962e-08,6.162409861107478e-08,4.248417024860064e-08,2.64631525661286e-08,1.3772831919106615e-08,6.9811867066627386e-09,3.281554230394905e-09,1.6107701328262286e-09,7.674019323843616e-10,0.8798913405661659,0.9306425318087315,0.9609941054022125,0.9724730752151958,0.9760083152316229,0.9740262164352881,0.9610598640723667,0.9356206270259246,0.8859328732078167,0.7792948095077104,0.6207889482072931,0.42927219104019637,0.2653575861445426,0.13745732782687323,0.07080161276567305,0.03244747523096229,0.016313620844308572,0.00777721713340841,0.19994663417169567,0.18435924358655684,0.1701957417123109,0.1388502683513509,0.10151179731727464,0.06640048608865763,0.03669976002943812,0.0191865375357633,0.00955594423354615,0.004389665190900937,0.002036346258389942,0.00094038437521743,0.00044398110794836534,0.00020091563693350282,9.465003980860885e-05,4.2779919016677766e-05,2.049589959486729e-05,9.599775104483333e-06,0.9577407959729877,0.9607509905153471,0.9667712323548692,0.9746716481924569,0.9836070591315895,0.9777194469164385,0.9611574576101631,0.9416413767743883,0.8817991957425395,0.7788726864850037,0.6351947134888789,0.4479517216343609,0.27317655306007893,0.14898063935166306,0.09115589809404234,0.05303398406724469,-0.0054745059615566305,-0.034728750241333685,92487.43617770368,1459469.7207996303,2.8227364026743823e-07,1.726737950121674e-07,127.3843376314226,0.7585957145414179,0.7645689123159379,0.05295945076024511,0.05059345306201195,,,20828.26232859514,0.007324549778417848,1000000.0,0.9776202035516555
2-3,3,0.0,5000.0,0.041598836805318735,0.006081655051724402,0.0047688025761296075,8.723119932358498,8.723119932358498,6.840052000897969,0.856656804734,False,29.739771258741346,1.2371398912198899,0.4915589464621006,0.5017895416263671,True,16.05358870792979,9.986717470341535,25.045155718725788,249750.66666666666,131030.8,68158.98999999999,39489.80333333334,25139.39333333333,18133.600000000002,15111.416666666666,13529.200000000003,12818.75,12631.279999999999,12530.893333333333,12633.023333333333,12325.340000000002,12582.62,12597.953333333333,12613.480000000001,12516.706666666667,12412.159999999998,2079372.6933922719,1889209.675858611,1747402.301698933,1434588.267380044,1047837.7644603396,698150.1156664975,388067.89721406816,210148.05480395077,112379.00314044229,57231.45872476106,33044.64169515626,22134.935664617453,16777.332437581044,14587.823195226749,13557.872577491202,13036.480890803254,12724.285841397834,12509.448698749407,1.0928302745104763e-07,1.0485806997113677e-07,1.0135263932664977e-07,9.952721756182931e-08,9.925878458710105e-08,9.764540207317939e-08,9.840225855727878e-08,9.758238880444224e-08,9.598151804682825e-08,9.842259193602487e-08,9.926738997050783e-08,9.896790692556764e-08,9.972638412422808e-08,1.0019714581134172e-07,9.860208594072378e-08,1.0113434734248767e-07,9.873774486969197e-08,9.867307537137561e-08,9.615718952503139e-08,9.758537971851585e-08,9.739928895986689e-08,9.678753932996398e-08,9.687739911679509e-08,9.510918153364136e-08,9.457046123347223e-08,9.130009579989979e-08,8.503318205807446e-08,7.670021503403962e-08,6.162409861107478e-08,4.248417024860064e-08,2.64631525661286e-08,1.3772831919106615e-08,6.9811867066627386e-09,3.281554230394905e-09,1.6107701328262286e-09,7.674019323843616e-10,0.8798913405661659,0.9306425318087315,0.9609941054022125,0.9724730752151958,0.9760083152316229,0.9740262164352881,0.9610598640723667,0.9356206270259246,0.8859328732078167,0.7792948095077104,0.6207889482072931,0.42927219104019637,0.2653575861445426,0.13745732782687323,0.07080161276567305,0.03244747523096229,0.016313620844308572,0.00777721713340841,0.19994663417169567,0.18435924358655684,0.1701957417123109,0.1388502683513509,0.10151179731727464,0.06640048608865763,0.03669976002943812,0.0191865375357633,0.00955594423354615,0.004389665190900937,0.002036346258389942,0.00094038437521743,0.00044398110794836534,0.00020091563693350282,9.465003980860885e-05,4.2779919016677766e-05,2.049589959486729e-05,9.599775104483333e-06,0.9577407959729877,0.9607509905153471,0.9667712323548692,0.9746716481924569,0.9836070591315895,0.9777194469164385,0.9611574576101631,0.9416413767743883,0.8817991957425395,0.7788726864850037,0.6351947134888789,0.4479517216343609,0.27317655306007893,0.14898063935166306,0.09115589809404234,0.05303398406724469,-0.0054745059615566305,-0.034728750241333685,92487.43617770368,1459469.7207996303,2.8227364026743823e-07,1.726737950121674e-07,127.3843376314226,0.7585957145414179,0.7645689123159379,0.05295945076024511,0.05059345306201195,,,20828.26232859514,0.007324549778417848,1000000.0,0.9776202035516555
2-3,5,0.0,100.0,0.007843610084654002,0.006543012786683268,0.0030588420682728375,2.564241601751889,2.564241601751889,1.1987765178478311,0.625431952663,False,28.755416923077004,0.22554627816627715,0.06110576185639682,0.21548168455598837,True,17.911578916408292,11.171194746446902,27.676006829836908,194970.33333333334,104481.06666666665,55462.56,32450.36,21974.936666666665,16388.436666666665,14503.386666666667,13415.156666666668,12941.566666666668,12667.589999999998,12429.866666666667,12499.283333333335,12293.89,12359.576666666668,12276.436666666666,12272.78,12621.223333333333,12526.996666666666,1970270.4491797672,1797292.6544575968,1614045.1018231285,1316418.6411654819,855868.0390573044,548598.5547629179,304375.1514844479,157812.59371552707,83023.39375970795,47385.33117860708,27998.16242163677,19501.204770051518,15710.708273663347,13974.578054608495,13016.324271747295,12617.7392833702,12777.580449797955,12596.526762867192,1.2556441511538923e-07,1.1967321942179635e-07,1.1662417646034135e-07,1.1444580319205067e-07,1.175712470896045e-07,1.1610293997972053e-07,1.1393287739629304e-07,1.1435165858164312e-07,1.1385636507059284e-07,1.1139457701573558e-07,1.1441062548659512e-07,1.1590505329730532e-07,1.1398065118135452e-07,1.1265016628281509e-07,1.1377174248454354e-07,1.1353542382639716e-07,1.132949571549045e-07,1.1618328404037638e-07,1.1313904687213907e-07,1.127163192277115e-07,1.126166828797245e-07,1.1162465846047563e-07,1.145525332333647e-07,1.1263456467659246e-07,1.0850400921547904e-07,1.0463098053657408e-07,9.610859938360992e-08,8.161530155726147e-08,6.361769134212722e-08,4.1615791787012844e-08,2.478889971201087e-08,1.3018652455029063e-08,6.467133141070616e-09,3.1039711283228213e-09,1.3863714558732304e-09,6.413065338005544e-10,0.9010438727259494,0.941867527023195,0.9656375401546382,0.9753495134562434,0.9743243868635744,0.970126722857028,0.9523502933930934,0.9149931171472359,0.8441214448047855,0.7326685350735924,0.556047054821678,0.3590507109320347,0.21748340139388458,0.1155670948797798,0.05684305258794123,0.027339230556526473,0.012236832871366815,0.005519783152089981,0.22291452070054016,0.20258421258546347,0.1817684053855879,0.14694478121110033,0.09804185198748656,0.061791159397929035,0.03302592424163136,0.016512086421475586,0.007979262090319472,0.003867368093532721,0.0017811784550864336,0.0008115580773063658,0.00038945117180050017,0.00018193017489862416,8.417830207273879e-05,3.9165098440285785e-05,1.771447281072372e-05,8.078234916220277e-06,0.9691706032849968,0.9711113351677021,0.9749926506674136,0.9868255498112983,0.9929091484680637,0.9805984088233117,0.9423984497168814,0.8978058841867878,0.8385355850536556,0.7223409509219625,0.5650382012875532,0.39729022952130144,0.2443330734390532,0.12479512284376426,0.0644521737395376,0.023340906426179586,-0.03588614814611368,-0.06549967630808826,79131.12391415611,1305308.1053430005,3.2606253909334287e-07,1.943153830580479e-07,111.53675201739595,0.7245739630318785,0.7312499923798411,0.04350119880954086,0.0222404757110559,,,27594.458815867114,0.0065954022232977355,1000000.0,0.9636098300793192
2-3,5,0.0,500.0,0.01947211156019485,0.004524179372657216,0.0037141262067140264,5.242716718940544,5.242716718940544,4.304009623906261,0.846603550296,False,32.89957066822076,0.6406241103341088,0.18007717380479932,0.46473563620693903,True,17.911578916408292,11.171194746446902,27.676006829836908,194970.33333333334,104481.06666666665,55462.56,32450.36,21974.936666666665,16388.436666666665,14503.386666666667,13415.156666666668,12941.566666666668,12667.589999999998,12429.866666666667,12499.283333333335,12293.89,12359.576666666668,12276.436666666666,12272.78,12621.223333333333,12526.996666666666,1970270.4491797672,1797292.6544575968,1614045.1018231285,1316418.6411654819,855868.0390573044,548598.5547629179,304375.1514844479,157812.59371552707,83023.39375970795,47385.33117860708,27998.16242163677,19501.204770051518,15710.708273663347,13974.578054608495,13016.324271747295,12617.7392833702,12777.580449797955,12596.526762867192,1.2556441511538923e-07,1.1967321942179635e-07,1.1662417646034135e-07,1.1444580319205067e-07,1.175712470896045e-07,1.1610293997972053e-07,1.1393287739629304e-07,1.1435165858164312e-07,1.1385636507059284e-07,1.1139457701573558e-07,1.1441062548659512e-07,1.1590505329730532e-07,1.1398065118135452e-07,1.1265016628281509e-07,1.1377174248454354e-07,1.1353542382639716e-07,1.132949571549045e-07,1.1618328404037638e-07,1.1313904687213907e-07,1.127163192277115e-07,1.126166828797245e-07,1.1162465846047563e-07,1.145525332333647e-07,1.1263456467659246e-07,1.0850400921547904e-07,1.0463098053657408e-07,9.610859938360992e-08,8.161530155726147e-08,6.361769134212722e-08,4.1615791787012844e-08,2.478889971201087e-08,1.3018652455029063e-08,6.467133141070616e-09,3.1039711283228213e-09,1.3863714558732304e-09,6.413065338005544e-10,0.9010438727259494,0.941867527023195,0.9656375401546382,0.9753495134562434,0.9743243868635744,0.970126722857028,0.9523502933930934,0.9149931171472359,0.8441214448047855,0.7326685350735924,0.556047054821678,0.3590507109320347,0.21748340139388458,0.1155670948797798,0.05684305258794123,0.027339230556526473,0.012236832871366815,0.005519783152089981,0.22291452070054016,0.20258421258546347,0.1817684053855879,0.14694478121110033,0.09804185198748656,0.061791159397929035,0.03302592424163136,0.016512086421475586,0.007979262090319472,0.003867368093532721,0.0017811784550864336,0.0008115580773063658,0.00038945117180050017,0.00018193017489862416,8.417830207273879e-05,3.9165098440285785e-05,1.771447281072372e-05,8.078234916220277e-06,0.9691706032849968,0.9711113351677021,0.9749926506674136,0.9868255498112983,0.9929091484680637,0.9805984088233117,0.9423984497168814,0.8978058841867878,0.8385355850536556,0.7223409509219625,0.5650382012875532,0.39729022952130144,0.2443330734390532,0.12479512284376426,0.0644521737395376,0.023340906426179586,-0.03588614814611368,-0.06549967630808826,79131.12391415611,1305308.1053430005,3.2606253909334287e-07,1.943153830580479e-07,111.53675201739595,0.7245739630318785,0.7312499923798411,0.04350119880954086,0.0222404757110559,,,27594.458815867114,0.0065954022232977355,1000000.0,0.9636098300793192
2-3,5,0.0,1000.0,0.018161135348576496,0.004848586031322861,0.003004894784431704,6.043850667473933,6.043850667473933,3.7456559976974386,0.866710059172,False,33.281268275058366,0.60442561771562,0.211209846753257,0.4136906579868891,True,17.911578916408292,11.171194746446902,27.676006829836908,194970.33333333334,104481.06666666665,55462.56,32450.36,21974.936666666665,16388.436666666665,14503.386666666667,13415.156666666668,12941.566666666668,12667.589999999998,12429.866666666667,12499.283333333335,12293.89,12359.576666666668,12276.436666666666,12272.78,12621.223333333333,12526.996666666666,1970270.4491797672,1797292.6544575968,1614045.1018231285,1316418.6411654819,855868.0390573044,548598.5547629179,304375.1514844479,157812.59371552707,83023.39375970795,47385.33117860708,27998.16242163677,19501.204770051518,15710.708273663347,13974.578054608495,13016.324271747295,12617.7392833702,12777.580449797955,12596.526762867192,1.2556441511538923e-07,1.1967321942179635e-07,1.1662417646034135e-07,1.1444580319205067e-07,1.175712470896045e-07,1.1610293997972053e-07,1.1393287739629304e-07,1.1435165858164312e-07,1.1385636507059284e-07,1.1139457701573558e-07,1.1441062548659512e-07,1.1590505329730532e-07,1.1398065118135452e-07,1.1265016628281509e-07,1.1377174248454354e-07,1.1353542382639716e-07,1.132949571549045e-07,1.1618328404037638e-07,1.1313904687213907e-07,1.127163192277115e-07,1.126166828797245e-07,1.1162465846047563e-07,1.145525332333647e-07,1.1263456467659246e-07,1.0850400921547904e-07,1.0463098053657408e-07,9.610859938360992e-08,8.161530155726147e-08,6.361769134212722e-08,4.1615791787012844e-08,2.478889971201087e-08,1.3018652455029063e-08,6.467133141070616e-09,3.1039711283228213e-09,1.3863714558732304e-09,6.413065338005544e-10,0.9010438727259494,0.941867527023195,0.9656375401546382,0.9753495134562434,0.9743243868635744,0.970126722857028,0.9523502933930934,0.9149931171472359,0.8441214448047855,0.7326685350735924,0.556047054821678,0.3590507109320347,0.21748340139388458,0.1155670948797798,0.05684305258794123,0.027339230556526473,0.012236832871366815,0.005519783152089981,0.22291452070054016,0.20258421258546347,0.1817684053855879,0.14694478121110033,0.09804185198748656,0.061791159397929035,0.03302592424163136,0.016512086421475586,0.007979262090319472,0.003867368093532721,0.0017811784550864336,0.0008115580773063658,0.00038945117180050017,0.00018193017489862416,8.417830207273879e-05,3.9165098440285785e-05,1.771447281072372e-05,8.078234916220277e-06,0.9691706032849968,0.9711113351677021,0.9749926506674136,0.9868255498112983,0.9929091484680637,0.9805984088233117,0.9423984497168814,0.8978058841867878,0.8385355850536556,0.7223409509219625,0.5650382012875532,0.39729022952130144,0.2443330734390532,0.12479512284376426,0.0644521737395376,0.023340906426179586,-0.03588614814611368,-0.06549967630808826,79131.12391415611,1305308.1053430005,3.2606253909334287e-07,1.943153830580479e-07,111.53675201739595,0.7245739630318785,0.7312499923798411,0.04350119880954086,0.0222404757110559,,,27594.458815867114,0.0065954022232977355,1000000.0,0.9636098300793192
2-3,5,0.0,5000.0,0.03609769570357268,0.006738165597709801,0.004139491947064947,8.720320311087278,8.720320311087278,5.357199252544599,0.796337278107,False,31.959307101787193,1.1536573426573433,0.4541817367792257,0.4902965761635404,True,17.911578916408292,11.171194746446902,27.676006829836908,194970.33333333334,104481.06666666665,55462.56,32450.36,21974.936666666665,16388.436666666665,14503.386666666667,13415.156666666668,12941.566666666668,12667.589999999998,12429.866666666667,12499.283333333335,12293.89,12359.576666666668,12276.436666666666,12272.78,12621.223333333333,12526.996666666666,1970270.4491797672,1797292.6544575968,1614045.1018231285,1316418.6411654819,855868.0390573044,548598.5547629179,304375.1514844479,157812.59371552707,83023.39375970795,47385.33117860708,27998.16242163677,19501.204770051518,15710.708273663347,13974.578054608495,13016.324271747295,12617.7392833702,12777.580449797955,12596.526762867192,1.2556441511538923e-07,1.1967321942179635e-07,1.1662417646034135e-07,1.1444580319205067e-07,1.175712470896045e-07,1.1610293997972053e-07,1.1393287739629304e-07,1.1435165858164312e-07,1.1385636507059284e-07,1.1139457701573558e-07,1.1441062548659512e-07,1.1590505329730532e-07,1.1398065118135452e-07,1.1265016628281509e-07,1.1377174248454354e-07,1.1353542382639716e-07,1.132949571549045e-07,1.1618328404037638e-07,1.1313904687213907e-07,1.127163192277115e-07,1.126166828797245e-07,1.1162465846047563e-07,1.145525332333647e-07,1.1263456467659246e-07,1.0850400921547904e-07,1.0463098053657408e-07,9.610859938360992e-08,8.161530155726147e-08,6.361769134212722e-08,4.1615791787012844e-08,2.478889971201087e-08,1.3018652455029063e-08,6.467133141070616e-09,3.1039711283228213e-09,1.3863714558732304e-09,6.413065338005544e-10,0.9010438727259494,0.941867527023195,0.9656375401546382,0.9753495134562434,0.9743243868635744,0.970126722857028,0.9523502933930934,0.9149931171472359,0.8441214448047855,0.7326685350735924,0.556047054821678,0.3590507109320347,0.21748340139388458,0.1155670948797798,0.05684305258794123,0.027339230556526473,0.012236832871366815,0.005519783152089981,0.22291452070054016,0.20258421258546347,0.1817684053855879,0.14694478121110033,0.09804185198748656,0.061791159397929035,0.03302592424163136,0.016512086421475586,0.007979262090319472,0.003867368093532721,0.0017811784550864336,0.0008115580773063658,0.00038945117180050017,0.00018193017489862416,8.417830207273879e-05,3.9165098440285785e-05,1.771447281072372e-05,8.078234916220277e-06,0.9691706032849968,0.9711113351677021,0.9749926506674136,0.9868255498112983,0.9929091484680637,0.9805984088233117,0.9423984497168814,0.8978058841867878,0.8385355850536556,0.7223409509219625,0.5650382012875532,0.39729022952130144,0.2443330734390532,0.12479512284376426,0.0644521737395376,0.023340906426179586,-0.03588614814611368,-0.06549967630808826,79131.12391415611,1305308.1053430005,3.2606253909334287e-07,1.943153830580479e-07,111.53675201739595,0.7245739630318785,0.7312499923798411,0.04350119880954086,0.0222404757110559,,,27594.458815867114,0.0065954022232977355,1000000.0,0.9636098300793192
2-3,6,0.0,100.0,0.010828575560252313,0.007774753238988806,0.0008399011392425965,12.892678738377796,12.892678738377796,1.3927870412592915,0.987349112426,True,37.077384560994666,0.4014952602952633,0.13488441258099457,0.175079682533667,True,18.755526159656053,11.696509484717504,29.12360146076155,176334.46666666667,91215.46666666667,49590.85333333333,29722.923333333336,20629.25,16316.543333333333,14424.453333333333,13227.506666666666,12832.906666666668,12932.323333333334,12593.25,12740.966666666667,12510.769999999999,12800.626666666665,12361.263333333334,12297.226666666667,12313.573333333334,12635.626666666669,1912160.7681620447,1864069.7101034638,1571625.7405259933,1233639.3038508992,846542.3478677256,522965.47006220114,275542.561797849,143104.3797213047,75225.82363464205,41864.84100675044,26226.425582951186,19115.841518864312,15346.295157535145,14137.984146964685,12990.107948115165,12596.71508807595,12449.179769184104,12698.89567748575,1.3352574175906573e-07,1.2515532351838818e-07,1.2480740547714753e-07,1.2349314649082301e-07,1.219301857473635e-07,1.1925755501543148e-07,1.203700826702922e-07,1.2142697570062932e-07,1.2117786221854782e-07,1.2076897710289937e-07,1.2146543367643447e-07,1.2031409889768397e-07,1.2403034833537462e-07,1.2164120498449043e-07,1.2298449075482665e-07,1.2172875245705143e-07,1.2316517557700647e-07,1.2127174563792842e-07,1.2121234695911518e-07,1.1903103472238936e-07,1.208692504951226e-07,1.2051774086465592e-07,1.1895888928397402e-07,1.1553671458593771e-07,1.1406879611449355e-07,1.1020316736072199e-07,1.0050591579401311e-07,8.346264981316261e-08,6.314087977153167e-08,4.0123126291394007e-08,2.291700826763517e-08,1.15064335698381e-08,5.953617554354526e-09,2.894115780072936e-09,1.3416137280204951e-09,6.042055609936416e-10,0.9077826145151184,0.9510664938267763,0.9684461433440662,0.9759063096963994,0.9756311659399425,0.9687999604803876,0.9476507250305825,0.9075674225175555,0.8294082265021951,0.6910934564101635,0.5198259114583118,0.33348648794282226,0.18476936149262604,0.09459322251292394,0.04840949877349368,0.023775120681484373,0.010892800840296608,0.004982245104293056,0.231777494472066,0.22188214638827966,0.18996122531621884,0.1486754219419572,0.10070373743419218,0.06042171225287728,0.03143080830258408,0.015770555908479252,0.007560640295758613,0.0034941505644301416,0.0016559595845701432,0.0007669873234276657,0.00035169117300280246,0.0001626777753984733,7.733813471285869e-05,3.645635191348344e-05,1.6701990480932415e-05,7.672743386815008e-06,0.9638393488818644,0.9646615028071395,0.9663056639459846,0.9734815881393128,0.9747342423097187,0.9711236473718827,0.9587078920766654,0.9180989418400305,0.8238240592419501,0.6848984248390142,0.5193049566739738,0.3508951643517957,0.21811193763494252,0.1304591694670325,0.07975093022604796,0.029723408015478014,-0.02699379431864557,-0.055352395930999866,73832.4859374074,1274978.6559860238,3.4685260947500533e-07,2.0198986481815707e-07,104.16763050142835,0.7064703019749541,0.7132999184822193,0.03653057758249833,0.03151746349178261,,,30207.903847059053,0.006133993243987772,1000000.0,0.9902396125178359
2-3,6,0.0,500.0,0.019624008087202247,0.004069962524419399,0.0016515757009864867,11.881991285946397,11.881991285946397,4.821668005407915,0.806390532544,False,33.67511427350437,0.6608407148407096,0.2277975633944818,0.44969974284995295,True,18.755526159656053,11.696509484717504,29.12360146076155,176334.46666666667,91215.46666666667,49590.85333333333,29722.923333333336,20629.25,16316.543333333333,14424.453333333333,13227.506666666666,12832.906666666668,12932.323333333334,12593.25,12740.966666666667,12510.769999999999,12800.626666666665,12361.263333333334,12297.226666666667,12313.573333333334,12635.626666666669,1912160.7681620447,1864069.7101034638,1571625.7405259933,1233639.3038508992,846542.3478677256,522965.47006220114,275542.561797849,143104.3797213047,75225.82363464205,41864.84100675044,26226.425582951186,19115.841518864312,15346.295157535145,14137.984146964685,12990.107948115165,12596.71508807595,12449.179769184104,12698.89567748575,1.3352574175906573e-07,1.2515532351838818e-07,1.2480740547714753e-07,1.2349314649082301e-07,1.219301857473635e-07,1.1925755501543148e-07,1.203700826702922e-07,1.2142697570062932e-07,1.2117786221854782e-07,1.2076897710289937e-07,1.2146543367643447e-07,1.2031409889768397e-07,1.2403034833537462e-07,1.2164120498449043e-07,1.2298449075482665e-07,1.2172875245705143e-07,1.2316517557700647e-07,1.2127174563792842e-07,1.2121234695911518e-07,1.1903103472238936e-07,1.208692504951226e-07,1.2051774086465592e-07,1.1895888928397402e-07,1.1553671458593771e-07,1.1406879611449355e-07,1.1020316736072199e-07,1.0050591579401311e-07,8.346264981316261e-08,6.314087977153167e-08,4.0123126291394007e-08,2.291700826763517e-08,1.15064335698381e-08,5.953617554354526e-09,2.894115780072936e-09,1.3416137280204951e-09,6.042055609936416e-10,0.9077826145151184,0.9510664938267763,0.9684461433440662,0.9759063096963994,0.9756311659399425,0.9687999604803876,0.9476507250305825,0.9075674225175555,0.8294082265021951,0.6910934564101635,0.5198259114583118,0.33348648794282226,0.18476936149262604,0.09459322251292394,0.04840949877349368,0.023775120681484373,0.010892800840296608,0.004982245104293056,0.231777494472066,0.22188214638827966,0.18996122531621884,0.1486754219419572,0.10070373743419218,0.06042171225287728,0.03143080830258408,0.015770555908479252,0.007560640295758613,0.0034941505644301416,0.0016559595845701432,0.0007669873234276657,0.00035169117300280246,0.0001626777753984733,7.733813471285869e-05,3.645635191348344e-05,1.6701990480932415e-05,7.672743386815008e-06,0.9638393488818644,0.9646615028071395,0.9663056639459846,0.9734815881393128,0.9747342423097187,0.9711236473718827,0.9587078920766654,0.9180989418400305,0.8238240592419501,0.6848984248390142,0.5193049566739738,0.3508951643517957,0.21811193763494252,0.1304591694670325,0.07975093022604796,0.029723408015478014,-0.02699379431864557,-0.055352395930999866,73832.4859374074,1274978.6559860238,3.4685260947500533e-07,2.0198986481815707e-07,104.16763050142835,0.7064703019749541,0.7132999184822193,0.03653057758249833,0.03151746349178261,,,30207.903847059053,0.006133993243987772,1000000.0,0.9902396125178359
2-3,6,0.0,1000.0,0.028008742577987928,0.006644628343078758,0.002923468874378977,9.580653593904856,9.580653593904856,4.215245929768618,0.766177514793,False,32.88777962703972,0.9211453535353513,0.36668524262600444,0.4827311432780331,True,18.755526159656053,11.696509484717504,29.12360146076155,176334.46666666667,91215.46666666667,49590.85333333333,29722.923333333336,20629.25,16316.543333333333,14424.453333333333,13227.506666666666,12832.906666666668,12932.323333333334,12593.25,12740.966666666667,12510.769999999999,12800.626666666665,12361.263333333334,12297.226666666667,12313.573333333334,12635.626666666669,1912160.7681620447,1864069.7101034638,1571625.7405259933,1233639.3038508992,846542.3478677256,522965.47006220114,275542.561797849,143104.3797213047,75225.82363464205,41864.84100675044,26226.425582951186,19115.841518864312,15346.295157535145,14137.984146964685,12990.107948115165,12596.71508807595,12449.179769184104,12698.89567748575,1.3352574175906573e-07,1.2515532351838818e-07,1.2480740547714753e-07,1.2349314649082301e-07,1.219301857473635e-07,1.1925755501543148e-07,1.203700826702922e-07,1.2142697570062932e-07,1.2117786221854782e-07,1.2076897710289937e-07,1.2146543367643447e-07,1.2031409889768397e-07,1.2403034833537462e-07,1.2164120498449043e-07,1.2298449075482665e-07,1.2172875245705143e-07,1.2316517557700647e-07,1.2127174563792842e-07,1.2121234695911518e-07,1.1903103472238936e-07,1.208692504951226e-07,1.2051774086465592e-07,1.1895888928397402e-07,1.1553671458593771e-07,1.1406879611449355e-07,1.1020316736072199e-07,1.0050591579401311e-07,8.346264981316261e-08,6.314087977153167e-08,4.0123126291394007e-08,2.291700826763517e-08,1.15064335698381e-08,5.953617554354526e-09,2.894115780072936e-09,1.3416137280204951e-09,6.042055609936416e-10,0.9077826145151184,0.9510664938267763,0.9684461433440662,0.9759063096963994,0.9756311659399425,0.9687999604803876,0.9476507250305825,0.9075674225175555,0.8294082265021951,0.6910934564101635,0.5198259114583118,0.33348648794282226,0.18476936149262604,0.09459322251292394,0.04840949877349368,0.023775120681484373,0.010892800840296608,0.004982245104293056,0.231777494472066,0.22188214638827966,0.18996122531621884,0.1486754219419572,0.10070373743419218,0.06042171225287728,0.03143080830258408,0.015770555908479252,0.007560640295758613,0.0034941505644301416,0.0016559595845701432,0.0007669873234276657,0.00035169117300280246,0.0001626777753984733,7.733813471285869e-05,3.645635191348344e-05,1.6701990480932415e-05,7.672743386815008e-06,0.9638393488818644,0.9646615028071395,0.9663056639459846,0.9734815881393128,0.9747342423097187,0.9711236473718827,0.9587078920766654,0.9180989418400305,0.8238240592419501,0.6848984248390142,0.5193049566739738,0.3508951643517957,0.21811193763494252,0.1304591694670325,0.07975093022604796,0.029723408015478014,-0.02699379431864557,-0.055352395930999866,73832.4859374074,1274978.6559860238,3.4685260947500533e-07,2.0198986481815707e-07,104.16763050142835,0.7064703019749541,0.7132999184822193,0.03653057758249833,0.03151746349178261,,,30207.903847059053,0.006133993243987772,1000000.0,0.9902396125178359
2-3,6,0.0,5000.0,0.04165725030059714,0.007610121436168344,0.0024816327486610447,16.786226859342158,16.786226859342158,5.473927144265302,0.766177514793,False,32.88777962703972,1.3700144677544728,0.5332070701903907,0.4755844308416973,True,18.755526159656053,11.696509484717504,29.12360146076155,176334.46666666667,91215.46666666667,49590.85333333333,29722.923333333336,20629.25,16316.543333333333,14424.453333333333,13227.506666666666,12832.906666666668,12932.323333333334,12593.25,12740.966666666667,12510.769999999999,12800.626666666665,12361.263333333334,12297.226666666667,12313.573333333334,12635.626666666669,1912160.7681620447,1864069.7101034638,1571625.7405259933,1233639.3038508992,846542.3478677256,522965.47006220114,275542.561797849,143104.3797213047,75225.82363464205,41864.84100675044,26226.425582951186,19115.841518864312,15346.295157535145,14137.984146964685,12990.107948115165,12596.71508807595,12449.179769184104,12698.89567748575,1.3352574175906573e-07,1.2515532351838818e-07,1.2480740547714753e-07,1.2349314649082301e-07,1.219301857473635e-07,1.1925755501543148e-07,1.203700826702922e-07,1.2142697570062932e-07,1.2117786221854782e-07,1.2076897710289937e-07,1.2146543367643447e-07,1.2031409889768397e-07,1.2403034833537462e-07,1.2164120498449043e-07,1.2298449075482665e-07,1.2172875245705143e-07,1.2316517557700647e-07,1.2127174563792842e-07,1.2121234695911518e-07,1.1903103472238936e-07,1.208692504951226e-07,1.2051774086465592e-07,1.1895888928397402e-07,1.1553671458593771e-07,1.1406879611449355e-07,1.1020316736072199e-07,1.0050591579401311e-07,8.346264981316261e-08,6.314087977153167e-08,4.0123126291394007e-08,2.291700826763517e-08,1.15064335698381e-08,5.953617554354526e-09,2.894115780072936e-09,1.3416137280204951e-09,6.042055609936416e-10,0.9077826145151184,0.9510664938267763,0.9684461433440662,0.9759063096963994,0.9756311659399425,0.9687999604803876,0.9476507250305825,0.9075674225175555,0.8294082265021951,0.6910934564101635,0.5198259114583118,0.33348648794282226,0.18476936149262604,0.09459322251292394,0.04840949877349368,0.023775120681484373,0.010892800840296608,0.004982245104293056,0.231777494472066,0.22188214638827966,0.18996122531621884,0.1486754219419572,0.10070373743419218,0.06042171225287728,0.03143080830258408,0.015770555908479252,0.007560640295758613,0.0034941505644301416,0.0016559595845701432,0.0007669873234276657,0.00035169117300280246,0.0001626777753984733,7.733813471285869e-05,3.645635191348344e-05,1.6701990480932415e-05,7.672743386815008e-06,0.9638393488818644,0.9646615028071395,0.9663056639459846,0.9734815881393128,0.9747342423097187,0.9711236473718827,0.9587078920766654,0.9180989418400305,0.8238240592419501,0.6848984248390142,0.5193049566739738,0.3508951643517957,0.21811193763494252,0.1304591694670325,0.07975093022604796,0.029723408015478014,-0.02699379431864557,-0.055352395930999866,73832.4859374074,1274978.6559860238,3.4685260947500533e-07,2.0198986481815707e-07,104.16763050142835,0.7064703019749541,0.7132999184822193,0.03653057758249833,0.03151746349178261,,,30207.903847059053,0.006133993243987772,1000000.0,0.9902396125178359
2-3,7,0.0,100.0,0.012551039462088229,0.0035289235149297887,0.0016231634480015553,7.732455704039611,7.732455704039611,3.5566198612660904,0.725964497041,False,33.463238780108874,0.41999843045842766,0.09741089510298859,0.14147329952600407,True,19.64550473509953,12.241587937431108,30.369340054390136,158180.7,81562.46333333333,45895.80333333334,28021.256666666664,19879.26,15469.363333333333,14001.980000000001,13248.019999999999,12867.733333333332,12661.913333333332,12684.42,12420.416666666666,12570.93,12493.44,12685.65,12796.04,12523.493333333334,12528.413333333332,2025449.1878148213,1800116.1186960118,1498209.9044704915,1153349.286342273,795759.5537136496,469860.65092134447,250266.58776753323,128240.86782421067,65170.46704506795,37955.75936309432,24238.344615153426,18199.220473876794,15239.273330397991,13719.00640162198,13256.77592093657,13055.563418985565,12642.71679191295,12584.352196665259,1.3592727336015175e-07,1.344291244791986e-07,1.3281180662263012e-07,1.315538026889767e-07,1.2815119607441583e-07,1.2933090789965094e-07,1.2843774575639256e-07,1.2894638839607536e-07,1.3217223350116515e-07,1.3053581198698675e-07,1.3146800116077204e-07,1.2798718477857593e-07,1.2755050354732963e-07,1.286206334188559e-07,1.273887720371965e-07,1.2819193618432379e-07,1.3024963923666893e-07,1.2952353504380367e-07,1.25311815130663e-07,1.283382004424708e-07,1.287432815522053e-07,1.2835763053690075e-07,1.249497881438602e-07,1.250729075742215e-07,1.212518774254727e-07,1.1562548405892874e-07,1.0607518169412623e-07,8.698950528649094e-08,6.266811528732974e-08,4.06398082672927e-08,2.2333645971853803e-08,1.1490127073258766e-08,5.488139060404562e-09,2.5482477084485422e-09,1.2282812882810314e-09,5.757467060563602e-10,0.921903397551703,0.9546904433073925,0.9693662395393425,0.975704448774982,0.9750185091624378,0.9670766996491414,0.9440517404864043,0.8966942424457073,0.8025526911686118,0.6664033720889023,0.4766796082241563,0.3175302928773811,0.17509649394340923,0.08933346670623922,0.04308181147081054,0.01987837756646787,0.009430208755121341,0.0044451126651357045,0.2538127141800024,0.2310236632609313,0.1928844595555471,0.14804118157631962,0.09942998764997325,0.05876683776544887,0.030345293623680242,0.014827912418311459,0.006912969132896648,0.003301752729768672,0.0015189713747164632,0.0007396128306725407,0.0003403485354294222,0.00015763312687348702,7.275502974672265e-05,3.326880956493458e-05,1.5528812468543064e-05,7.245399325083143e-06,0.9970045149533343,0.9932917429494701,0.9858660502231302,0.9766463753053358,0.9699753346848734,0.9731339464107602,0.9652824856480908,0.9103701398443071,0.8097292584443618,0.6630666875471594,0.4850684583064293,0.3201957924671692,0.1789758653930118,0.08381350207603333,0.05305060718410992,0.034509100628687506,-0.00020156027847306746,-0.017556890133648237,69522.78467101124,1221382.7092749411,3.6842516313958547e-07,2.1245732664859732e-07,95.39239088603249,0.691233738894017,0.6973108854162403,0.03323379543275494,0.03072295189534189,,,35030.87998218647,0.0055973430041507885,1000000.0,0.9976507176605411
2-3,7,0.0,500.0,0.02403566475129381,0.0031861648769030302,0.0036673654963686663,6.553932182405415,6.553932182405415,7.543760502016647,0.725964497041,False,33.463238780108874,0.8043111888111909,0.25719283591834874,0.28878061499318575,True,19.64550473509953,12.241587937431108,30.369340054390136,158180.7,81562.46333333333,45895.80333333334,28021.256666666664,19879.26,15469.363333333333,14001.980000000001,13248.019999999999,12867.733333333332,12661.913333333332,12684.42,12420.416666666666,12570.93,12493.44,12685.65,12796.04,12523.493333333334,12528.413333333332,2025449.1878148213,1800116.1186960118,1498209.9044704915,1153349.286342273,795759.5537136496,469860.65092134447,250266.58776753323,128240.86782421067,65170.46704506795,37955.75936309432,24238.344615153426,18199.220473876794,15239.273330397991,13719.00640162198,13256.77592093657,13055.563418985565,12642.71679191295,12584.352196665259,1.3592727336015175e-07,1.344291244791986e-07,1.3281180662263012e-07,1.315538026889767e-07,1.2815119607441583e-07,1.2933090789965094e-07,1.2843774575639256e-07,1.2894638839607536e-07,1.3217223350116515e-07,1.3053581198698675e-07,1.3146800116077204e-07,1.2798718477857593e-07,1.2755050354732963e-07,1.286206334188559e-07,1.273887720371965e-07,1.2819193618432379e-07,1.3024963923666893e-07,1.2952353504380367e-07,1.25311815130663e-07,1.283382004424708e-07,1.287432815522053e-07,1.2835763053690075e-07,1.249497881438602e-07,1.250729075742215e-07,1.212518774254727e-07,1.1562548405892874e-07,1.0607518169412623e-07,8.698950528649094e-08,6.266811528732974e-08,4.06398082672927e-08,2.2333645971853803e-08,1.1490127073258766e-08,5.488139060404562e-09,2.5482477084485422e-09,1.2282812882810314e-09,5.757467060563602e-10,0.921903397551703,0.9546904433073925,0.9693662395393425,0.975704448774982,0.9750185091624378,0.9670766996491414,0.9440517404864043,0.8966942424457073,0.8025526911686118,0.6664033720889023,0.4766796082241563,0.3175302928773811,0.17509649394340923,0.08933346670623922,0.04308181147081054,0.01987837756646787,0.009430208755121341,0.0044451126651357045,0.2538127141800024,0.2310236632609313,0.1928844595555471,0.14804118157631962,0.09942998764997325,0.05876683776544887,0.030345293623680242,0.014827912418311459,0.006912969132896648,0.003301752729768672,0.0015189713747164632,0.0007396128306725407,0.0003403485354294222,0.00015763312687348702,7.275502974672265e-05,3.326880956493458e-05,1.5528812468543064e-05,7.245399325083143e-06,0.9970045149533343,0.9932917429494701,0.9858660502231302,0.9766463753053358,0.9699753346848734,0.9731339464107602,0.9652824856480908,0.9103701398443071,0.8097292584443618,0.6630666875471594,0.4850684583064293,0.3201957924671692,0.1789758653930118,0.08381350207603333,0.05305060718410992,0.034509100628687506,-0.00020156027847306746,-0.017556890133648237,69522.78467101124,1221382.7092749411,3.6842516313958547e-07,2.1245732664859732e-07,95.39239088603249,0.691233738894017,0.6973108854162403,0.03323379543275494,0.03072295189534189,,,35030.87998218647,0.0055973430041507885,1000000.0,0.9976507176605411
2-3,7,0.0,1000.0,0.02682524744329337,0.0035545195510786184,0.0025232677285537885,10.631153856459088,10.631153856459088,7.546799801720954,0.715911242604,False,33.269148438228534,0.8924531390831376,0.3591821847823258,0.6055869063895666,True,19.64550473509953,12.241587937431108,30.369340054390136,158180.7,81562.46333333333,45895.80333333334,28021.256666666664,19879.26,15469.363333333333,14001.980000000001,13248.019999999999,12867.733333333332,12661.913333333332,12684.42,12420.416666666666,12570.93,12493.44,12685.65,12796.04,12523.493333333334,12528.413333333332,2025449.1878148213,1800116.1186960118,1498209.9044704915,1153349.286342273,795759.5537136496,469860.65092134447,250266.58776753323,128240.86782421067,65170.46704506795,37955.75936309432,24238.344615153426,18199.220473876794,15239.273330397991,13719.00640162198,13256.77592093657,13055.563418985565,12642.71679191295,12584.352196665259,1.3592727336015175e-07,1.344291244791986e-07,1.3281180662263012e-07,1.315538026889767e-07,1.2815119607441583e-07,1.2933090789965094e-07,1.2843774575639256e-07,1.2894638839607536e-07,1.3217223350116515e-07,1.3053581198698675e-07,1.3146800116077204e-07,1.2798718477857593e-07,1.2755050354732963e-07,1.286206334188559e-07,1.273887720371965e-07,1.2819193618432379e-07,1.3024963923666893e-07,1.2952353504380367e-07,1.25311815130663e-07,1.283382004424708e-07,1.287432815522053e-07,1.2835763053690075e-07,1.249497881438602e-07,1.250729075742215e-07,1.212518774254727e-07,1.1562548405892874e-07,1.0607518169412623e-07,8.698950528649094e-08,6.266811528732974e-08,4.06398082672927e-08,2.2333645971853803e-08,1.1490127073258766e-08,5.488139060404562e-09,2.5482477084485422e-09,1.2282812882810314e-09,5.757467060563602e-10,0.921903397551703,0.9546904433073925,0.9693662395393425,0.975704448774982,0.9750185091624378,0.9670766996491414,0.9440517404864043,0.8966942424457073,0.8025526911686118,0.6664033720889023,0.4766796082241563,0.3175302928773811,0.17509649394340923,0.08933346670623922,0.04308181147081054,0.01987837756646787,0.009430208755121341,0.0044451126651357045,0.2538127141800024,0.2310236632609313,0.1928844595555471,0.14804118157631962,0.09942998764997325,0.05876683776544887,0.030345293623680242,0.014827912418311459,0.006912969132896648,0.003301752729768672,0.0015189713747164632,0.0007396128306725407,0.0003403485354294222,0.00015763312687348702,7.275502974672265e-05,3.326880956493458e-05,1.5528812468543064e-05,7.245399325083143e-06,0.9970045149533343,0.9932917429494701,0.9858660502231302,0.9766463753053358,0.9699753346848734,0.9731339464107602,0.9652824856480908,0.9103701398443071,0.8097292584443618,0.6630666875471594,0.4850684583064293,0.3201957924671692,0.1789758653930118,0.08381350207603333,0.05305060718410992,0.034509100628687506,-0.00020156027847306746,-0.017556890133648237,69522.78467101124,1221382.7092749411,3.6842516313958547e-07,2.1245732664859732e-07,95.39239088603249,0.691233738894017,0.6973108854162403,0.03323379543275494,0.03072295189534189,,,35030.87998218647,0.0055973430041507885,1000000.0,0.9976507176605411
2-3,7,0.0,5000.0,0.03851510755845783,0.003367177905545639,0.001064884289008309,36.16834989116579,36.16834989116579,11.438394001999306,0.725964497041,False,33.463238780108874,1.2888402408702504,0.4737748584852935,0.4801674336829097,True,19.64550473509953,12.241587937431108,30.369340054390136,158180.7,81562.46333333333,45895.80333333334,28021.256666666664,19879.26,15469.363333333333,14001.980000000001,13248.019999999999,12867.733333333332,12661.913333333332,12684.42,12420.416666666666,12570.93,12493.44,12685.65,12796.04,12523.493333333334,12528.413333333332,2025449.1878148213,1800116.1186960118,1498209.9044704915,1153349.286342273,795759.5537136496,469860.65092134447,250266.58776753323,128240.86782421067,65170.46704506795,37955.75936309432,24238.344615153426,18199.220473876794,15239.273330397991,13719.00640162198,13256.77592093657,13055.563418985565,12642.71679191295,12584.352196665259,1.3592727336015175e-07,1.344291244791986e-07,1.3281180662263012e-07,1.315538026889767e-07,1.2815119607441583e-07,1.2933090789965094e-07,1.2843774575639256e-07,1.2894638839607536e-07,1.3217223350116515e-07,1.3053581198698675e-07,1.3146800116077204e-07,1.2798718477857593e-07,1.2755050354732963e-07,1.286206334188559e-07,1.273887720371965e-07,1.2819193618432379e-07,1.3024963923666893e-07,1.2952353504380367e-07,1.25311815130663e-07,1.283382004424708e-07,1.287432815522053e-07,1.2835763053690075e-07,1.249497881438602e-07,1.250729075742215e-07,1.212518774254727e-07,1.1562548405892874e-07,1.0607518169412623e-07,8.698950528649094e-08,6.266811528732974e-08,4.06398082672927e-08,2.2333645971853803e-08,1.1490127073258766e-08,5.488139060404562e-09,2.5482477084485422e-09,1.2282812882810314e-09,5.757467060563602e-10,0.921903397551703,0.9546904433073925,0.9693662395393425,0.975704448774982,0.9750185091624378,0.9670766996491414,0.9440517404864043,0.8966942424457073,0.8025526911686118,0.6664033720889023,0.4766796082241563,0.3175302928773811,0.17509649394340923,0.08933346670623922,0.04308181147081054,0.01987837756646787,0.009430208755121341,0.0044451126651357045,0.2538127141800024,0.2310236632609313,0.1928844595555471,0.14804118157631962,0.09942998764997325,0.05876683776544887,0.030345293623680242,0.014827912418311459,0.006912969132896648,0.003301752729768672,0.0015189713747164632,0.0007396128306725407,0.0003403485354294222,0.00015763312687348702,7.275502974672265e-05,3.326880956493458e-05,1.5528812468543064e-05,7.245399325083143e-06,0.9970045149533343,0.9932917429494701,0.9858660502231302,0.9766463753053358,0.9699753346848734,0.9731339464107602,0.9652824856480908,0.9103701398443071,0.8097292584443618,0.6630666875471594,0.4850684583064293,0.3201957924671692,0.1789758653930118,0.08381350207603333,0.05305060718410992,0.034509100628687506,-0.00020156027847306746,-0.017556890133648237,69522.78467101124,1221382.7092749411,3.6842516313958547e-07,2.1245732664859732e-07,95.39239088603249,0.691233738894017,0.6973108854162403,0.03323379543275494,0.03072295189534189,,,35030.87998218647,0.0055973430041507885,1000000.0,0.9976507176605411
2-3,3,1.0,100.0,0.013274021137414075,0.0038535933213293475,0.004633631377861675,2.86471237242436,2.86471237242436,3.4445827648556926,0.766177514793,False,28.03480074592082,0.37213453768454485,0.11647829327267506,0.24562260659948476,True,16.087583517888906,10.029360531842629,24.936737933178,249750.66666666666,131030.8,68158.98999999999,39489.80333333334,25139.39333333333,18133.600000000002,15111.416666666666,13529.200000000003,12818.75,12631.279999999999,12530.893333333333,12633.023333333333,12325.340000000002,12582.62,12597.953333333333,12613.480000000001,12516.706666666667,12412.159999999998,2079372.6933922719,1889209.675858611,1747402.301698933,1434588.267380044,1047837.7644603396,698150.1156664975,388067.89721406816,210148.05480395077,112379.00314044229,57231.45872476106,33044.64169515626,22134.935664617453,16777.332437581044,14587.823195226749,13557.872577491202,13036.480890803254,12724.285841397834,12509.448698749407,1.0928302745104763e-07,1.0485806997113677e-07,1.0135263932664977e-07,9.952721756182931e-08,9.925878458710105e-08,9.764540207317939e-08,9.840225855727878e-08,9.758238880444224e-08,9.598151804682825e-08,9.842259193602487e-08,9.926738997050783e-08,9.896790692556764e-08,9.972638412422808e-08,1.0019714581134172e-07,9.860208594072378e-08,1.0113434734248767e-07,9.873774486969197e-08,9.867307537137561e-08,9.615718952503139e-08,9.758537971851585e-08,9.739928895986689e-08,9.678753932996398e-08,9.687739911679509e-08,9.510918153364136e-08,9.457046123347223e-08,9.130009579989979e-08,8.503318205807446e-08,7.670021503403962e-08,6.162409861107478e-08,4.248417024860064e-08,2.64631525661286e-08,1.3772831919106615e-08,6.9811867066627386e-09,3.281554230394905e-09,1.6107701328262286e-09,7.674019323843616e-10,0.8798913405661659,0.9306425318087315,0.9609941054022125,0.9724730752151958,0.9760083152316229,0.9740262164352881,0.9610598640723667,0.9356206270259246,0.8859328732078167,0.7792948095077104,0.6207889482072931,0.42927219104019637,0.2653575861445426,0.13745732782687323,0.07080161276567305,0.03244747523096229,0.016313620844308572,0.00777721713340841,0.19994663417169567,0.18435924358655684,0.1701957417123109,0.1388502683513509,0.10151179731727464,0.06640048608865763,0.03669976002943812,0.0191865375357633,0.00955594423354615,0.004389665190900937,0.002036346258389942,0.00094038437521743,0.00044398110794836534,0.00020091563693350282,9.465003980860885e-05,4.2779919016677766e-05,2.049589959486729e-05,9.599775104483333e-06,0.9577407959729877,0.9607509905153471,0.9667712323548692,0.9746716481924569,0.9836070591315895,0.9777194469164385,0.9611574576101631,0.9416413767743883,0.8817991957425395,0.7788726864850037,0.6351947134888789,0.4479517216343609,0.27317655306007893,0.14898063935166306,0.09115589809404234,0.05303398406724469,-0.0054745059615566305,-0.034728750241333685,92487.43617770368,1459469.7207996303,2.8227364026743823e-07,1.726737950121674e-07,127.3843376314226,0.7585957145414179,0.7645689123159379,0.05295945076024511,0.05059345306201195,,,20828.26232859514,0.007324549778417848,1000000.0,0.8886594797180115
2-3,3,1.0,500.0,0.030924793069434194,0.008685890692211403,0.0005406959269828693,57.19442578751657,57.19442578751657,3.560347944185426,0.766177514793,False,28.03480074592082,0.8669704118104207,0.22641806382719576,0.19411773026612134,False,16.087583517888906,10.029360531842629,24.936737933178,249750.66666666666,131030.8,68158.98999999999,39489.80333333334,25139.39333333333,18133.600000000002,15111.416666666666,13529.200000000003,12818.75,12631.279999999999,12530.893333333333,12633.023333333333,12325.340000000002,12582.62,12597.953333333333,12613.480000000001,12516.706666666667,12412.159999999998,2079372.6933922719,1889209.675858611,1747402.301698933,1434588.267380044,1047837.7644603396,698150.1156664975,388067.89721406816,210148.05480395077,112379.00314044229,57231.45872476106,33044.64169515626,22134.935664617453,16777.332437581044,14587.823195226749,13557.872577491202,13036.480890803254,12724.285841397834,12509.448698749407,1.0928302745104763e-07,1.0485806997113677e-07,1.0135263932664977e-07,9.952721756182931e-08,9.925878458710105e-08,9.764540207317939e-08,9.840225855727878e-08,9.758238880444224e-08,9.598151804682825e-08,9.842259193602487e-08,9.926738997050783e-08,9.896790692556764e-08,9.972638412422808e-08,1.0019714581134172e-07,9.860208594072378e-08,1.0113434734248767e-07,9.873774486969197e-08,9.867307537137561e-08,9.615718952503139e-08,9.758537971851585e-08,9.739928895986689e-08,9.678753932996398e-08,9.687739911679509e-08,9.510918153364136e-08,9.457046123347223e-08,9.130009579989979e-08,8.503318205807446e-08,7.670021503403962e-08,6.162409861107478e-08,4.248417024860064e-08,2.64631525661286e-08,1.3772831919106615e-08,6.9811867066627386e-09,3.281554230394905e-09,1.6107701328262286e-09,7.674019323843616e-10,0.8798913405661659,0.9306425318087315,0.9609941054022125,0.9724730752151958,0.9760083152316229,0.9740262164352881,0.9610598640723667,0.9356206270259246,0.8859328732078167,0.7792948095077104,0.6207889482072931,0.42927219104019637,0.2653575861445426,0.13745732782687323,0.07080161276567305,0.03244747523096229,0.016313620844308572,0.00777721713340841,0.19994663417169567,0.18435924358655684,0.1701957417123109,0.1388502683513509,0.10151179731727464,0.06640048608865763,0.03669976002943812,0.0191865375357633,0.00955594423354615,0.004389665190900937,0.002036346258389942,0.00094038437521743,0.00044398110794836534,0.00020091563693350282,9.465003980860885e-05,4.2779919016677766e-05,2.049589959486729e-05,9.599775104483333e-06,0.9577407959729877,0.9607509905153471,0.9667712323548692,0.9746716481924569,0.9836070591315895,0.9777194469164385,0.9611574576101631,0.9416413767743883,0.8817991957425395,0.7788726864850037,0.6351947134888789,0.4479517216343609,0.27317655306007893,0.14898063935166306,0.09115589809404234,0.05303398406724469,-0.0054745059615566305,-0.034728750241333685,92487.43617770368,1459469.7207996303,2.8227364026743823e-07,1.726737950121674e-07,127.3843376314226,0.7585957145414179,0.7645689123159379,0.05295945076024511,0.05059345306201195,,,20828.26232859514,0.007324549778417848,1000000.0,0.8886594797180115
2-3,3,1.0,1000.0,0.02144534476750276,0.006714904075666892,0.004612280998131586,4.649618003801193,4.649618003801193,3.193693390977132,0.786284023669,False,28.380503100233177,0.6086296736596815,0.1906055321195342,0.4099821472480958,True,16.087583517888906,10.029360531842629,24.936737933178,249750.66666666666,131030.8,68158.98999999999,39489.80333333334,25139.39333333333,18133.600000000002,15111.416666666666,13529.200000000003,12818.75,12631.279999999999,12530.893333333333,12633.023333333333,12325.340000000002,12582.62,12597.953333333333,12613.480000000001,12516.706666666667,12412.159999999998,2079372.6933922719,1889209.675858611,1747402.301698933,1434588.267380044,1047837.7644603396,698150.1156664975,388067.89721406816,210148.05480395077,112379.00314044229,57231.45872476106,33044.64169515626,22134.935664617453,16777.332437581044,14587.823195226749,13557.872577491202,13036.480890803254,12724.285841397834,12509.448698749407,1.0928302745104763e-07,1.0485806997113677e-07,1.0135263932664977e-07,9.952721756182931e-08,9.925878458710105e-08,9.764540207317939e-08,9.840225855727878e-08,9.758238880444224e-08,9.598151804682825e-08,9.842259193602487e-08,9.926738997050783e-08,9.896790692556764e-08,9.972638412422808e-08,1.0019714581134172e-07,9.860208594072378e-08,1.0113434734248767e-07,9.873774486969197e-08,9.867307537137561e-08,9.615718952503139e-08,9.758537971851585e-08,9.739928895986689e-08,9.678753932996398e-08,9.687739911679509e-08,9.510918153364136e-08,9.457046123347223e-08,9.130009579989979e-08,8.503318205807446e-08,7.670021503403962e-08,6.162409861107478e-08,4.248417024860064e-08,2.64631525661286e-08,1.3772831919106615e-08,6.9811867066627386e-09,3.281554230394905e-09,1.6107701328262286e-09,7.674019323843616e-10,0.8798913405661659,0.9306425318087315,0.9609941054022125,0.9724730752151958,0.9760083152316229,0.9740262164352881,0.9610598640723667,0.9356206270259246,0.8859328732078167,0.7792948095077104,0.6207889482072931,0.42927219104019637,0.2653575861445426,0.13745732782687323,0.07080161276567305,0.03244747523096229,0.016313620844308572,0.00777721713340841,0.19994663417169567,0.18435924358655684,0.1701957417123109,0.1388502683513509,0.10151179731727464,0.06640048608865763,0.03669976002943812,0.0191865375357633,0.00955594423354615,0.004389665190900937,0.002036346258389942,0.00094038437521743,0.00044398110794836534,0.00020091563693350282,9.465003980860885e-05,4.2779919016677766e-05,2.049589959486729e-05,9.599775104483333e-06,0.9577407959729877,0.9607509905153471,0.9667712323548692,0.9746716481924569,0.9836070591315895,0.9777194469164385,0.9611574576101631,0.9416413767743883,0.8817991957425395,0.7788726864850037,0.6351947134888789,0.4479517216343609,0.27317655306007893,0.14898063935166306,0.09115589809404234,0.05303398406724469,-0.0054745059615566305,-0.034728750241333685,92487.43617770368,1459469.7207996303,2.8227364026743823e-07,1.726737950121674e-07,127.3843376314226,0.7585957145414179,0.7645689123159379,0.05295945076024511,0.05059345306201195,,,20828.26232859514,0.007324549778417848,1000000.0,0.8886594797180115
2-3,3,1.0,5000.0,0.04634235313742402,0.0036821408711069713,0.001680733995247082,27.572687449932435,27.572687449932435,12.585708901325114,0.776230769231,False,28.201093356643433,1.3069050271950324,0.48392484651673784,0.4981791520415466,True,16.087583517888906,10.029360531842629,24.936737933178,249750.66666666666,131030.8,68158.98999999999,39489.80333333334,25139.39333333333,18133.600000000002,15111.416666666666,13529.200000000003,12818.75,12631.279999999999,12530.893333333333,12633.023333333333,12325.340000000002,12582.62,12597.953333333333,12613.480000000001,12516.706666666667,12412.159999999998,2079372.6933922719,1889209.675858611,1747402.301698933,1434588.267380044,1047837.7644603396,698150.1156664975,388067.89721406816,210148.05480395077,112379.00314044229,57231.45872476106,33044.64169515626,22134.935664617453,16777.332437581044,14587.823195226749,13557.872577491202,13036.480890803254,12724.285841397834,12509.448698749407,1.0928302745104763e-07,1.0485806997113677e-07,1.0135263932664977e-07,9.952721756182931e-08,9.925878458710105e-08,9.764540207317939e-08,9.840225855727878e-08,9.758238880444224e-08,9.598151804682825e-08,9.842259193602487e-08,9.926738997050783e-08,9.896790692556764e-08,9.972638412422808e-08,1.0019714581134172e-07,9.860208594072378e-08,1.0113434734248767e-07,9.873774486969197e-08,9.867307537137561e-08,9.615718952503139e-08,9.758537971851585e-08,9.739928895986689e-08,9.678753932996398e-08,9.687739911679509e-08,9.510918153364136e-08,9.457046123347223e-08,9.130009579989979e-08,8.503318205807446e-08,7.670021503403962e-08,6.162409861107478e-08,4.248417024860064e-08,2.64631525661286e-08,1.3772831919106615e-08,6.9811867066627386e-09,3.281554230394905e-09,1.6107701328262286e-09,7.674019323843616e-10,0.8798913405661659,0.9306425318087315,0.9609941054022125,0.9724730752151958,0.9760083152316229,0.9740262164352881,0.9610598640723667,0.9356206270259246,0.8859328732078167,0.7792948095077104,0.6207889482072931,0.42927219104019637,0.2653575861445426,0.13745732782687323,0.07080161276567305,0.03244747523096229,0.016313620844308572,0.00777721713340841,0.19994663417169567,0.18435924358655684,0.1701957417123109,0.1388502683513509,0.10151179731727464,0.06640048608865763,0.03669976002943812,0.0191865375357633,0.00955594423354615,0.004389665190900937,0.002036346258389942,0.00094038437521743,0.00044398110794836534,0.00020091563693350282,9.465003980860885e-05,4.2779919016677766e-05,2.049589959486729e-05,9.599775104483333e-06,0.9577407959729877,0.9607509905153471,0.9667712323548692,0.9746716481924569,0.9836070591315895,0.9777194469164385,0.9611574576101631,0.9416413767743883,0.8817991957425395,0.7788726864850037,0.6351947134888789,0.4479517216343609,0.27317655306007893,0.14898063935166306,0.09115589809404234,0.05303398406724469,-0.0054745059615566305,-0.034728750241333685,92487.43617770368,1459469.7207996303,2.8227364026743823e-07,1.726737950121674e-07,127.3843376314226,0.7585957145414179,0.7645689123159379,0.05295945076024511,0.05059345306201195,,,20828.26232859514,0.007324549778417848,1000000.0,0.8886594797180115
2-3,5,1.0,100.0,0.011169355457854828,0.004019596184265362,0.0032687209914707364,3.4170415544794666,3.4170415544794666,2.7787257589648116,0.836550295858,False,32.662785462315554,0.36482226107225557,0.08826712168526041,0.1921816078579347,False,17.908247457469898,11.15911489302357,27.799398026418103,194970.33333333334,104481.06666666665,55462.56,32450.36,21974.936666666665,16388.436666666665,14503.386666666667,13415.156666666668,12941.566666666668,12667.589999999998,12429.866666666667,12499.283333333335,12293.89,12359.576666666668,12276.436666666666,12272.78,12621.223333333333,12526.996666666666,1970270.4491797672,1797292.6544575968,1614045.1018231285,1316418.6411654819,855868.0390573044,548598.5547629179,304375.1514844479,157812.59371552707,83023.39375970795,47385.33117860708,27998.16242163677,19501.204770051518,15710.708273663347,13974.578054608495,13016.324271747295,12617.7392833702,12777.580449797955,12596.526762867192,1.2556441511538923e-07,1.1967321942179635e-07,1.1662417646034135e-07,1.1444580319205067e-07,1.175712470896045e-07,1.1610293997972053e-07,1.1393287739629304e-07,1.1435165858164312e-07,1.1385636507059284e-07,1.1139457701573558e-07,1.1441062548659512e-07,1.1590505329730532e-07,1.1398065118135452e-07,1.1265016628281509e-07,1.1377174248454354e-07,1.1353542382639716e-07,1.132949571549045e-07,1.1618328404037638e-07,1.1313904687213907e-07,1.127163192277115e-07,1.126166828797245e-07,1.1162465846047563e-07,1.145525332333647e-07,1.1263456467659246e-07,1.0850400921547904e-07,1.0463098053657408e-07,9.610859938360992e-08,8.161530155726147e-08,6.361769134212722e-08,4.1615791787012844e-08,2.478889971201087e-08,1.3018652455029063e-08,6.467133141070616e-09,3.1039711283228213e-09,1.3863714558732304e-09,6.413065338005544e-10,0.9010438727259494,0.941867527023195,0.9656375401546382,0.9753495134562434,0.9743243868635744,0.970126722857028,0.9523502933930934,0.9149931171472359,0.8441214448047855,0.7326685350735924,0.556047054821678,0.3590507109320347,0.21748340139388458,0.1155670948797798,0.05684305258794123,0.027339230556526473,0.012236832871366815,0.005519783152089981,0.22291452070054016,0.20258421258546347,0.1817684053855879,0.14694478121110033,0.09804185198748656,0.061791159397929035,0.03302592424163136,0.016512086421475586,0.007979262090319472,0.003867368093532721,0.0017811784550864336,0.0008115580773063658,0.00038945117180050017,0.00018193017489862416,8.417830207273879e-05,3.9165098440285785e-05,1.771447281072372e-05,8.078234916220277e-06,0.9691706032849968,0.9711113351677021,0.9749926506674136,0.9868255498112983,0.9929091484680637,0.9805984088233117,0.9423984497168814,0.8978058841867878,0.8385355850536556,0.7223409509219625,0.5650382012875532,0.39729022952130144,0.2443330734390532,0.12479512284376426,0.0644521737395376,0.023340906426179586,-0.03588614814611368,-0.06549967630808826,79131.12391415611,1305308.1053430005,3.2606253909334287e-07,1.943153830580479e-07,111.53675201739595,0.7245739630318785,0.7312499923798411,0.04350119880954086,0.0222404757110559,,,27594.458815867114,0.0065954022232977355,1000000.0,0.8974100975586231
2-3,5,1.0,500.0,0.01343105511967239,0.003018052821222905,0.0016019903009388923,8.383980297384284,8.383980297384284,4.4502385860265266,0.906923076923,False,33.91261424242434,0.45548219114218824,0.1485608263292058,0.36373315513573534,True,17.908247457469898,11.15911489302357,27.799398026418103,194970.33333333334,104481.06666666665,55462.56,32450.36,21974.936666666665,16388.436666666665,14503.386666666667,13415.156666666668,12941.566666666668,12667.589999999998,12429.866666666667,12499.283333333335,12293.89,12359.576666666668,12276.436666666666,12272.78,12621.223333333333,12526.996666666666,1970270.4491797672,1797292.6544575968,1614045.1018231285,1316418.6411654819,855868.0390573044,548598.5547629179,304375.1514844479,157812.59371552707,83023.39375970795,47385.33117860708,27998.16242163677,19501.204770051518,15710.708273663347,13974.578054608495,13016.324271747295,12617.7392833702,12777.580449797955,12596.526762867192,1.2556441511538923e-07,1.1967321942179635e-07,1.1662417646034135e-07,1.1444580319205067e-07,1.175712470896045e-07,1.1610293997972053e-07,1.1393287739629304e-07,1.1435165858164312e-07,1.1385636507059284e-07,1.1139457701573558e-07,1.1441062548659512e-07,1.1590505329730532e-07,1.1398065118135452e-07,1.1265016628281509e-07,1.1377174248454354e-07,1.1353542382639716e-07,1.132949571549045e-07,1.1618328404037638e-07,1.1313904687213907e-07,1.127163192277115e-07,1.126166828797245e-07,1.1162465846047563e-07,1.145525332333647e-07,1.1263456467659246e-07,1.0850400921547904e-07,1.0463098053657408e-07,9.610859938360992e-08,8.161530155726147e-08,6.361769134212722e-08,4.1615791787012844e-08,2.478889971201087e-08,1.3018652455029063e-08,6.467133141070616e-09,3.1039711283228213e-09,1.3863714558732304e-09,6.413065338005544e-10,0.9010438727259494,0.941867527023195,0.9656375401546382,0.9753495134562434,0.9743243868635744,0.970126722857028,0.9523502933930934,0.9149931171472359,0.8441214448047855,0.7326685350735924,0.556047054821678,0.3590507109320347,0.21748340139388458,0.1155670948797798,0.05684305258794123,0.027339230556526473,0.012236832871366815,0.005519783152089981,0.22291452070054016,0.20258421258546347,0.1817684053855879,0.14694478121110033,0.09804185198748656,0.061791159397929035,0.03302592424163136,0.016512086421475586,0.007979262090319472,0.003867368093532721,0.0017811784550864336,0.0008115580773063658,0.00038945117180050017,0.00018193017489862416,8.417830207273879e-05,3.9165098440285785e-05,1.771447281072372e-05,8.078234916220277e-06,0.9691706032849968,0.9711113351677021,0.9749926506674136,0.9868255498112983,0.9929091484680637,0.9805984088233117,0.9423984497168814,0.8978058841867878,0.8385355850536556,0.7223409509219625,0.5650382012875532,0.39729022952130144,0.2443330734390532,0.12479512284376426,0.0644521737395376,0.023340906426179586,-0.03588614814611368,-0.06549967630808826,79131.12391415611,1305308.1053430005,3.2606253909334287e-07,1.943153830580479e-07,111.53675201739595,0.7245739630318785,0.7312499923798411,0.04350119880954086,0.0222404757110559,,,27594.458815867114,0.0065954022232977355,1000000.0,0.8974100975586231
2-3,5,1.0,1000.0,0.01754997775255796,0.004101822193399095,0.0011595818300107546,15.134747111719742,15.134747111719742,4.278580817276884,0.906923076923,False,33.91261424242434,0.5951656254856275,0.23897073674597188,0.39354409613349894,True,17.908247457469898,11.15911489302357,27.799398026418103,194970.33333333334,104481.06666666665,55462.56,32450.36,21974.936666666665,16388.436666666665,14503.386666666667,13415.156666666668,12941.566666666668,12667.589999999998,12429.866666666667,12499.283333333335,12293.89,12359.576666666668,12276.436666666666,12272.78,12621.223333333333,12526.996666666666,1970270.4491797672,1797292.6544575968,1614045.1018231285,1316418.6411654819,855868.0390573044,548598.5547629179,304375.1514844479,157812.59371552707,83023.39375970795,47385.33117860708,27998.16242163677,19501.204770051518,15710.708273663347,13974.578054608495,13016.324271747295,12617.7392833702,12777.580449797955,12596.526762867192,1.2556441511538923e-07,1.1967321942179635e-07,1.1662417646034135e-07,1.1444580319205067e-07,1.175712470896045e-07,1.1610293997972053e-07,1.1393287739629304e-07,1.1435165858164312e-07,1.1385636507059284e-07,1.1139457701573558e-07,1.1441062548659512e-07,1.1590505329730532e-07,1.1398065118135452e-07,1.1265016628281509e-07,1.1377174248454354e-07,1.1353542382639716e-07,1.132949571549045e-07,1.1618328404037638e-07,1.1313904687213907e-07,1.127163192277115e-07,1.126166828797245e-07,1.1162465846047563e-07,1.145525332333647e-07,1.1263456467659246e-07,1.0850400921547904e-07,1.0463098053657408e-07,9.610859938360992e-08,8.161530155726147e-08,6.361769134212722e-08,4.1615791787012844e-08,2.478889971201087e-08,1.3018652455029063e-08,6.467133141070616e-09,3.1039711283228213e-09,1.3863714558732304e-09,6.413065338005544e-10,0.9010438727259494,0.941867527023195,0.9656375401546382,0.9753495134562434,0.9743243868635744,0.970126722857028,0.9523502933930934,0.9149931171472359,0.8441214448047855,0.7326685350735924,0.556047054821678,0.3590507109320347,0.21748340139388458,0.1155670948797798,0.05684305258794123,0.027339230556526473,0.012236832871366815,0.005519783152089981,0.22291452070054016,0.20258421258546347,0.1817684053855879,0.14694478121110033,0.09804185198748656,0.061791159397929035,0.03302592424163136,0.016512086421475586,0.007979262090319472,0.003867368093532721,0.0017811784550864336,0.0008115580773063658,0.00038945117180050017,0.00018193017489862416,8.417830207273879e-05,3.9165098440285785e-05,1.771447281072372e-05,8.078234916220277e-06,0.9691706032849968,0.9711113351677021,0.9749926506674136,0.9868255498112983,0.9929091484680637,0.9805984088233117,0.9423984497168814,0.8978058841867878,0.8385355850536556,0.7223409509219625,0.5650382012875532,0.39729022952130144,0.2443330734390532,0.12479512284376426,0.0644521737395376,0.023340906426179586,-0.03588614814611368,-0.06549967630808826,79131.12391415611,1305308.1053430005,3.2606253909334287e-07,1.943153830580479e-07,111.53675201739595,0.7245739630318785,0.7312499923798411,0.04350119880954086,0.0222404757110559,,,27594.458815867114,0.0065954022232977355,1000000.0,0.8974100975586231
2-3,5,1.0,5000.0,0.040006560930121005,0.003885923506166452,0.006498443271543799,6.15632994832882,6.15632994832882,10.295251789345784,0.82649704142,False,32.47270169386178,1.299121118881125,0.44328002652847237,0.37655406219577037,True,17.908247457469898,11.15911489302357,27.799398026418103,194970.33333333334,104481.06666666665,55462.56,32450.36,21974.936666666665,16388.436666666665,14503.386666666667,13415.156666666668,12941.566666666668,12667.589999999998,12429.866666666667,12499.283333333335,12293.89,12359.576666666668,12276.436666666666,12272.78,12621.223333333333,12526.996666666666,1970270.4491797672,1797292.6544575968,1614045.1018231285,1316418.6411654819,855868.0390573044,548598.5547629179,304375.1514844479,157812.59371552707,83023.39375970795,47385.33117860708,27998.16242163677,19501.204770051518,15710.708273663347,13974.578054608495,13016.324271747295,12617.7392833702,12777.580449797955,12596.526762867192,1.2556441511538923e-07,1.1967321942179635e-07,1.1662417646034135e-07,1.1444580319205067e-07,1.175712470896045e-07,1.1610293997972053e-07,1.1393287739629304e-07,1.1435165858164312e-07,1.1385636507059284e-07,1.1139457701573558e-07,1.1441062548659512e-07,1.1590505329730532e-07,1.1398065118135452e-07,1.1265016628281509e-07,1.1377174248454354e-07,1.1353542382639716e-07,1.132949571549045e-07,1.1618328404037638e-07,1.1313904687213907e-07,1.127163192277115e-07,1.126166828797245e-07,1.1162465846047563e-07,1.145525332333647e-07,1.1263456467659246e-07,1.0850400921547904e-07,1.0463098053657408e-07,9.610859938360992e-08,8.161530155726147e-08,6.361769134212722e-08,4.1615791787012844e-08,2.478889971201087e-08,1.3018652455029063e-08,6.467133141070616e-09,3.1039711283228213e-09,1.3863714558732304e-09,6.413065338005544e-10,0.9010438727259494,0.941867527023195,0.9656375401546382,0.9753495134562434,0.9743243868635744,0.970126722857028,0.9523502933930934,0.9149931171472359,0.8441214448047855,0.7326685350735924,0.556047054821678,0.3590507109320347,0.21748340139388458,0.1155670948797798,0.05684305258794123,0.027339230556526473,0.012236832871366815,0.005519783152089981,0.22291452070054016,0.20258421258546347,0.1817684053855879,0.14694478121110033,0.09804185198748656,0.061791159397929035,0.03302592424163136,0.016512086421475586,0.007979262090319472,0.003867368093532721,0.0017811784550864336,0.0008115580773063658,0.00038945117180050017,0.00018193017489862416,8.417830207273879e-05,3.9165098440285785e-05,1.771447281072372e-05,8.078234916220277e-06,0.9691706032849968,0.9711113351677021,0.9749926506674136,0.9868255498112983,0.9929091484680637,0.9805984088233117,0.9423984497168814,0.8978058841867878,0.8385355850536556,0.7223409509219625,0.5650382012875532,0.39729022952130144,0.2443330734390532,0.12479512284376426,0.0644521737395376,0.023340906426179586,-0.03588614814611368,-0.06549967630808826,79131.12391415611,1305308.1053430005,3.2606253909334287e-07,1.943153830580479e-07,111.53675201739595,0.7245739630318785,0.7312499923798411,0.04350119880954086,0.0222404757110559,,,27594.458815867114,0.0065954022232977355,1000000.0,0.8974100975586231
2-3,6,1.0,100.0,0.010828620658409319,0.005036702704752444,0.0015102920433555695,7.169885258979628,7.169885258979628,2.1499423915157507,0.96724260355,False,36.67230735819746,0.39711050505051304,0.09941531234774272,0.2628986160268223,True,18.756244664344692,11.691686540954802,28.92212963480971,176334.46666666667,91215.46666666667,49590.85333333333,29722.923333333336,20629.25,16316.543333333333,14424.453333333333,13227.506666666666,12832.906666666668,12932.323333333334,12593.25,12740.966666666667,12510.769999999999,12800.626666666665,12361.263333333334,12297.226666666667,12313.573333333334,12635.626666666669,1912160.7681620447,1864069.7101034638,1571625.7405259933,1233639.3038508992,846542.3478677256,522965.47006220114,275542.561797849,143104.3797213047,75225.82363464205,41864.84100675044,26226.425582951186,19115.841518864312,15346.295157535145,14137.984146964685,12990.107948115165,12596.71508807595,12449.179769184104,12698.89567748575,1.3352574175906573e-07,1.2515532351838818e-07,1.2480740547714753e-07,1.2349314649082301e-07,1.219301857473635e-07,1.1925755501543148e-07,1.203700826702922e-07,1.2142697570062932e-07,1.2117786221854782e-07,1.2076897710289937e-07,1.2146543367643447e-07,1.2031409889768397e-07,1.2403034833537462e-07,1.2164120498449043e-07,1.2298449075482665e-07,1.2172875245705143e-07,1.2316517557700647e-07,1.2127174563792842e-07,1.2121234695911518e-07,1.1903103472238936e-07,1.208692504951226e-07,1.2051774086465592e-07,1.1895888928397402e-07,1.1553671458593771e-07,1.1406879611449355e-07,1.1020316736072199e-07,1.0050591579401311e-07,8.346264981316261e-08,6.314087977153167e-08,4.0123126291394007e-08,2.291700826763517e-08,1.15064335698381e-08,5.953617554354526e-09,2.894115780072936e-09,1.3416137280204951e-09,6.042055609936416e-10,0.9077826145151184,0.9510664938267763,0.9684461433440662,0.9759063096963994,0.9756311659399425,0.9687999604803876,0.9476507250305825,0.9075674225175555,0.8294082265021951,0.6910934564101635,0.5198259114583118,0.33348648794282226,0.18476936149262604,0.09459322251292394,0.04840949877349368,0.023775120681484373,0.010892800840296608,0.004982245104293056,0.231777494472066,0.22188214638827966,0.18996122531621884,0.1486754219419572,0.10070373743419218,0.06042171225287728,0.03143080830258408,0.015770555908479252,0.007560640295758613,0.0034941505644301416,0.0016559595845701432,0.0007669873234276657,0.00035169117300280246,0.0001626777753984733,7.733813471285869e-05,3.645635191348344e-05,1.6701990480932415e-05,7.672743386815008e-06,0.9638393488818644,0.9646615028071395,0.9663056639459846,0.9734815881393128,0.9747342423097187,0.9711236473718827,0.9587078920766654,0.9180989418400305,0.8238240592419501,0.6848984248390142,0.5193049566739738,0.3508951643517957,0.21811193763494252,0.1304591694670325,0.07975093022604796,0.029723408015478014,-0.02699379431864557,-0.055352395930999866,73832.4859374074,1274978.6559860238,3.4685260947500533e-07,2.0198986481815707e-07,104.16763050142835,0.7064703019749541,0.7132999184822193,0.03653057758249833,0.03151746349178261,,,30207.903847059053,0.006133993243987772,1000000.0,0.9461662655469996
2-3,6,1.0,500.0,0.014737341898966702,0.003436457559278508,0.004391435590436874,3.355928054839257,3.355928054839257,4.288527253646874,0.927029585799,False,35.92567206682216,0.5294489121989159,0.20860243218258728,0.47213075577504793,True,18.756244664344692,11.691686540954802,28.92212963480971,176334.46666666667,91215.46666666667,49590.85333333333,29722.923333333336,20629.25,16316.543333333333,14424.453333333333,13227.506666666666,12832.906666666668,12932.323333333334,12593.25,12740.966666666667,12510.769999999999,12800.626666666665,12361.263333333334,12297.226666666667,12313.573333333334,12635.626666666669,1912160.7681620447,1864069.7101034638,1571625.7405259933,1233639.3038508992,846542.3478677256,522965.47006220114,275542.561797849,143104.3797213047,75225.82363464205,41864.84100675044,26226.425582951186,19115.841518864312,15346.295157535145,14137.984146964685,12990.107948115165,12596.71508807595,12449.179769184104,12698.89567748575,1.3352574175906573e-07,1.2515532351838818e-07,1.2480740547714753e-07,1.2349314649082301e-07,1.219301857473635e-07,1.1925755501543148e-07,1.203700826702922e-07,1.2142697570062932e-07,1.2117786221854782e-07,1.2076897710289937e-07,1.2146543367643447e-07,1.2031409889768397e-07,1.2403034833537462e-07,1.2164120498449043e-07,1.2298449075482665e-07,1.2172875245705143e-07,1.2316517557700647e-07,1.2127174563792842e-07,1.2121234695911518e-07,1.1903103472238936e-07,1.208692504951226e-07,1.2051774086465592e-07,1.1895888928397402e-07,1.1553671458593771e-07,1.1406879611449355e-07,1.1020316736072199e-07,1.0050591579401311e-07,8.346264981316261e-08,6.314087977153167e-08,4.0123126291394007e-08,2.291700826763517e-08,1.15064335698381e-08,5.953617554354526e-09,2.894115780072936e-09,1.3416137280204951e-09,6.042055609936416e-10,0.9077826145151184,0.9510664938267763,0.9684461433440662,0.9759063096963994,0.9756311659399425,0.9687999604803876,0.9476507250305825,0.9075674225175555,0.8294082265021951,0.6910934564101635,0.5198259114583118,0.33348648794282226,0.18476936149262604,0.09459322251292394,0.04840949877349368,0.023775120681484373,0.010892800840296608,0.004982245104293056,0.231777494472066,0.22188214638827966,0.18996122531621884,0.1486754219419572,0.10070373743419218,0.06042171225287728,0.03143080830258408,0.015770555908479252,0.007560640295758613,0.0034941505644301416,0.0016559595845701432,0.0007669873234276657,0.00035169117300280246,0.0001626777753984733,7.733813471285869e-05,3.645635191348344e-05,1.6701990480932415e-05,7.672743386815008e-06,0.9638393488818644,0.9646615028071395,0.9663056639459846,0.9734815881393128,0.9747342423097187,0.9711236473718827,0.9587078920766654,0.9180989418400305,0.8238240592419501,0.6848984248390142,0.5193049566739738,0.3508951643517957,0.21811193763494252,0.1304591694670325,0.07975093022604796,0.029723408015478014,-0.02699379431864557,-0.055352395930999866,73832.4859374074,1274978.6559860238,3.4685260947500533e-07,2.0198986481815707e-07,104.16763050142835,0.7064703019749541,0.7132999184822193,0.03653057758249833,0.03151746349178261,,,30207.903847059053,0.006133993243987772,1000000.0,0.9461662655469996
2-3,6,1.0,1000.0,0.021995290634109058,0.004062017282669454,0.003557549814399669,6.182707700980072,6.182707700980072,5.414868796337153,0.836550295858,False,34.205562913753006,0.7523612975912997,0.282579975805528,0.4718890858742034,True,18.756244664344692,11.691686540954802,28.92212963480971,176334.46666666667,91215.46666666667,49590.85333333333,29722.923333333336,20629.25,16316.543333333333,14424.453333333333,13227.506666666666,12832.906666666668,12932.323333333334,12593.25,12740.966666666667,12510.769999999999,12800.626666666665,12361.263333333334,12297.226666666667,12313.573333333334,12635.626666666669,1912160.7681620447,1864069.7101034638,1571625.7405259933,1233639.3038508992,846542.3478677256,522965.47006220114,275542.561797849,143104.3797213047,75225.82363464205,41864.84100675044,26226.425582951186,19115.841518864312,15346.295157535145,14137.984146964685,12990.107948115165,12596.71508807595,12449.179769184104,12698.89567748575,1.3352574175906573e-07,1.2515532351838818e-07,1.2480740547714753e-07,1.2349314649082301e-07,1.219301857473635e-07,1.1925755501543148e-07,1.203700826702922e-07,1.2142697570062932e-07,1.2117786221854782e-07,1.2076897710289937e-07,1.2146543367643447e-07,1.2031409889768397e-07,1.2403034833537462e-07,1.2164120498449043e-07,1.2298449075482665e-07,1.2172875245705143e-07,1.2316517557700647e-07,1.2127174563792842e-07,1.2121234695911518e-07,1.1903103472238936e-07,1.208692504951226e-07,1.2051774086465592e-07,1.1895888928397402e-07,1.1553671458593771e-07,1.1406879611449355e-07,1.1020316736072199e-07,1.0050591579401311e-07,8.346264981316261e-08,6.314087977153167e-08,4.0123126291394007e-08,2.291700826763517e-08,1.15064335698381e-08,5.953617554354526e-09,2.894115780072936e-09,1.3416137280204951e-09,6.042055609936416e-10,0.9077826145151184,0.9510664938267763,0.9684461433440662,0.9759063096963994,0.9756311659399425,0.9687999604803876,0.9476507250305825,0.9075674225175555,0.8294082265021951,0.6910934564101635,0.5198259114583118,0.33348648794282226,0.18476936149262604,0.09459322251292394,0.04840949877349368,0.023775120681484373,0.010892800840296608,0.004982245104293056,0.231777494472066,0.22188214638827966,0.18996122531621884,0.1486754219419572,0.10070373743419218,0.06042171225287728,0.03143080830258408,0.015770555908479252,0.007560640295758613,0.0034941505644301416,0.0016559595845701432,0.0007669873234276657,0.00035169117300280246,0.0001626777753984733,7.733813471285869e-05,3.645635191348344e-05,1.6701990480932415e-05,7.672743386815008e-06,0.9638393488818644,0.9646615028071395,0.9663056639459846,0.9734815881393128,0.9747342423097187,0.9711236473718827,0.9587078920766654,0.9180989418400305,0.8238240592419501,0.6848984248390142,0.5193049566739738,0.3508951643517957,0.21811193763494252,0.1304591694670325,0.07975093022604796,0.029723408015478014,-0.02699379431864557,-0.055352395930999866,73832.4859374074,1274978.6559860238,3.4685260947500533e-07,2.0198986481815707e-07,104.16763050142835,0.7064703019749541,0.7132999184822193,0.03653057758249833,0.03151746349178261,,,30207.903847059053,0.006133993243987772,1000000.0,0.9461662655469996
2-3,6,1.0,5000.0,0.040255381362086964,0.004925679428298798,0.0038841003070026856,10.364145665731163,10.364145665731163,8.172554050272437,0.836550295858,False,34.205562913753006,1.3769579797979858,0.47274630404791523,0.417182701833114,True,18.756244664344692,11.691686540954802,28.92212963480971,176334.46666666667,91215.46666666667,49590.85333333333,29722.923333333336,20629.25,16316.543333333333,14424.453333333333,13227.506666666666,12832.906666666668,12932.323333333334,12593.25,12740.966666666667,12510.769999999999,12800.626666666665,12361.263333333334,12297.226666666667,12313.573333333334,12635.626666666669,1912160.7681620447,1864069.7101034638,1571625.7405259933,1233639.3038508992,846542.3478677256,522965.47006220114,275542.561797849,143104.3797213047,75225.82363464205,41864.84100675044,26226.425582951186,19115.841518864312,15346.295157535145,14137.984146964685,12990.107948115165,12596.71508807595,12449.179769184104,12698.89567748575,1.3352574175906573e-07,1.2515532351838818e-07,1.2480740547714753e-07,1.2349314649082301e-07,1.219301857473635e-07,1.1925755501543148e-07,1.203700826702922e-07,1.2142697570062932e-07,1.2117786221854782e-07,1.2076897710289937e-07,1.2146543367643447e-07,1.2031409889768397e-07,1.2403034833537462e-07,1.2164120498449043e-07,1.2298449075482665e-07,1.2172875245705143e-07,1.2316517557700647e-07,1.2127174563792842e-07,1.2121234695911518e-07,1.1903103472238936e-07,1.208692504951226e-07,1.2051774086465592e-07,1.1895888928397402e-07,1.1553671458593771e-07,1.1406879611449355e-07,1.1020316736072199e-07,1.0050591579401311e-07,8.346264981316261e-08,6.314087977153167e-08,4.0123126291394007e-08,2.291700826763517e-08,1.15064335698381e-08,5.953617554354526e-09,2.894115780072936e-09,1.3416137280204951e-09,6.042055609936416e-10,0.9077826145151184,0.9510664938267763,0.9684461433440662,0.9759063096963994,0.9756311659399425,0.9687999604803876,0.9476507250305825,0.9075674225175555,0.8294082265021951,0.6910934564101635,0.5198259114583118,0.33348648794282226,0.18476936149262604,0.09459322251292394,0.04840949877349368,0.023775120681484373,0.010892800840296608,0.004982245104293056,0.231777494472066,0.22188214638827966,0.18996122531621884,0.1486754219419572,0.10070373743419218,0.06042171225287728,0.03143080830258408,0.015770555908479252,0.007560640295758613,0.0034941505644301416,0.0016559595845701432,0.0007669873234276657,0.00035169117300280246,0.0001626777753984733,7.733813471285869e-05,3.645635191348344e-05,1.6701990480932415e-05,7.672743386815008e-06,0.9638393488818644,0.9646615028071395,0.9663056639459846,0.9734815881393128,0.9747342423097187,0.9711236473718827,0.9587078920766654,0.9180989418400305,0.8238240592419501,0.6848984248390142,0.5193049566739738,0.3508951643517957,0.21811193763494252,0.1304591694670325,0.07975093022604796,0.029723408015478014,-0.02699379431864557,-0.055352395930999866,73832.4859374074,1274978.6559860238,3.4685260947500533e-07,2.0198986481815707e-07,104.16763050142835,0.7064703019749541,0.7132999184822193,0.03653057758249833,0.03151746349178261,,,30207.903847059053,0.006133993243987772,1000000.0,0.9461662655469996
2-3,7,1.0,100.0,0.013948268404538978,0.00460182878529249,0.0024211220006893973,5.761076228528471,5.761076228528471,3.031027240543551,0.776230769231,False,34.68008715617725,0.4837271639471652,0.15922106607900532,0.3072267745809186,False,19.701065734806562,12.244092090966127,30.530771118881205,158180.7,81562.46333333333,45895.80333333334,28021.256666666664,19879.26,15469.363333333333,14001.980000000001,13248.019999999999,12867.733333333332,12661.913333333332,12684.42,12420.416666666666,12570.93,12493.44,12685.65,12796.04,12523.493333333334,12528.413333333332,2025449.1878148213,1800116.1186960118,1498209.9044704915,1153349.286342273,795759.5537136496,469860.65092134447,250266.58776753323,128240.86782421067,65170.46704506795,37955.75936309432,24238.344615153426,18199.220473876794,15239.273330397991,13719.00640162198,13256.77592093657,13055.563418985565,12642.71679191295,12584.352196665259,1.3592727336015175e-07,1.344291244791986e-07,1.3281180662263012e-07,1.315538026889767e-07,1.2815119607441583e-07,1.2933090789965094e-07,1.2843774575639256e-07,1.2894638839607536e-07,1.3217223350116515e-07,1.3053581198698675e-07,1.3146800116077204e-07,1.2798718477857593e-07,1.2755050354732963e-07,1.286206334188559e-07,1.273887720371965e-07,1.2819193618432379e-07,1.3024963923666893e-07,1.2952353504380367e-07,1.25311815130663e-07,1.283382004424708e-07,1.287432815522053e-07,1.2835763053690075e-07,1.249497881438602e-07,1.250729075742215e-07,1.212518774254727e-07,1.1562548405892874e-07,1.0607518169412623e-07,8.698950528649094e-08,6.266811528732974e-08,4.06398082672927e-08,2.2333645971853803e-08,1.1490127073258766e-08,5.488139060404562e-09,2.5482477084485422e-09,1.2282812882810314e-09,5.757467060563602e-10,0.921903397551703,0.9546904433073925,0.9693662395393425,0.975704448774982,0.9750185091624378,0.9670766996491414,0.9440517404864043,0.8966942424457073,0.8025526911686118,0.6664033720889023,0.4766796082241563,0.3175302928773811,0.17509649394340923,0.08933346670623922,0.04308181147081054,0.01987837756646787,0.009430208755121341,0.0044451126651357045,0.2538127141800024,0.2310236632609313,0.1928844595555471,0.14804118157631962,0.09942998764997325,0.05876683776544887,0.030345293623680242,0.014827912418311459,0.006912969132896648,0.003301752729768672,0.0015189713747164632,0.0007396128306725407,0.0003403485354294222,0.00015763312687348702,7.275502974672265e-05,3.326880956493458e-05,1.5528812468543064e-05,7.245399325083143e-06,0.9970045149533343,0.9932917429494701,0.9858660502231302,0.9766463753053358,0.9699753346848734,0.9731339464107602,0.9652824856480908,0.9103701398443071,0.8097292584443618,0.6630666875471594,0.4850684583064293,0.3201957924671692,0.1789758653930118,0.08381350207603333,0.05305060718410992,0.034509100628687506,-0.00020156027847306746,-0.017556890133648237,69522.78467101124,1221382.7092749411,3.6842516313958547e-07,2.1245732664859732e-07,95.39239088603249,0.691233738894017,0.6973108854162403,0.03323379543275494,0.03072295189534189,,,35030.87998218647,0.0055973430041507885,1000000.0,0.9428419592271691
2-3,7,1.0,500.0,0.01990553452178155,0.009825612064253164,9.35631365920815e-05,212.74975644057457,212.74975644057457,2.025882397107905,0.776230769231,False,34.68008715617725,0.6903256721056792,0.20553741666976902,0.3481269991520195,False,19.701065734806562,12.244092090966127,30.530771118881205,158180.7,81562.46333333333,45895.80333333334,28021.256666666664,19879.26,15469.363333333333,14001.980000000001,13248.019999999999,12867.733333333332,12661.913333333332,12684.42,12420.416666666666,12570.93,12493.44,12685.65,12796.04,12523.493333333334,12528.413333333332,2025449.1878148213,1800116.1186960118,1498209.9044704915,1153349.286342273,795759.5537136496,469860.65092134447,250266.58776753323,128240.86782421067,65170.46704506795,37955.75936309432,24238.344615153426,18199.220473876794,15239.273330397991,13719.00640162198,13256.77592093657,13055.563418985565,12642.71679191295,12584.352196665259,1.3592727336015175e-07,1.344291244791986e-07,1.3281180662263012e-07,1.315538026889767e-07,1.2815119607441583e-07,1.2933090789965094e-07,1.2843774575639256e-07,1.2894638839607536e-07,1.3217223350116515e-07,1.3053581198698675e-07,1.3146800116077204e-07,1.2798718477857593e-07,1.2755050354732963e-07,1.286206334188559e-07,1.273887720371965e-07,1.2819193618432379e-07,1.3024963923666893e-07,1.2952353504380367e-07,1.25311815130663e-07,1.283382004424708e-07,1.287432815522053e-07,1.2835763053690075e-07,1.249497881438602e-07,1.250729075742215e-07,1.212518774254727e-07,1.1562548405892874e-07,1.0607518169412623e-07,8.698950528649094e-08,6.266811528732974e-08,4.06398082672927e-08,2.2333645971853803e-08,1.1490127073258766e-08,5.488139060404562e-09,2.5482477084485422e-09,1.2282812882810314e-09,5.757467060563602e-10,0.921903397551703,0.9546904433073925,0.9693662395393425,0.975704448774982,0.9750185091624378,0.9670766996491414,0.9440517404864043,0.8966942424457073,0.8025526911686118,0.6664033720889023,0.4766796082241563,0.3175302928773811,0.17509649394340923,0.08933346670623922,0.04308181147081054,0.01987837756646787,0.009430208755121341,0.0044451126651357045,0.2538127141800024,0.2310236632609313,0.1928844595555471,0.14804118157631962,0.09942998764997325,0.05876683776544887,0.030345293623680242,0.014827912418311459,0.006912969132896648,0.003301752729768672,0.0015189713747164632,0.0007396128306725407,0.0003403485354294222,0.00015763312687348702,7.275502974672265e-05,3.326880956493458e-05,1.5528812468543064e-05,7.245399325083143e-06,0.9970045149533343,0.9932917429494701,0.9858660502231302,0.9766463753053358,0.9699753346848734,0.9731339464107602,0.9652824856480908,0.9103701398443071,0.8097292584443618,0.6630666875471594,0.4850684583064293,0.3201957924671692,0.1789758653930118,0.08381350207603333,0.05305060718410992,0.034509100628687506,-0.00020156027847306746,-0.017556890133648237,69522.78467101124,1221382.7092749411,3.6842516313958547e-07,2.1245732664859732e-07,95.39239088603249,0.691233738894017,0.6973108854162403,0.03323379543275494,0.03072295189534189,,,35030.87998218647,0.0055973430041507885,1000000.0,0.9428419592271691
2-3,7,1.0,1000.0,0.022996159015357783,0.008039474825326085,0.002150802186900924,10.691898657817896,10.691898657817896,2.8604056253668344,0.82649704142,False,35.66493544677555,0.820156526806521,0.2501587958268891,0.3133754160201022,False,19.701065734806562,12.244092090966127,30.530771118881205,158180.7,81562.46333333333,45895.80333333334,28021.256666666664,19879.26,15469.363333333333,14001.980000000001,13248.019999999999,12867.733333333332,12661.913333333332,12684.42,12420.416666666666,12570.93,12493.44,12685.65,12796.04,12523.493333333334,12528.413333333332,2025449.1878148213,1800116.1186960118,1498209.9044704915,1153349.286342273,795759.5537136496,469860.65092134447,250266.58776753323,128240.86782421067,65170.46704506795,37955.75936309432,24238.344615153426,18199.220473876794,15239.273330397991,13719.00640162198,13256.77592093657,13055.563418985565,12642.71679191295,12584.352196665259,1.3592727336015175e-07,1.344291244791986e-07,1.3281180662263012e-07,1.315538026889767e-07,1.2815119607441583e-07,1.2933090789965094e-07,1.2843774575639256e-07,1.2894638839607536e-07,1.3217223350116515e-07,1.3053581198698675e-07,1.3146800116077204e-07,1.2798718477857593e-07,1.2755050354732963e-07,1.286206334188559e-07,1.273887720371965e-07,1.2819193618432379e-07,1.3024963923666893e-07,1.2952353504380367e-07,1.25311815130663e-07,1.283382004424708e-07,1.287432815522053e-07,1.2835763053690075e-07,1.249497881438602e-07,1.250729075742215e-07,1.212518774254727e-07,1.1562548405892874e-07,1.0607518169412623e-07,8.698950528649094e-08,6.266811528732974e-08,4.06398082672927e-08,2.2333645971853803e-08,1.1490127073258766e-08,5.488139060404562e-09,2.5482477084485422e-09,1.2282812882810314e-09,5.757467060563602e-10,0.921903397551703,0.9546904433073925,0.9693662395393425,0.975704448774982,0.9750185091624378,0.9670766996491414,0.9440517404864043,0.8966942424457073,0.8025526911686118,0.6664033720889023,0.4766796082241563,0.3175302928773811,0.17509649394340923,0.08933346670623922,0.04308181147081054,0.01987837756646787,0.009430208755121341,0.0044451126651357045,0.2538127141800024,0.2310236632609313,0.1928844595555471,0.14804118157631962,0.09942998764997325,0.05876683776544887,0.030345293623680242,0.014827912418311459,0.006912969132896648,0.003301752729768672,0.0015189713747164632,0.0007396128306725407,0.0003403485354294222,0.00015763312687348702,7.275502974672265e-05,3.326880956493458e-05,1.5528812468543064e-05,7.245399325083143e-06,0.9970045149533343,0.9932917429494701,0.9858660502231302,0.9766463753053358,0.9699753346848734,0.9731339464107602,0.9652824856480908,0.9103701398443071,0.8097292584443618,0.6630666875471594,0.4850684583064293,0.3201957924671692,0.1789758653930118,0.08381350207603333,0.05305060718410992,0.034509100628687506,-0.00020156027847306746,-0.017556890133648237,69522.78467101124,1221382.7092749411,3.6842516313958547e-07,2.1245732664859732e-07,95.39239088603249,0.691233738894017,0.6973108854162403,0.03323379543275494,0.03072295189534189,,,35030.87998218647,0.0055973430041507885,1000000.0,0.9428419592271691
2-3,7,1.0,5000.0,0.043432945664259606,0.00481439705265794,0.00399146576786313,10.881452626740641,10.881452626740641,9.021471471755964,0.836550295858,False,35.860647420357516,1.5575335508935595,0.5771445290257281,0.4196594089336225,True,19.701065734806562,12.244092090966127,30.530771118881205,158180.7,81562.46333333333,45895.80333333334,28021.256666666664,19879.26,15469.363333333333,14001.980000000001,13248.019999999999,12867.733333333332,12661.913333333332,12684.42,12420.416666666666,12570.93,12493.44,12685.65,12796.04,12523.493333333334,12528.413333333332,2025449.1878148213,1800116.1186960118,1498209.9044704915,1153349.286342273,795759.5537136496,469860.65092134447,250266.58776753323,128240.86782421067,65170.46704506795,37955.75936309432,24238.344615153426,18199.220473876794,15239.273330397991,13719.00640162198,13256.77592093657,13055.563418985565,12642.71679191295,12584.352196665259,1.3592727336015175e-07,1.344291244791986e-07,1.3281180662263012e-07,1.315538026889767e-07,1.2815119607441583e-07,1.2933090789965094e-07,1.2843774575639256e-07,1.2894638839607536e-07,1.3217223350116515e-07,1.3053581198698675e-07,1.3146800116077204e-07,1.2798718477857593e-07,1.2755050354732963e-07,1.286206334188559e-07,1.273887720371965e-07,1.2819193618432379e-07,1.3024963923666893e-07,1.2952353504380367e-07,1.25311815130663e-07,1.283382004424708e-07,1.287432815522053e-07,1.2835763053690075e-07,1.249497881438602e-07,1.250729075742215e-07,1.212518774254727e-07,1.1562548405892874e-07,1.0607518169412623e-07,8.698950528649094e-08,6.266811528732974e-08,4.06398082672927e-08,2.2333645971853803e-08,1.1490127073258766e-08,5.488139060404562e-09,2.5482477084485422e-09,1.2282812882810314e-09,5.757467060563602e-10,0.921903397551703,0.9546904433073925,0.9693662395393425,0.975704448774982,0.9750185091624378,0.9670766996491414,0.9440517404864043,0.8966942424457073,0.8025526911686118,0.6664033720889023,0.4766796082241563,0.3175302928773811,0.17509649394340923,0.08933346670623922,0.04308181147081054,0.01987837756646787,0.009430208755121341,0.0044451126651357045,0.2538127141800024,0.2310236632609313,0.1928844595555471,0.14804118157631962,0.09942998764997325,0.05876683776544887,0.030345293623680242,0.014827912418311459,0.006912969132896648,0.003301752729768672,0.0015189713747164632,0.0007396128306725407,0.0003403485354294222,0.00015763312687348702,7.275502974672265e-05,3.326880956493458e-05,1.5528812468543064e-05,7.245399325083143e-06,0.9970045149533343,0.9932917429494701,0.9858660502231302,0.9766463753053358,0.9699753346848734,0.9731339464107602,0.9652824856480908,0.9103701398443071,0.8097292584443618,0.6630666875471594,0.4850684583064293,0.3201957924671692,0.1789758653930118,0.08381350207603333,0.05305060718410992,0.034509100628687506,-0.00020156027847306746,-0.017556890133648237,69522.78467101124,1221382.7092749411,3.6842516313958547e-07,2.1245732664859732e-07,95.39239088603249,0.691233738894017,0.6973108854162403,0.03323379543275494,0.03072295189534189,,,35030.87998218647,0.0055973430041507885,1000000.0,0.9428419592271691
2-3,3,7.0,100.0,0.010300336797383576,0.0019902887091539086,0.0007082944084282382,14.542451097758692,14.542451097758692,5.175297809814914,0.876763313609,False,29.96928429681438,0.3086937218337269,0.10703101741525158,0.21124993438472006,False,16.077032053688175,10.006541099045693,25.028103232323303,249750.66666666666,131030.8,68158.98999999999,39489.80333333334,25139.39333333333,18133.600000000002,15111.416666666666,13529.200000000003,12818.75,12631.279999999999,12530.893333333333,12633.023333333333,12325.340000000002,12582.62,12597.953333333333,12613.480000000001,12516.706666666667,12412.159999999998,2079372.6933922719,1889209.675858611,1747402.301698933,1434588.267380044,1047837.7644603396,698150.1156664975,388067.89721406816,210148.05480395077,112379.00314044229,57231.45872476106,33044.64169515626,22134.935664617453,16777.332437581044,14587.823195226749,13557.872577491202,13036.480890803254,12724.285841397834,12509.448698749407,1.0928302745104763e-07,1.0485806997113677e-07,1.0135263932664977e-07,9.952721756182931e-08,9.925878458710105e-08,9.764540207317939e-08,9.840225855727878e-08,9.758238880444224e-08,9.598151804682825e-08,9.842259193602487e-08,9.926738997050783e-08,9.896790692556764e-08,9.972638412422808e-08,1.0019714581134172e-07,9.860208594072378e-08,1.0113434734248767e-07,9.873774486969197e-08,9.867307537137561e-08,9.615718952503139e-08,9.758537971851585e-08,9.739928895986689e-08,9.678753932996398e-08,9.687739911679509e-08,9.510918153364136e-08,9.457046123347223e-08,9.130009579989979e-08,8.503318205807446e-08,7.670021503403962e-08,6.162409861107478e-08,4.248417024860064e-08,2.64631525661286e-08,1.3772831919106615e-08,6.9811867066627386e-09,3.281554230394905e-09,1.6107701328262286e-09,7.674019323843616e-10,0.8798913405661659,0.9306425318087315,0.9609941054022125,0.9724730752151958,0.9760083152316229,0.9740262164352881,0.9610598640723667,0.9356206270259246,0.8859328732078167,0.7792948095077104,0.6207889482072931,0.42927219104019637,0.2653575861445426,0.13745732782687323,0.07080161276567305,0.03244747523096229,0.016313620844308572,0.00777721713340841,0.19994663417169567,0.18435924358655684,0.1701957417123109,0.1388502683513509,0.10151179731727464,0.06640048608865763,0.03669976002943812,0.0191865375357633,0.00955594423354615,0.004389665190900937,0.002036346258389942,0.00094038437521743,0.00044398110794836534,0.00020091563693350282,9.465003980860885e-05,4.2779919016677766e-05,2.049589959486729e-05,9.599775104483333e-06,0.9577407959729877,0.9607509905153471,0.9667712323548692,0.9746716481924569,0.9836070591315895,0.9777194469164385,0.9611574576101631,0.9416413767743883,0.8817991957425395,0.7788726864850037,0.6351947134888789,0.4479517216343609,0.27317655306007893,0.14898063935166306,0.09115589809404234,0.05303398406724469,-0.0054745059615566305,-0.034728750241333685,92487.43617770368,1459469.7207996303,2.8227364026743823e-07,1.726737950121674e-07,127.3843376314226,0.7585957145414179,0.7645689123159379,0.05295945076024511,0.05059345306201195,,,20828.26232859514,0.007324549778417848,1000000.0,0.9790034160051295
2-3,3,7.0,500.0,0.023771402151351824,0.0072648246358599225,0.001959872469214103,12.12905560170658,12.12905560170658,3.2721233261452363,0.68575147929,False,26.76424227661235,0.6362235664335643,0.188158430399923,0.3287574340692411,False,16.077032053688175,10.006541099045693,25.028103232323303,249750.66666666666,131030.8,68158.98999999999,39489.80333333334,25139.39333333333,18133.600000000002,15111.416666666666,13529.200000000003,12818.75,12631.279999999999,12530.893333333333,12633.023333333333,12325.340000000002,12582.62,12597.953333333333,12613.480000000001,12516.706666666667,12412.159999999998,2079372.6933922719,1889209.675858611,1747402.301698933,1434588.267380044,1047837.7644603396,698150.1156664975,388067.89721406816,210148.05480395077,112379.00314044229,57231.45872476106,33044.64169515626,22134.935664617453,16777.332437581044,14587.823195226749,13557.872577491202,13036.480890803254,12724.285841397834,12509.448698749407,1.0928302745104763e-07,1.0485806997113677e-07,1.0135263932664977e-07,9.952721756182931e-08,9.925878458710105e-08,9.764540207317939e-08,9.840225855727878e-08,9.758238880444224e-08,9.598151804682825e-08,9.842259193602487e-08,9.926738997050783e-08,9.896790692556764e-08,9.972638412422808e-08,1.0019714581134172e-07,9.860208594072378e-08,1.0113434734248767e-07,9.873774486969197e-08,9.867307537137561e-08,9.615718952503139e-08,9.758537971851585e-08,9.739928895986689e-08,9.678753932996398e-08,9.687739911679509e-08,9.510918153364136e-08,9.457046123347223e-08,9.130009579989979e-08,8.503318205807446e-08,7.670021503403962e-08,6.162409861107478e-08,4.248417024860064e-08,2.64631525661286e-08,1.3772831919106615e-08,6.9811867066627386e-09,3.281554230394905e-09,1.6107701328262286e-09,7.674019323843616e-10,0.8798913405661659,0.9306425318087315,0.9609941054022125,0.9724730752151958,0.9760083152316229,0.9740262164352881,0.9610598640723667,0.9356206270259246,0.8859328732078167,0.7792948095077104,0.6207889482072931,0.42927219104019637,0.2653575861445426,0.13745732782687323,0.07080161276567305,0.03244747523096229,0.016313620844308572,0.00777721713340841,0.19994663417169567,0.18435924358655684,0.1701957417123109,0.1388502683513509,0.10151179731727464,0.06640048608865763,0.03669976002943812,0.0191865375357633,0.00955594423354615,0.004389665190900937,0.002036346258389942,0.00094038437521743,0.00044398110794836534,0.00020091563693350282,9.465003980860885e-05,4.2779919016677766e-05,2.049589959486729e-05,9.599775104483333e-06,0.9577407959729877,0.9607509905153471,0.9667712323548692,0.9746716481924569,0.9836070591315895,0.9777194469164385,0.9611574576101631,0.9416413767743883,0.8817991957425395,0.7788726864850037,0.6351947134888789,0.4479517216343609,0.27317655306007893,0.14898063935166306,0.09115589809404234,0.05303398406724469,-0.0054745059615566305,-0.034728750241333685,92487.43617770368,1459469.7207996303,2.8227364026743823e-07,1.726737950121674e-07,127.3843376314226,0.7585957145414179,0.7645689123159379,0.05295945076024511,0.05059345306201195,,,20828.26232859514,0.007324549778417848,1000000.0,0.9790034160051295
2-3,3,7.0,1000.0,0.022991344672463138,0.005423604389426396,0.003423340877271525,6.716054724526214,6.716054724526214,4.239126422510827,0.866710059172,False,29.79901027972036,0.685119316239323,0.2484470473706512,0.5016577066820448,True,16.077032053688175,10.006541099045693,25.028103232323303,249750.66666666666,131030.8,68158.98999999999,39489.80333333334,25139.39333333333,18133.600000000002,15111.416666666666,13529.200000000003,12818.75,12631.279999999999,12530.893333333333,12633.023333333333,12325.340000000002,12582.62,12597.953333333333,12613.480000000001,12516.706666666667,12412.159999999998,2079372.6933922719,1889209.675858611,1747402.301698933,1434588.267380044,1047837.7644603396,698150.1156664975,388067.89721406816,210148.05480395077,112379.00314044229,57231.45872476106,33044.64169515626,22134.935664617453,16777.332437581044,14587.823195226749,13557.872577491202,13036.480890803254,12724.285841397834,12509.448698749407,1.0928302745104763e-07,1.0485806997113677e-07,1.0135263932664977e-07,9.952721756182931e-08,9.925878458710105e-08,9.764540207317939e-08,9.840225855727878e-08,9.758238880444224e-08,9.598151804682825e-08,9.842259193602487e-08,9.926738997050783e-08,9.896790692556764e-08,9.972638412422808e-08,1.0019714581134172e-07,9.860208594072378e-08,1.0113434734248767e-07,9.873774486969197e-08,9.867307537137561e-08,9.615718952503139e-08,9.758537971851585e-08,9.739928895986689e-08,9.678753932996398e-08,9.687739911679509e-08,9.510918153364136e-08,9.457046123347223e-08,9.130009579989979e-08,8.503318205807446e-08,7.670021503403962e-08,6.162409861107478e-08,4.248417024860064e-08,2.64631525661286e-08,1.3772831919106615e-08,6.9811867066627386e-09,3.281554230394905e-09,1.6107701328262286e-09,7.674019323843616e-10,0.8798913405661659,0.9306425318087315,0.9609941054022125,0.9724730752151958,0.9760083152316229,0.9740262164352881,0.9610598640723667,0.9356206270259246,0.8859328732078167,0.7792948095077104,0.6207889482072931,0.42927219104019637,0.2653575861445426,0.13745732782687323,0.07080161276567305,0.03244747523096229,0.016313620844308572,0.00777721713340841,0.19994663417169567,0.18435924358655684,0.1701957417123109,0.1388502683513509,0.10151179731727464,0.06640048608865763,0.03669976002943812,0.0191865375357633,0.00955594423354615,0.004389665190900937,0.002036346258389942,0.00094038437521743,0.00044398110794836534,0.00020091563693350282,9.465003980860885e-05,4.2779919016677766e-05,2.049589959486729e-05,9.599775104483333e-06,0.9577407959729877,0.9607509905153471,0.9667712323548692,0.9746716481924569,0.9836070591315895,0.9777194469164385,0.9611574576101631,0.9416413767743883,0.8817991957425395,0.7788726864850037,0.6351947134888789,0.4479517216343609,0.27317655306007893,0.14898063935166306,0.09115589809404234,0.05303398406724469,-0.0054745059615566305,-0.034728750241333685,92487.43617770368,1459469.7207996303,2.8227364026743823e-07,1.726737950121674e-07,127.3843376314226,0.7585957145414179,0.7645689123159379,0.05295945076024511,0.05059345306201195,,,20828.26232859514,0.007324549778417848,1000000.0,0.9790034160051295
2-3,3,7.0,5000.0,0.03637641880894458,0.0021130206675935184,0.0035538432712956254,10.23579714467341,10.23579714467341,17.215363468438305,0.876763313609,False,29.96928429681438,1.090175236985246,0.4200410269144374,0.41433492751933754,True,16.077032053688175,10.006541099045693,25.028103232323303,249750.66666666666,131030.8,68158.98999999999,39489.80333333334,25139.39333333333,18133.600000000002,15111.416666666666,13529.200000000003,12818.75,12631.279999999999,12530.893333333333,12633.023333333333,12325.340000000002,12582.62,12597.953333333333,12613.480000000001,12516.706666666667,12412.159999999998,2079372.6933922719,1889209.675858611,1747402.301698933,1434588.267380044,1047837.7644603396,698150.1156664975,388067.89721406816,210148.05480395077,112379.00314044229,57231.45872476106,33044.64169515626,22134.935664617453,16777.332437581044,14587.823195226749,13557.872577491202,13036.480890803254,12724.285841397834,12509.448698749407,1.0928302745104763e-07,1.0485806997113677e-07,1.0135263932664977e-07,9.952721756182931e-08,9.925878458710105e-08,9.764540207317939e-08,9.840225855727878e-08,9.758238880444224e-08,9.598151804682825e-08,9.842259193602487e-08,9.926738997050783e-08,9.896790692556764e-08,9.972638412422808e-08,1.0019714581134172e-07,9.860208594072378e-08,1.0113434734248767e-07,9.873774486969197e-08,9.867307537137561e-08,9.615718952503139e-08,9.758537971851585e-08,9.739928895986689e-08,9.678753932996398e-08,9.687739911679509e-08,9.510918153364136e-08,9.457046123347223e-08,9.130009579989979e-08,8.503318205807446e-08,7.670021503403962e-08,6.162409861107478e-08,4.248417024860064e-08,2.64631525661286e-08,1.3772831919106615e-08,6.9811867066627386e-09,3.281554230394905e-09,1.6107701328262286e-09,7.674019323843616e-10,0.8798913405661659,0.9306425318087315,0.9609941054022125,0.9724730752151958,0.9760083152316229,0.9740262164352881,0.9610598640723667,0.9356206270259246,0.8859328732078167,0.7792948095077104,0.6207889482072931,0.42927219104019637,0.2653575861445426,0.13745732782687323,0.07080161276567305,0.03244747523096229,0.016313620844308572,0.00777721713340841,0.19994663417169567,0.18435924358655684,0.1701957417123109,0.1388502683513509,0.10151179731727464,0.06640048608865763,0.03669976002943812,0.0191865375357633,0.00955594423354615,0.004389665190900937,0.002036346258389942,0.00094038437521743,0.00044398110794836534,0.00020091563693350282,9.465003980860885e-05,4.2779919016677766e-05,2.049589959486729e-05,9.599775104483333e-06,0.9577407959729877,0.9607509905153471,0.9667712323548692,0.9746716481924569,0.9836070591315895,0.9777194469164385,0.9611574576101631,0.9416413767743883,0.8817991957425395,0.7788726864850037,0.6351947134888789,0.4479517216343609,0.27317655306007893,0.14898063935166306,0.09115589809404234,0.05303398406724469,-0.0054745059615566305,-0.034728750241333685,92487.43617770368,1459469.7207996303,2.8227364026743823e-07,1.726737950121674e-07,127.3843376314226,0.7585957145414179,0.7645689123159379,0.05295945076024511,0.05059345306201195,,,20828.26232859514,0.007324549778417848,1000000.0,0.9790034160051295
2-3,5,7.0,100.0,0.0071277475694068075,0.005752898735021998,0.0034171592811783383,2.0858692799795238,2.0858692799795238,1.2389836667930767,0.705857988166,False,30.227726231546317,0.21545560217559867,0.06585510805395983,0.35557481160404814,False,17.868969347504905,11.138774372593938,27.793108119658196,194970.33333333334,104481.06666666665,55462.56,32450.36,21974.936666666665,16388.436666666665,14503.386666666667,13415.156666666668,12941.566666666668,12667.589999999998,12429.866666666667,12499.283333333335,12293.89,12359.576666666668,12276.436666666666,12272.78,12621.223333333333,12526.996666666666,1970270.4491797672,1797292.6544575968,1614045.1018231285,1316418.6411654819,855868.0390573044,548598.5547629179,304375.1514844479,157812.59371552707,83023.39375970795,47385.33117860708,27998.16242163677,19501.204770051518,15710.708273663347,13974.578054608495,13016.324271747295,12617.7392833702,12777.580449797955,12596.526762867192,1.2556441511538923e-07,1.1967321942179635e-07,1.1662417646034135e-07,1.1444580319205067e-07,1.175712470896045e-07,1.1610293997972053e-07,1.1393287739629304e-07,1.1435165858164312e-07,1.1385636507059284e-07,1.1139457701573558e-07,1.1441062548659512e-07,1.1590505329730532e-07,1.1398065118135452e-07,1.1265016628281509e-07,1.1377174248454354e-07,1.1353542382639716e-07,1.132949571549045e-07,1.1618328404037638e-07,1.1313904687213907e-07,1.127163192277115e-07,1.126166828797245e-07,1.1162465846047563e-07,1.145525332333647e-07,1.1263456467659246e-07,1.0850400921547904e-07,1.0463098053657408e-07,9.610859938360992e-08,8.161530155726147e-08,6.361769134212722e-08,4.1615791787012844e-08,2.478889971201087e-08,1.3018652455029063e-08,6.467133141070616e-09,3.1039711283228213e-09,1.3863714558732304e-09,6.413065338005544e-10,0.9010438727259494,0.941867527023195,0.9656375401546382,0.9753495134562434,0.9743243868635744,0.970126722857028,0.9523502933930934,0.9149931171472359,0.8441214448047855,0.7326685350735924,0.556047054821678,0.3590507109320347,0.21748340139388458,0.1155670948797798,0.05684305258794123,0.027339230556526473,0.012236832871366815,0.005519783152089981,0.22291452070054016,0.20258421258546347,0.1817684053855879,0.14694478121110033,0.09804185198748656,0.061791159397929035,0.03302592424163136,0.016512086421475586,0.007979262090319472,0.003867368093532721,0.0017811784550864336,0.0008115580773063658,0.00038945117180050017,0.00018193017489862416,8.417830207273879e-05,3.9165098440285785e-05,1.771447281072372e-05,8.078234916220277e-06,0.9691706032849968,0.9711113351677021,0.9749926506674136,0.9868255498112983,0.9929091484680637,0.9805984088233117,0.9423984497168814,0.8978058841867878,0.8385355850536556,0.7223409509219625,0.5650382012875532,0.39729022952130144,0.2443330734390532,0.12479512284376426,0.0644521737395376,0.023340906426179586,-0.03588614814611368,-0.06549967630808826,79131.12391415611,1305308.1053430005,3.2606253909334287e-07,1.943153830580479e-07,111.53675201739595,0.7245739630318785,0.7312499923798411,0.04350119880954086,0.0222404757110559,,,27594.458815867114,0.0065954022232977355,1000000.0,0.9559489072959527
2-3,5,7.0,500.0,0.016554919046487912,0.006674277152406796,0.003225500631138734,5.132511488811381,5.132511488811381,2.4804062924654064,0.836550295858,False,32.57748097125106,0.5393175602175617,0.20015245045273522,0.37994567479146946,False,17.868969347504905,11.138774372593938,27.793108119658196,194970.33333333334,104481.06666666665,55462.56,32450.36,21974.936666666665,16388.436666666665,14503.386666666667,13415.156666666668,12941.566666666668,12667.589999999998,12429.866666666667,12499.283333333335,12293.89,12359.576666666668,12276.436666666666,12272.78,12621.223333333333,12526.996666666666,1970270.4491797672,1797292.6544575968,1614045.1018231285,1316418.6411654819,855868.0390573044,548598.5547629179,304375.1514844479,157812.59371552707,83023.39375970795,47385.33117860708,27998.16242163677,19501.204770051518,15710.708273663347,13974.578054608495,13016.324271747295,12617.7392833702,12777.580449797955,12596.526762867192,1.2556441511538923e-07,1.1967321942179635e-07,1.1662417646034135e-07,1.1444580319205067e-07,1.175712470896045e-07,1.1610293997972053e-07,1.1393287739629304e-07,1.1435165858164312e-07,1.1385636507059284e-07,1.1139457701573558e-07,1.1441062548659512e-07,1.1590505329730532e-07,1.1398065118135452e-07,1.1265016628281509e-07,1.1377174248454354e-07,1.1353542382639716e-07,1.132949571549045e-07,1.1618328404037638e-07,1.1313904687213907e-07,1.127163192277115e-07,1.126166828797245e-07,1.1162465846047563e-07,1.145525332333647e-07,1.1263456467659246e-07,1.0850400921547904e-07,1.0463098053657408e-07,9.610859938360992e-08,8.161530155726147e-08,6.361769134212722e-08,4.1615791787012844e-08,2.478889971201087e-08,1.3018652455029063e-08,6.467133141070616e-09,3.1039711283228213e-09,1.3863714558732304e-09,6.413065338005544e-10,0.9010438727259494,0.941867527023195,0.9656375401546382,0.9753495134562434,0.9743243868635744,0.970126722857028,0.9523502933930934,0.9149931171472359,0.8441214448047855,0.7326685350735924,0.556047054821678,0.3590507109320347,0.21748340139388458,0.1155670948797798,0.05684305258794123,0.027339230556526473,0.012236832871366815,0.005519783152089981,0.22291452070054016,0.20258421258546347,0.1817684053855879,0.14694478121110033,0.09804185198748656,0.061791159397929035,0.03302592424163136,0.016512086421475586,0.007979262090319472,0.003867368093532721,0.0017811784550864336,0.0008115580773063658,0.00038945117180050017,0.00018193017489862416,8.417830207273879e-05,3.9165098440285785e-05,1.771447281072372e-05,8.078234916220277e-06,0.9691706032849968,0.9711113351677021,0.9749926506674136,0.9868255498112983,0.9929091484680637,0.9805984088233117,0.9423984497168814,0.8978058841867878,0.8385355850536556,0.7223409509219625,0.5650382012875532,0.39729022952130144,0.2443330734390532,0.12479512284376426,0.0644521737395376,0.023340906426179586,-0.03588614814611368,-0.06549967630808826,79131.12391415611,1305308.1053430005,3.2606253909334287e-07,1.943153830580479e-07,111.53675201739595,0.7245739630318785,0.7312499923798411,0.04350119880954086,0.0222404757110559,,,27594.458815867114,0.0065954022232977355,1000000.0,0.9559489072959527
2-3,5,7.0,1000.0,0.02621192386854184,0.005874949555200816,0.002250298412371382,11.648199067482572,11.648199067482572,4.46164237194814,0.856656804734,False,32.914111740481836,0.8627421911421891,0.2843700923483456,0.37891878043945715,False,17.868969347504905,11.138774372593938,27.793108119658196,194970.33333333334,104481.06666666665,55462.56,32450.36,21974.936666666665,16388.436666666665,14503.386666666667,13415.156666666668,12941.566666666668,12667.589999999998,12429.866666666667,12499.283333333335,12293.89,12359.576666666668,12276.436666666666,12272.78,12621.223333333333,12526.996666666666,1970270.4491797672,1797292.6544575968,1614045.1018231285,1316418.6411654819,855868.0390573044,548598.5547629179,304375.1514844479,157812.59371552707,83023.39375970795,47385.33117860708,27998.16242163677,19501.204770051518,15710.708273663347,13974.578054608495,13016.324271747295,12617.7392833702,12777.580449797955,12596.526762867192,1.2556441511538923e-07,1.1967321942179635e-07,1.1662417646034135e-07,1.1444580319205067e-07,1.175712470896045e-07,1.1610293997972053e-07,1.1393287739629304e-07,1.1435165858164312e-07,1.1385636507059284e-07,1.1139457701573558e-07,1.1441062548659512e-07,1.1590505329730532e-07,1.1398065118135452e-07,1.1265016628281509e-07,1.1377174248454354e-07,1.1353542382639716e-07,1.132949571549045e-07,1.1618328404037638e-07,1.1313904687213907e-07,1.127163192277115e-07,1.126166828797245e-07,1.1162465846047563e-07,1.145525332333647e-07,1.1263456467659246e-07,1.0850400921547904e-07,1.0463098053657408e-07,9.610859938360992e-08,8.161530155726147e-08,6.361769134212722e-08,4.1615791787012844e-08,2.478889971201087e-08,1.3018652455029063e-08,6.467133141070616e-09,3.1039711283228213e-09,1.3863714558732304e-09,6.413065338005544e-10,0.9010438727259494,0.941867527023195,0.9656375401546382,0.9753495134562434,0.9743243868635744,0.970126722857028,0.9523502933930934,0.9149931171472359,0.8441214448047855,0.7326685350735924,0.556047054821678,0.3590507109320347,0.21748340139388458,0.1155670948797798,0.05684305258794123,0.027339230556526473,0.012236832871366815,0.005519783152089981,0.22291452070054016,0.20258421258546347,0.1817684053855879,0.14694478121110033,0.09804185198748656,0.061791159397929035,0.03302592424163136,0.016512086421475586,0.007979262090319472,0.003867368093532721,0.0017811784550864336,0.0008115580773063658,0.00038945117180050017,0.00018193017489862416,8.417830207273879e-05,3.9165098440285785e-05,1.771447281072372e-05,8.078234916220277e-06,0.9691706032849968,0.9711113351677021,0.9749926506674136,0.9868255498112983,0.9929091484680637,0.9805984088233117,0.9423984497168814,0.8978058841867878,0.8385355850536556,0.7223409509219625,0.5650382012875532,0.39729022952130144,0.2443330734390532,0.12479512284376426,0.0644521737395376,0.023340906426179586,-0.03588614814611368,-0.06549967630808826,79131.12391415611,1305308.1053430005,3.2606253909334287e-07,1.943153830580479e-07,111.53675201739595,0.7245739630318785,0.7312499923798411,0.04350119880954086,0.0222404757110559,,,27594.458815867114,0.0065954022232977355,1000000.0,0.9559489072959527
2-3,5,7.0,5000.0,0.029281362389784845,0.0056127889153256005,0.003974561665139475,7.367192877294886,7.367192877294886,5.2169006943825575,0.82649704142,False,32.413521678321764,0.9491120745920867,0.3738209090903314,0.4547332950883969,True,17.868969347504905,11.138774372593938,27.793108119658196,194970.33333333334,104481.06666666665,55462.56,32450.36,21974.936666666665,16388.436666666665,14503.386666666667,13415.156666666668,12941.566666666668,12667.589999999998,12429.866666666667,12499.283333333335,12293.89,12359.576666666668,12276.436666666666,12272.78,12621.223333333333,12526.996666666666,1970270.4491797672,1797292.6544575968,1614045.1018231285,1316418.6411654819,855868.0390573044,548598.5547629179,304375.1514844479,157812.59371552707,83023.39375970795,47385.33117860708,27998.16242163677,19501.204770051518,15710.708273663347,13974.578054608495,13016.324271747295,12617.7392833702,12777.580449797955,12596.526762867192,1.2556441511538923e-07,1.1967321942179635e-07,1.1662417646034135e-07,1.1444580319205067e-07,1.175712470896045e-07,1.1610293997972053e-07,1.1393287739629304e-07,1.1435165858164312e-07,1.1385636507059284e-07,1.1139457701573558e-07,1.1441062548659512e-07,1.1590505329730532e-07,1.1398065118135452e-07,1.1265016628281509e-07,1.1377174248454354e-07,1.1353542382639716e-07,1.132949571549045e-07,1.1618328404037638e-07,1.1313904687213907e-07,1.127163192277115e-07,1.126166828797245e-07,1.1162465846047563e-07,1.145525332333647e-07,1.1263456467659246e-07,1.0850400921547904e-07,1.0463098053657408e-07,9.610859938360992e-08,8.161530155726147e-08,6.361769134212722e-08,4.1615791787012844e-08,2.478889971201087e-08,1.3018652455029063e-08,6.467133141070616e-09,3.1039711283228213e-09,1.3863714558732304e-09,6.413065338005544e-10,0.9010438727259494,0.941867527023195,0.9656375401546382,0.9753495134562434,0.9743243868635744,0.970126722857028,0.9523502933930934,0.9149931171472359,0.8441214448047855,0.7326685350735924,0.556047054821678,0.3590507109320347,0.21748340139388458,0.1155670948797798,0.05684305258794123,0.027339230556526473,0.012236832871366815,0.005519783152089981,0.22291452070054016,0.20258421258546347,0.1817684053855879,0.14694478121110033,0.09804185198748656,0.061791159397929035,0.03302592424163136,0.016512086421475586,0.007979262090319472,0.003867368093532721,0.0017811784550864336,0.0008115580773063658,0.00038945117180050017,0.00018193017489862416,8.417830207273879e-05,3.9165098440285785e-05,1.771447281072372e-05,8.078234916220277e-06,0.9691706032849968,0.9711113351677021,0.9749926506674136,0.9868255498112983,0.9929091484680637,0.9805984088233117,0.9423984497168814,0.8978058841867878,0.8385355850536556,0.7223409509219625,0.5650382012875532,0.39729022952130144,0.2443330734390532,0.12479512284376426,0.0644521737395376,0.023340906426179586,-0.03588614814611368,-0.06549967630808826,79131.12391415611,1305308.1053430005,3.2606253909334287e-07,1.943153830580479e-07,111.53675201739595,0.7245739630318785,0.7312499923798411,0.04350119880954086,0.0222404757110559,,,27594.458815867114,0.0065954022232977355,1000000.0,0.9559489072959527
2-3,6,7.0,100.0,0.005938886147517295,0.004734592689426775,0.0015075632938524868,3.9393942342154213,3.9393942342154213,1.254360519919682,0.786284023669,False,33.349380528360626,0.19805817404816395,0.036380751295520486,0.1661591389554472,False,18.836943704369077,11.732890671568214,28.813398275058354,176334.46666666667,91215.46666666667,49590.85333333333,29722.923333333336,20629.25,16316.543333333333,14424.453333333333,13227.506666666666,12832.906666666668,12932.323333333334,12593.25,12740.966666666667,12510.769999999999,12800.626666666665,12361.263333333334,12297.226666666667,12313.573333333334,12635.626666666669,1912160.7681620447,1864069.7101034638,1571625.7405259933,1233639.3038508992,846542.3478677256,522965.47006220114,275542.561797849,143104.3797213047,75225.82363464205,41864.84100675044,26226.425582951186,19115.841518864312,15346.295157535145,14137.984146964685,12990.107948115165,12596.71508807595,12449.179769184104,12698.89567748575,1.3352574175906573e-07,1.2515532351838818e-07,1.2480740547714753e-07,1.2349314649082301e-07,1.219301857473635e-07,1.1925755501543148e-07,1.203700826702922e-07,1.2142697570062932e-07,1.2117786221854782e-07,1.2076897710289937e-07,1.2146543367643447e-07,1.2031409889768397e-07,1.2403034833537462e-07,1.2164120498449043e-07,1.2298449075482665e-07,1.2172875245705143e-07,1.2316517557700647e-07,1.2127174563792842e-07,1.2121234695911518e-07,1.1903103472238936e-07,1.208692504951226e-07,1.2051774086465592e-07,1.1895888928397402e-07,1.1553671458593771e-07,1.1406879611449355e-07,1.1020316736072199e-07,1.0050591579401311e-07,8.346264981316261e-08,6.314087977153167e-08,4.0123126291394007e-08,2.291700826763517e-08,1.15064335698381e-08,5.953617554354526e-09,2.894115780072936e-09,1.3416137280204951e-09,6.042055609936416e-10,0.9077826145151184,0.9510664938267763,0.9684461433440662,0.9759063096963994,0.9756311659399425,0.9687999604803876,0.9476507250305825,0.9075674225175555,0.8294082265021951,0.6910934564101635,0.5198259114583118,0.33348648794282226,0.18476936149262604,0.09459322251292394,0.04840949877349368,0.023775120681484373,0.010892800840296608,0.004982245104293056,0.231777494472066,0.22188214638827966,0.18996122531621884,0.1486754219419572,0.10070373743419218,0.06042171225287728,0.03143080830258408,0.015770555908479252,0.007560640295758613,0.0034941505644301416,0.0016559595845701432,0.0007669873234276657,0.00035169117300280246,0.0001626777753984733,7.733813471285869e-05,3.645635191348344e-05,1.6701990480932415e-05,7.672743386815008e-06,0.9638393488818644,0.9646615028071395,0.9663056639459846,0.9734815881393128,0.9747342423097187,0.9711236473718827,0.9587078920766654,0.9180989418400305,0.8238240592419501,0.6848984248390142,0.5193049566739738,0.3508951643517957,0.21811193763494252,0.1304591694670325,0.07975093022604796,0.029723408015478014,-0.02699379431864557,-0.055352395930999866,73832.4859374074,1274978.6559860238,3.4685260947500533e-07,2.0198986481815707e-07,104.16763050142835,0.7064703019749541,0.7132999184822193,0.03653057758249833,0.03151746349178261,,,30207.903847059053,0.006133993243987772,1000000.0,0.9720298676951248
2-3,6,7.0,500.0,0.02011994194219236,0.013258713744723245,0.0048624202318218335,4.137845143560102,4.137845143560102,1.5174882216760863,0.736017751479,False,32.388419292929385,0.6516531157731222,0.19867216263553442,0.22608073417578833,False,18.836943704369077,11.732890671568214,28.813398275058354,176334.46666666667,91215.46666666667,49590.85333333333,29722.923333333336,20629.25,16316.543333333333,14424.453333333333,13227.506666666666,12832.906666666668,12932.323333333334,12593.25,12740.966666666667,12510.769999999999,12800.626666666665,12361.263333333334,12297.226666666667,12313.573333333334,12635.626666666669,1912160.7681620447,1864069.7101034638,1571625.7405259933,1233639.3038508992,846542.3478677256,522965.47006220114,275542.561797849,143104.3797213047,75225.82363464205,41864.84100675044,26226.425582951186,19115.841518864312,15346.295157535145,14137.984146964685,12990.107948115165,12596.71508807595,12449.179769184104,12698.89567748575,1.3352574175906573e-07,1.2515532351838818e-07,1.2480740547714753e-07,1.2349314649082301e-07,1.219301857473635e-07,1.1925755501543148e-07,1.203700826702922e-07,1.2142697570062932e-07,1.2117786221854782e-07,1.2076897710289937e-07,1.2146543367643447e-07,1.2031409889768397e-07,1.2403034833537462e-07,1.2164120498449043e-07,1.2298449075482665e-07,1.2172875245705143e-07,1.2316517557700647e-07,1.2127174563792842e-07,1.2121234695911518e-07,1.1903103472238936e-07,1.208692504951226e-07,1.2051774086465592e-07,1.1895888928397402e-07,1.1553671458593771e-07,1.1406879611449355e-07,1.1020316736072199e-07,1.0050591579401311e-07,8.346264981316261e-08,6.314087977153167e-08,4.0123126291394007e-08,2.291700826763517e-08,1.15064335698381e-08,5.953617554354526e-09,2.894115780072936e-09,1.3416137280204951e-09,6.042055609936416e-10,0.9077826145151184,0.9510664938267763,0.9684461433440662,0.9759063096963994,0.9756311659399425,0.9687999604803876,0.9476507250305825,0.9075674225175555,0.8294082265021951,0.6910934564101635,0.5198259114583118,0.33348648794282226,0.18476936149262604,0.09459322251292394,0.04840949877349368,0.023775120681484373,0.010892800840296608,0.004982245104293056,0.231777494472066,0.22188214638827966,0.18996122531621884,0.1486754219419572,0.10070373743419218,0.06042171225287728,0.03143080830258408,0.015770555908479252,0.007560640295758613,0.0034941505644301416,0.0016559595845701432,0.0007669873234276657,0.00035169117300280246,0.0001626777753984733,7.733813471285869e-05,3.645635191348344e-05,1.6701990480932415e-05,7.672743386815008e-06,0.9638393488818644,0.9646615028071395,0.9663056639459846,0.9734815881393128,0.9747342423097187,0.9711236473718827,0.9587078920766654,0.9180989418400305,0.8238240592419501,0.6848984248390142,0.5193049566739738,0.3508951643517957,0.21811193763494252,0.1304591694670325,0.07975093022604796,0.029723408015478014,-0.02699379431864557,-0.055352395930999866,73832.4859374074,1274978.6559860238,3.4685260947500533e-07,2.0198986481815707e-07,104.16763050142835,0.7064703019749541,0.7132999184822193,0.03653057758249833,0.03151746349178261,,,30207.903847059053,0.006133993243987772,1000000.0,0.9720298676951248
2-3,6,7.0,1000.0,0.01845400334075257,0.0070733461350647436,0.0018938150689652704,9.744353418222266,9.744353418222266,2.6089495676269,0.796337278107,False,33.53736217560227,0.6188985936285931,0.19788622947265752,0.3109053302853553,False,18.836943704369077,11.732890671568214,28.813398275058354,176334.46666666667,91215.46666666667,49590.85333333333,29722.923333333336,20629.25,16316.543333333333,14424.453333333333,13227.506666666666,12832.906666666668,12932.323333333334,12593.25,12740.966666666667,12510.769999999999,12800.626666666665,12361.263333333334,12297.226666666667,12313.573333333334,12635.626666666669,1912160.7681620447,1864069.7101034638,1571625.7405259933,1233639.3038508992,846542.3478677256,522965.47006220114,275542.561797849,143104.3797213047,75225.82363464205,41864.84100675044,26226.425582951186,19115.841518864312,15346.295157535145,14137.984146964685,12990.107948115165,12596.71508807595,12449.179769184104,12698.89567748575,1.3352574175906573e-07,1.2515532351838818e-07,1.2480740547714753e-07,1.2349314649082301e-07,1.219301857473635e-07,1.1925755501543148e-07,1.203700826702922e-07,1.2142697570062932e-07,1.2117786221854782e-07,1.2076897710289937e-07,1.2146543367643447e-07,1.2031409889768397e-07,1.2403034833537462e-07,1.2164120498449043e-07,1.2298449075482665e-07,1.2172875245705143e-07,1.2316517557700647e-07,1.2127174563792842e-07,1.2121234695911518e-07,1.1903103472238936e-07,1.208692504951226e-07,1.2051774086465592e-07,1.1895888928397402e-07,1.1553671458593771e-07,1.1406879611449355e-07,1.1020316736072199e-07,1.0050591579401311e-07,8.346264981316261e-08,6.314087977153167e-08,4.0123126291394007e-08,2.291700826763517e-08,1.15064335698381e-08,5.953617554354526e-09,2.894115780072936e-09,1.3416137280204951e-09,6.042055609936416e-10,0.9077826145151184,0.9510664938267763,0.9684461433440662,0.9759063096963994,0.9756311659399425,0.9687999604803876,0.9476507250305825,0.9075674225175555,0.8294082265021951,0.6910934564101635,0.5198259114583118,0.33348648794282226,0.18476936149262604,0.09459322251292394,0.04840949877349368,0.023775120681484373,0.010892800840296608,0.004982245104293056,0.231777494472066,0.22188214638827966,0.18996122531621884,0.1486754219419572,0.10070373743419218,0.06042171225287728,0.03143080830258408,0.015770555908479252,0.007560640295758613,0.0034941505644301416,0.0016559595845701432,0.0007669873234276657,0.00035169117300280246,0.0001626777753984733,7.733813471285869e-05,3.645635191348344e-05,1.6701990480932415e-05,7.672743386815008e-06,0.9638393488818644,0.9646615028071395,0.9663056639459846,0.9734815881393128,0.9747342423097187,0.9711236473718827,0.9587078920766654,0.9180989418400305,0.8238240592419501,0.6848984248390142,0.5193049566739738,0.3508951643517957,0.21811193763494252,0.1304591694670325,0.07975093022604796,0.029723408015478014,-0.02699379431864557,-0.055352395930999866,73832.4859374074,1274978.6559860238,3.4685260947500533e-07,2.0198986481815707e-07,104.16763050142835,0.7064703019749541,0.7132999184822193,0.03653057758249833,0.03151746349178261,,,30207.903847059053,0.006133993243987772,1000000.0,0.9720298676951248
2-3,6,7.0,5000.0,0.03297220836155523,0.004918680784497873,0.006062496541395883,5.438717884029245,5.438717884029245,6.703465788118068,0.796337278107,False,33.53736217560227,1.1058008935508994,0.37711427013921295,0.3565363768555866,True,18.836943704369077,11.732890671568214,28.813398275058354,176334.46666666667,91215.46666666667,49590.85333333333,29722.923333333336,20629.25,16316.543333333333,14424.453333333333,13227.506666666666,12832.906666666668,12932.323333333334,12593.25,12740.966666666667,12510.769999999999,12800.626666666665,12361.263333333334,12297.226666666667,12313.573333333334,12635.626666666669,1912160.7681620447,1864069.7101034638,1571625.7405259933,1233639.3038508992,846542.3478677256,522965.47006220114,275542.561797849,143104.3797213047,75225.82363464205,41864.84100675044,26226.425582951186,19115.841518864312,15346.295157535145,14137.984146964685,12990.107948115165,12596.71508807595,12449.179769184104,12698.89567748575,1.3352574175906573e-07,1.2515532351838818e-07,1.2480740547714753e-07,1.2349314649082301e-07,1.219301857473635e-07,1.1925755501543148e-07,1.203700826702922e-07,1.2142697570062932e-07,1.2117786221854782e-07,1.2076897710289937e-07,1.2146543367643447e-07,1.2031409889768397e-07,1.2403034833537462e-07,1.2164120498449043e-07,1.2298449075482665e-07,1.2172875245705143e-07,1.2316517557700647e-07,1.2127174563792842e-07,1.2121234695911518e-07,1.1903103472238936e-07,1.208692504951226e-07,1.2051774086465592e-07,1.1895888928397402e-07,1.1553671458593771e-07,1.1406879611449355e-07,1.1020316736072199e-07,1.0050591579401311e-07,8.346264981316261e-08,6.314087977153167e-08,4.0123126291394007e-08,2.291700826763517e-08,1.15064335698381e-08,5.953617554354526e-09,2.894115780072936e-09,1.3416137280204951e-09,6.042055609936416e-10,0.9077826145151184,0.9510664938267763,0.9684461433440662,0.9759063096963994,0.9756311659399425,0.9687999604803876,0.9476507250305825,0.9075674225175555,0.8294082265021951,0.6910934564101635,0.5198259114583118,0.33348648794282226,0.18476936149262604,0.09459322251292394,0.04840949877349368,0.023775120681484373,0.010892800840296608,0.004982245104293056,0.231777494472066,0.22188214638827966,0.18996122531621884,0.1486754219419572,0.10070373743419218,0.06042171225287728,0.03143080830258408,0.015770555908479252,0.007560640295758613,0.0034941505644301416,0.0016559595845701432,0.0007669873234276657,0.00035169117300280246,0.0001626777753984733,7.733813471285869e-05,3.645635191348344e-05,1.6701990480932415e-05,7.672743386815008e-06,0.9638393488818644,0.9646615028071395,0.9663056639459846,0.9734815881393128,0.9747342423097187,0.9711236473718827,0.9587078920766654,0.9180989418400305,0.8238240592419501,0.6848984248390142,0.5193049566739738,0.3508951643517957,0.21811193763494252,0.1304591694670325,0.07975093022604796,0.029723408015478014,-0.02699379431864557,-0.055352395930999866,73832.4859374074,1274978.6559860238,3.4685260947500533e-07,2.0198986481815707e-07,104.16763050142835,0.7064703019749541,0.7132999184822193,0.03653057758249833,0.03151746349178261,,,30207.903847059053,0.006133993243987772,1000000.0,0.9720298676951248
2-3,3,20.0,100.0,0.007915542759050515,0.0029387972493395555,0.0005894331928207633,13.429075348081895,13.429075348081895,2.6934633754776374,0.906923076923,False,30.51215653457662,0.24152027972028378,0.08220087504386574,0.09698333059104403,False,16.10732897288021,10.02546719799029,25.083054599844672,249750.66666666666,131030.8,68158.98999999999,39489.80333333334,25139.39333333333,18133.600000000002,15111.416666666666,13529.200000000003,12818.75,12631.279999999999,12530.893333333333,12633.023333333333,12325.340000000002,12582.62,12597.953333333333,12613.480000000001,12516.706666666667,12412.159999999998,2079372.6933922719,1889209.675858611,1747402.301698933,1434588.267380044,1047837.7644603396,698150.1156664975,388067.89721406816,210148.05480395077,112379.00314044229,57231.45872476106,33044.64169515626,22134.935664617453,16777.332437581044,14587.823195226749,13557.872577491202,13036.480890803254,12724.285841397834,12509.448698749407,1.0928302745104763e-07,1.0485806997113677e-07,1.0135263932664977e-07,9.952721756182931e-08,9.925878458710105e-08,9.764540207317939e-08,9.840225855727878e-08,9.758238880444224e-08,9.598151804682825e-08,9.842259193602487e-08,9.926738997050783e-08,9.896790692556764e-08,9.972638412422808e-08,1.0019714581134172e-07,9.860208594072378e-08,1.0113434734248767e-07,9.873774486969197e-08,9.867307537137561e-08,9.615718952503139e-08,9.758537971851585e-08,9.739928895986689e-08,9.678753932996398e-08,9.687739911679509e-08,9.510918153364136e-08,9.457046123347223e-08,9.130009579989979e-08,8.503318205807446e-08,7.670021503403962e-08,6.162409861107478e-08,4.248417024860064e-08,2.64631525661286e-08,1.3772831919106615e-08,6.9811867066627386e-09,3.281554230394905e-09,1.6107701328262286e-09,7.674019323843616e-10,0.8798913405661659,0.9306425318087315,0.9609941054022125,0.9724730752151958,0.9760083152316229,0.9740262164352881,0.9610598640723667,0.9356206270259246,0.8859328732078167,0.7792948095077104,0.6207889482072931,0.42927219104019637,0.2653575861445426,0.13745732782687323,0.07080161276567305,0.03244747523096229,0.016313620844308572,0.00777721713340841,0.19994663417169567,0.18435924358655684,0.1701957417123109,0.1388502683513509,0.10151179731727464,0.06640048608865763,0.03669976002943812,0.0191865375357633,0.00955594423354615,0.004389665190900937,0.002036346258389942,0.00094038437521743,0.00044398110794836534,0.00020091563693350282,9.465003980860885e-05,4.2779919016677766e-05,2.049589959486729e-05,9.599775104483333e-06,0.9577407959729877,0.9607509905153471,0.9667712323548692,0.9746716481924569,0.9836070591315895,0.9777194469164385,0.9611574576101631,0.9416413767743883,0.8817991957425395,0.7788726864850037,0.6351947134888789,0.4479517216343609,0.27317655306007893,0.14898063935166306,0.09115589809404234,0.05303398406724469,-0.0054745059615566305,-0.034728750241333685,92487.43617770368,1459469.7207996303,2.8227364026743823e-07,1.726737950121674e-07,127.3843376314226,0.7585957145414179,0.7645689123159379,0.05295945076024511,0.05059345306201195,,,20828.26232859514,0.007324549778417848,1000000.0,0.9134080340070971
2-3,3,20.0,500.0,0.015310274725159775,0.0047649593292350715,0.003306844245234546,4.629874765714542,4.629874765714542,3.21309662208965,0.916976331361,False,30.686344436674524,0.46981636363636525,0.11380148808571855,0.26991585797882567,True,16.10732897288021,10.02546719799029,25.083054599844672,249750.66666666666,131030.8,68158.98999999999,39489.80333333334,25139.39333333333,18133.600000000002,15111.416666666666,13529.200000000003,12818.75,12631.279999999999,12530.893333333333,12633.023333333333,12325.340000000002,12582.62,12597.953333333333,12613.480000000001,12516.706666666667,12412.159999999998,2079372.6933922719,1889209.675858611,1747402.301698933,1434588.267380044,1047837.7644603396,698150.1156664975,388067.89721406816,210148.05480395077,112379.00314044229,57231.45872476106,33044.64169515626,22134.935664617453,16777.332437581044,14587.823195226749,13557.872577491202,13036.480890803254,12724.285841397834,12509.448698749407,1.0928302745104763e-07,1.0485806997113677e-07,1.0135263932664977e-07,9.952721756182931e-08,9.925878458710105e-08,9.764540207317939e-08,9.840225855727878e-08,9.758238880444224e-08,9.598151804682825e-08,9.842259193602487e-08,9.926738997050783e-08,9.896790692556764e-08,9.972638412422808e-08,1.0019714581134172e-07,9.860208594072378e-08,1.0113434734248767e-07,9.873774486969197e-08,9.867307537137561e-08,9.615718952503139e-08,9.758537971851585e-08,9.739928895986689e-08,9.678753932996398e-08,9.687739911679509e-08,9.510918153364136e-08,9.457046123347223e-08,9.130009579989979e-08,8.503318205807446e-08,7.670021503403962e-08,6.162409861107478e-08,4.248417024860064e-08,2.64631525661286e-08,1.3772831919106615e-08,6.9811867066627386e-09,3.281554230394905e-09,1.6107701328262286e-09,7.674019323843616e-10,0.8798913405661659,0.9306425318087315,0.9609941054022125,0.9724730752151958,0.9760083152316229,0.9740262164352881,0.9610598640723667,0.9356206270259246,0.8859328732078167,0.7792948095077104,0.6207889482072931,0.42927219104019637,0.2653575861445426,0.13745732782687323,0.07080161276567305,0.03244747523096229,0.016313620844308572,0.00777721713340841,0.19994663417169567,0.18435924358655684,0.1701957417123109,0.1388502683513509,0.10151179731727464,0.06640048608865763,0.03669976002943812,0.0191865375357633,0.00955594423354615,0.004389665190900937,0.002036346258389942,0.00094038437521743,0.00044398110794836534,0.00020091563693350282,9.465003980860885e-05,4.2779919016677766e-05,2.049589959486729e-05,9.599775104483333e-06,0.9577407959729877,0.9607509905153471,0.9667712323548692,0.9746716481924569,0.9836070591315895,0.9777194469164385,0.9611574576101631,0.9416413767743883,0.8817991957425395,0.7788726864850037,0.6351947134888789,0.4479517216343609,0.27317655306007893,0.14898063935166306,0.09115589809404234,0.05303398406724469,-0.0054745059615566305,-0.034728750241333685,92487.43617770368,1459469.7207996303,2.8227364026743823e-07,1.726737950121674e-07,127.3843376314226,0.7585957145414179,0.7645689123159379,0.05295945076024511,0.05059345306201195,,,20828.26232859514,0.007324549778417848,1000000.0,0.9134080340070971
2-3,3,20.0,1000.0,0.012378399561707939,0.002682862226287057,0.002010606057820433,6.156551410735604,6.156551410735604,4.613878208289139,0.896869822485,False,30.353306938617024,0.3757253613053635,0.1079956777964352,0.13225903034795883,False,16.10732897288021,10.02546719799029,25.083054599844672,249750.66666666666,131030.8,68158.98999999999,39489.80333333334,25139.39333333333,18133.600000000002,15111.416666666666,13529.200000000003,12818.75,12631.279999999999,12530.893333333333,12633.023333333333,12325.340000000002,12582.62,12597.953333333333,12613.480000000001,12516.706666666667,12412.159999999998,2079372.6933922719,1889209.675858611,1747402.301698933,1434588.267380044,1047837.7644603396,698150.1156664975,388067.89721406816,210148.05480395077,112379.00314044229,57231.45872476106,33044.64169515626,22134.935664617453,16777.332437581044,14587.823195226749,13557.872577491202,13036.480890803254,12724.285841397834,12509.448698749407,1.0928302745104763e-07,1.0485806997113677e-07,1.0135263932664977e-07,9.952721756182931e-08,9.925878458710105e-08,9.764540207317939e-08,9.840225855727878e-08,9.758238880444224e-08,9.598151804682825e-08,9.842259193602487e-08,9.926738997050783e-08,9.896790692556764e-08,9.972638412422808e-08,1.0019714581134172e-07,9.860208594072378e-08,1.0113434734248767e-07,9.873774486969197e-08,9.867307537137561e-08,9.615718952503139e-08,9.758537971851585e-08,9.739928895986689e-08,9.678753932996398e-08,9.687739911679509e-08,9.510918153364136e-08,9.457046123347223e-08,9.130009579989979e-08,8.503318205807446e-08,7.670021503403962e-08,6.162409861107478e-08,4.248417024860064e-08,2.64631525661286e-08,1.3772831919106615e-08,6.9811867066627386e-09,3.281554230394905e-09,1.6107701328262286e-09,7.674019323843616e-10,0.8798913405661659,0.9306425318087315,0.9609941054022125,0.9724730752151958,0.9760083152316229,0.9740262164352881,0.9610598640723667,0.9356206270259246,0.8859328732078167,0.7792948095077104,0.6207889482072931,0.42927219104019637,0.2653575861445426,0.13745732782687323,0.07080161276567305,0.03244747523096229,0.016313620844308572,0.00777721713340841,0.19994663417169567,0.18435924358655684,0.1701957417123109,0.1388502683513509,0.10151179731727464,0.06640048608865763,0.03669976002943812,0.0191865375357633,0.00955594423354615,0.004389665190900937,0.002036346258389942,0.00094038437521743,0.00044398110794836534,0.00020091563693350282,9.465003980860885e-05,4.2779919016677766e-05,2.049589959486729e-05,9.599775104483333e-06,0.9577407959729877,0.9607509905153471,0.9667712323548692,0.9746716481924569,0.9836070591315895,0.9777194469164385,0.9611574576101631,0.9416413767743883,0.8817991957425395,0.7788726864850037,0.6351947134888789,0.4479517216343609,0.27317655306007893,0.14898063935166306,0.09115589809404234,0.05303398406724469,-0.0054745059615566305,-0.034728750241333685,92487.43617770368,1459469.7207996303,2.8227364026743823e-07,1.726737950121674e-07,127.3843376314226,0.7585957145414179,0.7645689123159379,0.05295945076024511,0.05059345306201195,,,20828.26232859514,0.007324549778417848,1000000.0,0.9134080340070971
2-3,3,20.0,5000.0,0.02765002632223836,0.0029680339132024634,0.006046921874733949,4.572578726007586,4.572578726007586,9.315940157976295,0.896869822485,False,30.353306938617024,0.839269735819741,0.3353925994731135,0.49767009238259774,True,16.10732897288021,10.02546719799029,25.083054599844672,249750.66666666666,131030.8,68158.98999999999,39489.80333333334,25139.39333333333,18133.600000000002,15111.416666666666,13529.200000000003,12818.75,12631.279999999999,12530.893333333333,12633.023333333333,12325.340000000002,12582.62,12597.953333333333,12613.480000000001,12516.706666666667,12412.159999999998,2079372.6933922719,1889209.675858611,1747402.301698933,1434588.267380044,1047837.7644603396,698150.1156664975,388067.89721406816,210148.05480395077,112379.00314044229,57231.45872476106,33044.64169515626,22134.935664617453,16777.332437581044,14587.823195226749,13557.872577491202,13036.480890803254,12724.285841397834,12509.448698749407,1.0928302745104763e-07,1.0485806997113677e-07,1.0135263932664977e-07,9.952721756182931e-08,9.925878458710105e-08,9.764540207317939e-08,9.840225855727878e-08,9.758238880444224e-08,9.598151804682825e-08,9.842259193602487e-08,9.926738997050783e-08,9.896790692556764e-08,9.972638412422808e-08,1.0019714581134172e-07,9.860208594072378e-08,1.0113434734248767e-07,9.873774486969197e-08,9.867307537137561e-08,9.615718952503139e-08,9.758537971851585e-08,9.739928895986689e-08,9.678753932996398e-08,9.687739911679509e-08,9.510918153364136e-08,9.457046123347223e-08,9.130009579989979e-08,8.503318205807446e-08,7.670021503403962e-08,6.162409861107478e-08,4.248417024860064e-08,2.64631525661286e-08,1.3772831919106615e-08,6.9811867066627386e-09,3.281554230394905e-09,1.6107701328262286e-09,7.674019323843616e-10,0.8798913405661659,0.9306425318087315,0.9609941054022125,0.9724730752151958,0.9760083152316229,0.9740262164352881,0.9610598640723667,0.9356206270259246,0.8859328732078167,0.7792948095077104,0.6207889482072931,0.42927219104019637,0.2653575861445426,0.13745732782687323,0.07080161276567305,0.03244747523096229,0.016313620844308572,0.00777721713340841,0.19994663417169567,0.18435924358655684,0.1701957417123109,0.1388502683513509,0.10151179731727464,0.06640048608865763,0.03669976002943812,0.0191865375357633,0.00955594423354615,0.004389665190900937,0.002036346258389942,0.00094038437521743,0.00044398110794836534,0.00020091563693350282,9.465003980860885e-05,4.2779919016677766e-05,2.049589959486729e-05,9.599775104483333e-06,0.9577407959729877,0.9607509905153471,0.9667712323548692,0.9746716481924569,0.9836070591315895,0.9777194469164385,0.9611574576101631,0.9416413767743883,0.8817991957425395,0.7788726864850037,0.6351947134888789,0.4479517216343609,0.27317655306007893,0.14898063935166306,0.09115589809404234,0.05303398406724469,-0.0054745059615566305,-0.034728750241333685,92487.43617770368,1459469.7207996303,2.8227364026743823e-07,1.726737950121674e-07,127.3843376314226,0.7585957145414179,0.7645689123159379,0.05295945076024511,0.05059345306201195,,,20828.26232859514,0.007324549778417848,1000000.0,0.9134080340070971
