device,channel,timepoint,time_index,NormIpeak,mean_Vpeak,mean_Ibg,R_s_f00,R_s_f01,R_s_f02,R_s_f03,R_s_f04,R_s_f05,R_s_f06,R_s_f07,R_s_f08,R_s_f09,R_s_f10,R_s_f11,R_s_f12,R_s_f13,R_s_f14,R_s_f15,R_s_f16,R_s_f17,R_p_f00,R_p_f01,R_p_f02,R_p_f03,R_p_f04,R_p_f05,R_p_f06,R_p_f07,R_p_f08,R_p_f09,R_p_f10,R_p_f11,R_p_f12,R_p_f13,R_p_f14,R_p_f15,R_p_f16,R_p_f17,C_s_f00,C_s_f01,C_s_f02,C_s_f03,C_s_f04,C_s_f05,C_s_f06,C_s_f07,C_s_f08,C_s_f09,C_s_f10,C_s_f11,C_s_f12,C_s_f13,C_s_f14,C_s_f15,C_s_f16,C_s_f17,C_p_f00,C_p_f01,C_p_f02,C_p_f03,C_p_f04,C_p_f05,C_p_f06,C_p_f07,C_p_f08,C_p_f09,C_p_f10,C_p_f11,C_p_f12,C_p_f13,C_p_f14,C_p_f15,C_p_f16,C_p_f17,ideality_C_f00,ideality_C_f01,ideality_C_f02,ideality_C_f03,ideality_C_f04,ideality_C_f05,ideality_C_f06,ideality_C_f07,ideality_C_f08,ideality_C_f09,ideality_C_f10,ideality_C_f11,ideality_C_f12,ideality_C_f13,ideality_C_f14,ideality_C_f15,ideality_C_f16,ideality_C_f17,tau_f00,tau_f01,tau_f02,tau_f03,tau_f04,tau_f05,tau_f06,tau_f07,tau_f08,tau_f09,tau_f10,tau_f11,tau_f12,tau_f13,tau_f14,tau_f15,tau_f16,tau_f17,local_n_f00,local_n_f01,local_n_f02,local_n_f03,local_n_f04,local_n_f05,local_n_f06,local_n_f07,local_n_f08,local_n_f09,local_n_f10,local_n_f11,local_n_f12,local_n_f13,local_n_f14,local_n_f15,local_n_f16,local_n_f17,R_s_integral,R_p_integral,C_s_integral,C_p_integral,f_ideality_crossover,ideality_C_band_LF,n_band_LF,ideality_C_band_MF,n_band_MF,ideality_C_band_HF,n_band_HF,tau_ratio,min_neg_phase,inductive_onset_hz
3-2,3,0.0,0,0.0005210697541408298,0.68575147929,27.27900750582758,12510.0,12510.0,12510.0,12510.0,12510.0,12510.0,12510.0,12510.0,12510.0,12510.0,12510.0,12510.0,12510.0,12510.0,12510.0,12510.0,12510.0,12510.0,44701696.27006316,20755392.01638689,9640503.706871303,4481426.3426890485,2086798.0690647482,975309.640607514,459401.86270063143,219938.8201638689,108789.93706871303,57199.16342689049,33252.88069064748,22137.996406075137,16978.918627006315,14584.28820163869,13472.799370687131,12956.891634268904,12717.428806906473,12606.279964060752,9.879998020407241e-08,9.879998566150586e-08,9.879998887655305e-08,9.880001518283931e-08,9.879999943626797e-08,9.879999658305988e-08,9.879998020407241e-08,9.879998566150587e-08,9.879998887655302e-08,9.880001518283931e-08,9.879999943626797e-08,9.879999658305989e-08,9.879998020407241e-08,9.879998566150586e-08,9.879998887655302e-08,9.880001518283931e-08,9.879999943626797e-08,9.879999658305988e-08,9.877233052060433e-08,9.874043545789373e-08,9.867178106724897e-08,9.852421277186058e-08,9.82077102199464e-08,9.753271908902816e-08,9.610955194788927e-08,9.318029642381446e-08,8.743875552952927e-08,7.719151401101524e-08,6.163064847247795e-08,4.296892973389834e-08,2.6004546083373494e-08,1.405208411588481e-08,7.060490139948492e-09,3.407676894825169e-09,1.611486591872703e-09,7.545810617675034e-10,0.9997201448480966,0.9993972650581535,0.9987023499621617,0.9972084780506528,0.9940051698410827,0.9871733042726744,0.9727689393193598,0.9431205460196648,0.8850077466990486,0.7812905075790183,0.6237919921470596,0.4349082107282758,0.2632039604629558,0.1422275926641125,0.07146245885483161,0.0344906515299509,0.016310593128213632,0.007637460403484294,4.415290718818343,2.0493964457973326,0.9512456711424073,0.44152900250851673,0.20493966005425449,0.09512460120219367,0.04415290718818343,0.02049396445797333,0.009512456711424073,0.004415290025085167,0.0020493966005425447,0.0009512460120219365,0.0004415290718818343,0.00020493964457973327,9.512456711424073e-05,4.415290025085167e-05,2.0493966005425454e-05,9.512460120219366e-06,1.0030665611122629,1.0014173828672632,0.9981188753639785,0.9964815590601201,0.9943836777926283,0.9875081173173665,0.9720021202150537,0.9383455857953589,0.8725306861878845,0.7630486010158606,0.6123012364705644,0.4412502482672327,0.28101921616241654,0.1572566635638637,0.0931786599799782,0.04803236596163174,-0.014941700205763908,-0.046428732981730246,35444.9982277299,10211334.282012613,2.799333042430616e-07,1.753493768403228e-07,128.5970867136028,0.7650300418965712,0.7624877210249296,0.054425751316118584,0.047419451263595896,,,464158.65748896543,0.00737782772117581,1000000.0
3-2,3,0.0,1,0.0003971604333349444,0.665644970414,26.914059891219967,12510.0,12510.0,12510.0,12510.0,12510.0,12510.0,12510.0,12510.0,12510.0,12510.0,12510.0,12510.0,12510.0,12510.0,12510.0,12510.0,12510.0,12510.0,44701696.27006316,20755392.01638689,9640503.706871303,4481426.3426890485,2086798.0690647482,975309.640607514,459401.86270063143,219938.8201638689,108789.93706871303,57199.16342689049,33252.88069064748,22137.996406075137,16978.918627006315,14584.28820163869,13472.799370687131,12956.891634268904,12717.428806906473,12606.279964060752,9.879998020407241e-08,9.879998566150586e-08,9.879998887655305e-08,9.880001518283931e-08,9.879999943626797e-08,9.879999658305988e-08,9.879998020407241e-08,9.879998566150587e-08,9.879998887655302e-08,9.880001518283931e-08,9.879999943626797e-08,9.879999658305989e-08,9.879998020407241e-08,9.879998566150586e-08,9.879998887655302e-08,9.880001518283931e-08,9.879999943626797e-08,9.879999658305988e-08,9.877233052060433e-08,9.874043545789373e-08,9.867178106724897e-08,9.852421277186058e-08,9.82077102199464e-08,9.753271908902816e-08,9.610955194788927e-08,9.318029642381446e-08,8.743875552952927e-08,7.719151401101524e-08,6.163064847247795e-08,4.296892973389834e-08,2.6004546083373494e-08,1.405208411588481e-08,7.060490139948492e-09,3.407676894825169e-09,1.611486591872703e-09,7.545810617675034e-10,0.9997201448480966,0.9993972650581535,0.9987023499621617,0.9972084780506528,0.9940051698410827,0.9871733042726744,0.9727689393193598,0.9431205460196648,0.8850077466990486,0.7812905075790183,0.6237919921470596,0.4349082107282758,0.2632039604629558,0.1422275926641125,0.07146245885483161,0.0344906515299509,0.016310593128213632,0.007637460403484294,4.415290718818343,2.0493964457973326,0.9512456711424073,0.44152900250851673,0.20493966005425449,0.09512460120219367,0.04415290718818343,0.02049396445797333,0.009512456711424073,0.004415290025085167,0.0020493966005425447,0.0009512460120219365,0.0004415290718818343,0.00020493964457973327,9.512456711424073e-05,4.415290025085167e-05,2.0493966005425454e-05,9.512460120219366e-06,1.0030665611122629,1.0014173828672632,0.9981188753639785,0.9964815590601201,0.9943836777926283,0.9875081173173665,0.9720021202150537,0.9383455857953589,0.8725306861878845,0.7630486010158606,0.6123012364705644,0.4412502482672327,0.28101921616241654,0.1572566635638637,0.0931786599799782,0.04803236596163174,-0.014941700205763908,-0.046428732981730246,35444.9982277299,10211334.282012613,2.799333042430616e-07,1.753493768403228e-07,128.5970867136028,0.7650300418965712,0.7624877210249296,0.054425751316118584,0.047419451263595896,,,464158.65748896543,0.00737782772117581,1000000.0
3-2,3,0.0,2,0.0003727358102672357,0.997402366864,32.36915641802651,12510.0,12510.0,12510.0,12510.0,12510.0,12510.0,12510.0,12510.0,12510.0,12510.0,12510.0,12510.0,12510.0,12510.0,12510.0,12510.0,12510.0,12510.0,44701696.27006316,20755392.01638689,9640503.706871303,4481426.3426890485,2086798.0690647482,975309.640607514,459401.86270063143,219938.8201638689,108789.93706871303,57199.16342689049,33252.88069064748,22137.996406075137,16978.918627006315,14584.28820163869,13472.799370687131,12956.891634268904,12717.428806906473,12606.279964060752,9.879998020407241e-08,9.879998566150586e-08,9.879998887655305e-08,9.880001518283931e-08,9.879999943626797e-08,9.879999658305988e-08,9.879998020407241e-08,9.879998566150587e-08,9.879998887655302e-08,9.880001518283931e-08,9.879999943626797e-08,9.879999658305989e-08,9.879998020407241e-08,9.879998566150586e-08,9.879998887655302e-08,9.880001518283931e-08,9.879999943626797e-08,9.879999658305988e-08,9.877233052060433e-08,9.874043545789373e-08,9.867178106724897e-08,9.852421277186058e-08,9.82077102199464e-08,9.753271908902816e-08,9.610955194788927e-08,9.318029642381446e-08,8.743875552952927e-08,7.719151401101524e-08,6.163064847247795e-08,4.296892973389834e-08,2.6004546083373494e-08,1.405208411588481e-08,7.060490139948492e-09,3.407676894825169e-09,1.611486591872703e-09,7.545810617675034e-10,0.9997201448480966,0.9993972650581535,0.9987023499621617,0.9972084780506528,0.9940051698410827,0.9871733042726744,0.9727689393193598,0.9431205460196648,0.8850077466990486,0.7812905075790183,0.6237919921470596,0.4349082107282758,0.2632039604629558,0.1422275926641125,0.07146245885483161,0.0344906515299509,0.016310593128213632,0.007637460403484294,4.415290718818343,2.0493964457973326,0.9512456711424073,0.44152900250851673,0.20493966005425449,0.09512460120219367,0.04415290718818343,0.02049396445797333,0.009512456711424073,0.004415290025085167,0.0020493966005425447,0.0009512460120219365,0.0004415290718818343,0.00020493964457973327,9.512456711424073e-05,4.415290025085167e-05,2.0493966005425454e-05,9.512460120219366e-06,1.0030665611122629,1.0014173828672632,0.9981188753639785,0.9964815590601201,0.9943836777926283,0.9875081173173665,0.9720021202150537,0.9383455857953589,0.8725306861878845,0.7630486010158606,0.6123012364705644,0.4412502482672327,0.28101921616241654,0.1572566635638637,0.0931786599799782,0.04803236596163174,-0.014941700205763908,-0.046428732981730246,35444.9982277299,10211334.282012613,2.799333042430616e-07,1.753493768403228e-07,128.5970867136028,0.7650300418965712,0.7624877210249296,0.054425751316118584,0.047419451263595896,,,464158.65748896543,0.00737782772117581,1000000.0
3-2,3,0.0,3,0.0006373144583925731,0.665644970414,26.914059891219967,12510.0,12510.0,12510.0,12510.0,12510.0,12510.0,12510.0,12510.0,12510.0,12510.0,12510.0,12510.0,12510.0,12510.0,12510.0,12510.0,12510.0,12510.0,44701696.27006316,20755392.01638689,9640503.706871303,4481426.3426890485,2086798.0690647482,975309.640607514,459401.86270063143,219938.8201638689,108789.93706871303,57199.16342689049,33252.88069064748,22137.996406075137,16978.918627006315,14584.28820163869,13472.799370687131,12956.891634268904,12717.428806906473,12606.279964060752,9.879998020407241e-08,9.879998566150586e-08,9.879998887655305e-08,9.880001518283931e-08,9.879999943626797e-08,9.879999658305988e-08,9.879998020407241e-08,9.879998566150587e-08,9.879998887655302e-08,9.880001518283931e-08,9.879999943626797e-08,9.879999658305989e-08,9.879998020407241e-08,9.879998566150586e-08,9.879998887655302e-08,9.880001518283931e-08,9.879999943626797e-08,9.879999658305988e-08,9.877233052060433e-08,9.874043545789373e-08,9.867178106724897e-08,9.852421277186058e-08,9.82077102199464e-08,9.753271908902816e-08,9.610955194788927e-08,9.318029642381446e-08,8.743875552952927e-08,7.719151401101524e-08,6.163064847247795e-08,4.296892973389834e-08,2.6004546083373494e-08,1.405208411588481e-08,7.060490139948492e-09,3.407676894825169e-09,1.611486591872703e-09,7.545810617675034e-10,0.9997201448480966,0.9993972650581535,0.9987023499621617,0.9972084780506528,0.9940051698410827,0.9871733042726744,0.9727689393193598,0.9431205460196648,0.8850077466990486,0.7812905075790183,0.6237919921470596,0.4349082107282758,0.2632039604629558,0.1422275926641125,0.07146245885483161,0.0344906515299509,0.016310593128213632,0.007637460403484294,4.415290718818343,2.0493964457973326,0.9512456711424073,0.44152900250851673,0.20493966005425449,0.09512460120219367,0.04415290718818343,0.02049396445797333,0.009512456711424073,0.004415290025085167,0.0020493966005425447,0.0009512460120219365,0.0004415290718818343,0.00020493964457973327,9.512456711424073e-05,4.415290025085167e-05,2.0493966005425454e-05,9.512460120219366e-06,1.0030665611122629,1.0014173828672632,0.9981188753639785,0.9964815590601201,0.9943836777926283,0.9875081173173665,0.9720021202150537,0.9383455857953589,0.8725306861878845,0.7630486010158606,0.6123012364705644,0.4412502482672327,0.28101921616241654,0.1572566635638637,0.0931786599799782,0.04803236596163174,-0.014941700205763908,-0.046428732981730246,35444.9982277299,10211334.282012613,2.799333042430616e-07,1.753493768403228e-07,128.5970867136028,0.7650300418965712,0.7624877210249296,0.054425751316118584,0.047419451263595896,,,464158.65748896543,0.00737782772117581,1000000.0
3-2,3,0.0,4,0.0005537780463230416,0.635485207101,26.369404312354384,12510.0,12510.0,12510.0,12510.0,12510.0,12510.0,12510.0,12510.0,12510.0,12510.0,12510.0,12510.0,12510.0,12510.0,12510.0,12510.0,12510.0,12510.0,44701696.27006316,20755392.01638689,9640503.706871303,4481426.3426890485,2086798.0690647482,975309.640607514,459401.86270063143,219938.8201638689,108789.93706871303,57199.16342689049,33252.88069064748,22137.996406075137,16978.918627006315,14584.28820163869,13472.799370687131,12956.891634268904,12717.428806906473,12606.279964060752,9.879998020407241e-08,9.879998566150586e-08,9.879998887655305e-08,9.880001518283931e-08,9.879999943626797e-08,9.879999658305988e-08,9.879998020407241e-08,9.879998566150587e-08,9.879998887655302e-08,9.880001518283931e-08,9.879999943626797e-08,9.879999658305989e-08,9.879998020407241e-08,9.879998566150586e-08,9.879998887655302e-08,9.880001518283931e-08,9.879999943626797e-08,9.879999658305988e-08,9.877233052060433e-08,9.874043545789373e-08,9.867178106724897e-08,9.852421277186058e-08,9.82077102199464e-08,9.753271908902816e-08,9.610955194788927e-08,9.318029642381446e-08,8.743875552952927e-08,7.719151401101524e-08,6.163064847247795e-08,4.296892973389834e-08,2.6004546083373494e-08,1.405208411588481e-08,7.060490139948492e-09,3.407676894825169e-09,1.611486591872703e-09,7.545810617675034e-10,0.9997201448480966,0.9993972650581535,0.9987023499621617,0.9972084780506528,0.9940051698410827,0.9871733042726744,0.9727689393193598,0.9431205460196648,0.8850077466990486,0.7812905075790183,0.6237919921470596,0.4349082107282758,0.2632039604629558,0.1422275926641125,0.07146245885483161,0.0344906515299509,0.016310593128213632,0.007637460403484294,4.415290718818343,2.0493964457973326,0.9512456711424073,0.44152900250851673,0.20493966005425449,0.09512460120219367,0.04415290718818343,0.02049396445797333,0.009512456711424073,0.004415290025085167,0.0020493966005425447,0.0009512460120219365,0.0004415290718818343,0.00020493964457973327,9.512456711424073e-05,4.415290025085167e-05,2.0493966005425454e-05,9.512460120219366e-06,1.0030665611122629,1.0014173828672632,0.9981188753639785,0.9964815590601201,0.9943836777926283,0.9875081173173665,0.9720021202150537,0.9383455857953589,0.8725306861878845,0.7630486010158606,0.6123012364705644,0.4412502482672327,0.28101921616241654,0.1572566635638637,0.0931786599799782,0.04803236596163174,-0.014941700205763908,-0.046428732981730246,35444.9982277299,10211334.282012613,2.799333042430616e-07,1.753493768403228e-07,128.5970867136028,0.7650300418965712,0.7624877210249296,0.054425751316118584,0.047419451263595896,,,464158.65748896543,0.00737782772117581,1000000.0
3-2,3,0.0,5,0.0004242399149006795,0.68575147929,27.27900750582758,12510.0,12510.0,12510.0,12510.0,12510.0,12510.0,12510.0,12510.0,12510.0,12510.0,12510.0,12510.0,12510.0,12510.0,12510.0,12510.0,12510.0,12510.0,44701696.27006316,20755392.01638689,9640503.706871303,4481426.3426890485,2086798.0690647482,975309.640607514,459401.86270063143,219938.8201638689,108789.93706871303,57199.16342689049,33252.88069064748,22137.996406075137,16978.918627006315,14584.28820163869,13472.799370687131,12956.891634268904,12717.428806906473,12606.279964060752,9.879998020407241e-08,9.879998566150586e-08,9.879998887655305e-08,9.880001518283931e-08,9.879999943626797e-08,9.879999658305988e-08,9.879998020407241e-08,9.879998566150587e-08,9.879998887655302e-08,9.880001518283931e-08,9.879999943626797e-08,9.879999658305989e-08,9.879998020407241e-08,9.879998566150586e-08,9.879998887655302e-08,9.880001518283931e-08,9.879999943626797e-08,9.879999658305988e-08,9.877233052060433e-08,9.874043545789373e-08,9.867178106724897e-08,9.852421277186058e-08,9.82077102199464e-08,9.753271908902816e-08,9.610955194788927e-08,9.318029642381446e-08,8.743875552952927e-08,7.719151401101524e-08,6.163064847247795e-08,4.296892973389834e-08,2.6004546083373494e-08,1.405208411588481e-08,7.060490139948492e-09,3.407676894825169e-09,1.611486591872703e-09,7.545810617675034e-10,0.9997201448480966,0.9993972650581535,0.9987023499621617,0.9972084780506528,0.9940051698410827,0.9871733042726744,0.9727689393193598,0.9431205460196648,0.8850077466990486,0.7812905075790183,0.6237919921470596,0.4349082107282758,0.2632039604629558,0.1422275926641125,0.07146245885483161,0.0344906515299509,0.016310593128213632,0.007637460403484294,4.415290718818343,2.0493964457973326,0.9512456711424073,0.44152900250851673,0.20493966005425449,0.09512460120219367,0.04415290718818343,0.02049396445797333,0.009512456711424073,0.004415290025085167,0.0020493966005425447,0.0009512460120219365,0.0004415290718818343,0.00020493964457973327,9.512456711424073e-05,4.415290025085167e-05,2.0493966005425454e-05,9.512460120219366e-06,1.0030665611122629,1.0014173828672632,0.9981188753639785,0.9964815590601201,0.9943836777926283,0.9875081173173665,0.9720021202150537,0.9383455857953589,0.8725306861878845,0.7630486010158606,0.6123012364705644,0.4412502482672327,0.28101921616241654,0.1572566635638637,0.0931786599799782,0.04803236596163174,-0.014941700205763908,-0.046428732981730246,35444.9982277299,10211334.282012613,2.799333042430616e-07,1.753493768403228e-07,128.5970867136028,0.7650300418965712,0.7624877210249296,0.054425751316118584,0.047419451263595896,,,464158.65748896543,0.00737782772117581,1000000.0
3-2,3,0.0,6,0.0005030795999492381,0.695804733728,27.461828360528436,12510.0,12510.0,12510.0,12510.0,12510.0,12510.0,12510.0,12510.0,12510.0,12510.0,12510.0,12510.0,12510.0,12510.0,12510.0,12510.0,12510.0,12510.0,44701696.27006316,20755392.01638689,9640503.706871303,4481426.3426890485,2086798.0690647482,975309.640607514,459401.86270063143,219938.8201638689,108789.93706871303,57199.16342689049,33252.88069064748,22137.996406075137,16978.918627006315,14584.28820163869,13472.799370687131,12956.891634268904,12717.428806906473,12606.279964060752,9.879998020407241e-08,9.879998566150586e-08,9.879998887655305e-08,9.880001518283931e-08,9.879999943626797e-08,9.879999658305988e-08,9.879998020407241e-08,9.879998566150587e-08,9.879998887655302e-08,9.880001518283931e-08,9.879999943626797e-08,9.879999658305989e-08,9.879998020407241e-08,9.879998566150586e-08,9.879998887655302e-08,9.880001518283931e-08,9.879999943626797e-08,9.879999658305988e-08,9.877233052060433e-08,9.874043545789373e-08,9.867178106724897e-08,9.852421277186058e-08,9.82077102199464e-08,9.753271908902816e-08,9.610955194788927e-08,9.318029642381446e-08,8.743875552952927e-08,7.719151401101524e-08,6.163064847247795e-08,4.296892973389834e-08,2.6004546083373494e-08,1.405208411588481e-08,7.060490139948492e-09,3.407676894825169e-09,1.611486591872703e-09,7.545810617675034e-10,0.9997201448480966,0.9993972650581535,0.9987023499621617,0.9972084780506528,0.9940051698410827,0.9871733042726744,0.9727689393193598,0.9431205460196648,0.8850077466990486,0.7812905075790183,0.6237919921470596,0.4349082107282758,0.2632039604629558,0.1422275926641125,0.07146245885483161,0.0344906515299509,0.016310593128213632,0.007637460403484294,4.415290718818343,2.0493964457973326,0.9512456711424073,0.44152900250851673,0.20493966005425449,0.09512460120219367,0.04415290718818343,0.02049396445797333,0.009512456711424073,0.004415290025085167,0.0020493966005425447,0.0009512460120219365,0.0004415290718818343,0.00020493964457973327,9.512456711424073e-05,4.415290025085167e-05,2.0493966005425454e-05,9.512460120219366e-06,1.0030665611122629,1.0014173828672632,0.9981188753639785,0.9964815590601201,0.9943836777926283,0.9875081173173665,0.9720021202150537,0.9383455857953589,0.8725306861878845,0.7630486010158606,0.6123012364705644,0.4412502482672327,0.28101921616241654,0.1572566635638637,0.0931786599799782,0.04803236596163174,-0.014941700205763908,-0.046428732981730246,35444.9982277299,10211334.282012613,2.799333042430616e-07,1.753493768403228e-07,128.5970867136028,0.7650300418965712,0.7624877210249296,0.054425751316118584,0.047419451263595896,,,464158.65748896543,0.00737782772117581,1000000.0
3-2,3,0.0,7,0.00026821183755484115,0.675698224852,27.097155159285233,12510.0,12510.0,12510.0,12510.0,12510.0,12510.0,12510.0,12510.0,12510.0,12510.0,12510.0,12510.0,12510.0,12510.0,12510.0,12510.0,12510.0,12510.0,44701696.27006316,20755392.01638689,9640503.706871303,4481426.3426890485,2086798.0690647482,975309.640607514,459401.86270063143,219938.8201638689,108789.93706871303,57199.16342689049,33252.88069064748,22137.996406075137,16978.918627006315,14584.28820163869,13472.799370687131,12956.891634268904,12717.428806906473,12606.279964060752,9.879998020407241e-08,9.879998566150586e-08,9.879998887655305e-08,9.880001518283931e-08,9.879999943626797e-08,9.879999658305988e-08,9.879998020407241e-08,9.879998566150587e-08,9.879998887655302e-08,9.880001518283931e-08,9.879999943626797e-08,9.879999658305989e-08,9.879998020407241e-08,9.879998566150586e-08,9.879998887655302e-08,9.880001518283931e-08,9.879999943626797e-08,9.879999658305988e-08,9.877233052060433e-08,9.874043545789373e-08,9.867178106724897e-08,9.852421277186058e-08,9.82077102199464e-08,9.753271908902816e-08,9.610955194788927e-08,9.318029642381446e-08,8.743875552952927e-08,7.719151401101524e-08,6.163064847247795e-08,4.296892973389834e-08,2.6004546083373494e-08,1.405208411588481e-08,7.060490139948492e-09,3.407676894825169e-09,1.611486591872703e-09,7.545810617675034e-10,0.9997201448480966,0.9993972650581535,0.9987023499621617,0.9972084780506528,0.9940051698410827,0.9871733042726744,0.9727689393193598,0.9431205460196648,0.8850077466990486,0.7812905075790183,0.6237919921470596,0.4349082107282758,0.2632039604629558,0.1422275926641125,0.07146245885483161,0.0344906515299509,0.016310593128213632,0.007637460403484294,4.415290718818343,2.0493964457973326,0.9512456711424073,0.44152900250851673,0.20493966005425449,0.09512460120219367,0.04415290718818343,0.02049396445797333,0.009512456711424073,0.004415290025085167,0.0020493966005425447,0.0009512460120219365,0.0004415290718818343,0.00020493964457973327,9.512456711424073e-05,4.415290025085167e-05,2.0493966005425454e-05,9.512460120219366e-06,1.0030665611122629,1.0014173828672632,0.9981188753639785,0.9964815590601201,0.9943836777926283,0.9875081173173665,0.9720021202150537,0.9383455857953589,0.8725306861878845,0.7630486010158606,0.6123012364705644,0.4412502482672327,0.28101921616241654,0.1572566635638637,0.0931786599799782,0.04803236596163174,-0.014941700205763908,-0.046428732981730246,35444.9982277299,10211334.282012613,2.799333042430616e-07,1.753493768403228e-07,128.5970867136028,0.7650300418965712,0.7624877210249296,0.054425751316118584,0.047419451263595896,,,464158.65748896543,0.00737782772117581,1000000.0
3-2,5,0.0,0,0.0003516367703901601,0.906923076923,34.397360753690855,12510.0,12510.0,12510.0,12510.0,12510.0,12510.0,12510.0,12510.0,12510.0,12510.0,12510.0,12510.0,12510.0,12510.0,12510.0,12510.0,12510.0,12510.0,33579055.04461711,15592716.80627418,7244203.692089528,3369165.122079137,1570530.816319744,735679.1530222303,348175.4504461711,168312.0680627418,84826.93692089528,46076.55122079136,28090.20816319744,19741.691530222302,15866.654504461712,14068.020680627418,13233.169369208954,12845.665512207912,12665.802081631973,12582.316915302223,1.1399997598572463e-07,1.1399999206291004e-07,1.1399998211172322e-07,1.1399997672202714e-07,1.1399999934953996e-07,1.1400002402354853e-07,1.1399997598572463e-07,1.1399999206291004e-07,1.139999821117232e-07,1.1399997672202712e-07,1.1399999934953996e-07,1.1400002402354853e-07,1.1399997598572463e-07,1.1399999206291004e-07,1.1399998211172322e-07,1.1399997672202712e-07,1.1399999934953996e-07,1.1400002402354853e-07,1.1395750487694308e-07,1.1390853013754928e-07,1.1380311578426546e-07,1.1357668499926571e-07,1.1309193694347737e-07,1.1206148832537645e-07,1.0990393849154209e-07,1.0552680343703338e-07,9.718763655281669e-08,8.304844777710396e-08,6.32299949559374e-08,4.175999847399862e-08,2.4117152912947442e-08,1.2625396938032788e-08,6.229897982367841e-09,2.9788928056489875e-09,1.4023144440619205e-09,6.552155805053752e-10,0.9996274463357178,0.9991977023532573,0.9982731021197456,0.9962869139544339,0.9920345402522475,0.9829953044766758,0.9640698389735147,0.9256737788086793,0.8525232614297261,0.7284953046929639,0.5546490817255653,0.3663156988929443,0.2115540174847708,0.11074910365840691,0.05464823649061948,0.02613064398173166,0.012301003965466949,0.005747503880964358,3.826585329010094,1.7761434522537534,0.8244129515356678,0.3826586057808947,0.17761437204702057,0.08244130081762349,0.038265853290100946,0.017761434522537537,0.008244129515356677,0.0038265860578089467,0.0017761437204702054,0.0008244130081762348,0.0003826585329010094,0.00017761434522537537,8.244129515356677e-05,3.826586057808946e-05,1.7761437204702056e-05,8.244130081762347e-06,1.0040475344189066,1.0018642745762918,0.9974976040849821,0.995306744038265,0.9924449847625123,0.9831238626393315,0.9622603226390947,0.9183518383449716,0.8370912744815655,0.7109135872939252,0.5492964174310089,0.37858193647732286,0.22972142576326782,0.122759733835478,0.07178140797156551,0.03678419977770453,-0.014508711780072403,-0.04015516743312154,35444.9982277299,7678668.620017477,3.229999589767805e-07,1.9529309213076454e-07,111.77945390116787,0.7309234251930098,0.7290872944258889,0.041915298395437874,0.03533229247431082,,,464158.7761303355,0.006394117367148195,1000000.0
3-2,5,0.0,1,0.00025347238182016904,0.927029585799,34.74203387723398,12510.0,12510.0,12510.0,12510.0,12510.0,12510.0,12510.0,12510.0,12510.0,12510.0,12510.0,12510.0,12510.0,12510.0,12510.0,12510.0,12510.0,12510.0,33579055.04461711,15592716.80627418,7244203.692089528,3369165.122079137,1570530.816319744,735679.1530222303,348175.4504461711,168312.0680627418,84826.93692089528,46076.55122079136,28090.20816319744,19741.691530222302,15866.654504461712,14068.020680627418,13233.169369208954,12845.665512207912,12665.802081631973,12582.316915302223,1.1399997598572463e-07,1.1399999206291004e-07,1.1399998211172322e-07,1.1399997672202714e-07,1.1399999934953996e-07,1.1400002402354853e-07,1.1399997598572463e-07,1.1399999206291004e-07,1.139999821117232e-07,1.1399997672202712e-07,1.1399999934953996e-07,1.1400002402354853e-07,1.1399997598572463e-07,1.1399999206291004e-07,1.1399998211172322e-07,1.1399997672202712e-07,1.1399999934953996e-07,1.1400002402354853e-07,1.1395750487694308e-07,1.1390853013754928e-07,1.1380311578426546e-07,1.1357668499926571e-07,1.1309193694347737e-07,1.1206148832537645e-07,1.0990393849154209e-07,1.0552680343703338e-07,9.718763655281669e-08,8.304844777710396e-08,6.32299949559374e-08,4.175999847399862e-08,2.4117152912947442e-08,1.2625396938032788e-08,6.229897982367841e-09,2.9788928056489875e-09,1.4023144440619205e-09,6.552155805053752e-10,0.9996274463357178,0.9991977023532573,0.9982731021197456,0.9962869139544339,0.9920345402522475,0.9829953044766758,0.9640698389735147,0.9256737788086793,0.8525232614297261,0.7284953046929639,0.5546490817255653,0.3663156988929443,0.2115540174847708,0.11074910365840691,0.05464823649061948,0.02613064398173166,0.012301003965466949,0.005747503880964358,3.826585329010094,1.7761434522537534,0.8244129515356678,0.3826586057808947,0.17761437204702057,0.08244130081762349,0.038265853290100946,0.017761434522537537,0.008244129515356677,0.0038265860578089467,0.0017761437204702054,0.0008244130081762348,0.0003826585329010094,0.00017761434522537537,8.244129515356677e-05,3.826586057808946e-05,1.7761437204702056e-05,8.244130081762347e-06,1.0040475344189066,1.0018642745762918,0.9974976040849821,0.995306744038265,0.9924449847625123,0.9831238626393315,0.9622603226390947,0.9183518383449716,0.8370912744815655,0.7109135872939252,0.5492964174310089,0.37858193647732286,0.22972142576326782,0.122759733835478,0.07178140797156551,0.03678419977770453,-0.014508711780072403,-0.04015516743312154,35444.9982277299,7678668.620017477,3.229999589767805e-07,1.9529309213076454e-07,111.77945390116787,0.7309234251930098,0.7290872944258889,0.041915298395437874,0.03533229247431082,,,464158.7761303355,0.006394117367148195,1000000.0
3-2,5,0.0,2,0.00024080065932280176,0.916976331361,34.568986138306244,12510.0,12510.0,12510.0,12510.0,12510.0,12510.0,12510.0,12510.0,12510.0,12510.0,12510.0,12510.0,12510.0,12510.0,12510.0,12510.0,12510.0,12510.0,33579055.04461711,15592716.80627418,7244203.692089528,3369165.122079137,1570530.816319744,735679.1530222303,348175.4504461711,168312.0680627418,84826.93692089528,46076.55122079136,28090.20816319744,19741.691530222302,15866.654504461712,14068.020680627418,13233.169369208954,12845.665512207912,12665.802081631973,12582.316915302223,1.1399997598572463e-07,1.1399999206291004e-07,1.1399998211172322e-07,1.1399997672202714e-07,1.1399999934953996e-07,1.1400002402354853e-07,1.1399997598572463e-07,1.1399999206291004e-07,1.139999821117232e-07,1.1399997672202712e-07,1.1399999934953996e-07,1.1400002402354853e-07,1.1399997598572463e-07,1.1399999206291004e-07,1.1399998211172322e-07,1.1399997672202712e-07,1.1399999934953996e-07,1.1400002402354853e-07,1.1395750487694308e-07,1.1390853013754928e-07,1.1380311578426546e-07,1.1357668499926571e-07,1.1309193694347737e-07,1.1206148832537645e-07,1.0990393849154209e-07,1.0552680343703338e-07,9.718763655281669e-08,8.304844777710396e-08,6.32299949559374e-08,4.175999847399862e-08,2.4117152912947442e-08,1.2625396938032788e-08,6.229897982367841e-09,2.9788928056489875e-09,1.4023144440619205e-09,6.552155805053752e-10,0.9996274463357178,0.9991977023532573,0.9982731021197456,0.9962869139544339,0.9920345402522475,0.9829953044766758,0.9640698389735147,0.9256737788086793,0.8525232614297261,0.7284953046929639,0.5546490817255653,0.3663156988929443,0.2115540174847708,0.11074910365840691,0.05464823649061948,0.02613064398173166,0.012301003965466949,0.005747503880964358,3.826585329010094,1.7761434522537534,0.8244129515356678,0.3826586057808947,0.17761437204702057,0.08244130081762349,0.038265853290100946,0.017761434522537537,0.008244129515356677,0.0038265860578089467,0.0017761437204702054,0.0008244130081762348,0.0003826585329010094,0.00017761434522537537,8.244129515356677e-05,3.826586057808946e-05,1.7761437204702056e-05,8.244130081762347e-06,1.0040475344189066,1.0018642745762918,0.9974976040849821,0.995306744038265,0.9924449847625123,0.9831238626393315,0.9622603226390947,0.9183518383449716,0.8370912744815655,0.7109135872939252,0.5492964174310089,0.37858193647732286,0.22972142576326782,0.122759733835478,0.07178140797156551,0.03678419977770453,-0.014508711780072403,-0.04015516743312154,35444.9982277299,7678668.620017477,3.229999589767805e-07,1.9529309213076454e-07,111.77945390116787,0.7309234251930098,0.7290872944258889,0.041915298395437874,0.03533229247431082,,,464158.7761303355,0.006394117367148195,1000000.0
3-2,5,0.0,3,0.00032104266702068126,0.927029585799,34.74203387723398,12510.0,12510.0,12510.0,12510.0,12510.0,12510.0,12510.0,12510.0,12510.0,12510.0,12510.0,12510.0,12510.0,12510.0,12510.0,12510.0,12510.0,12510.0,33579055.04461711,15592716.80627418,7244203.692089528,3369165.122079137,1570530.816319744,735679.1530222303,348175.4504461711,168312.0680627418,84826.93692089528,46076.55122079136,28090.20816319744,19741.691530222302,15866.654504461712,14068.020680627418,13233.169369208954,12845.665512207912,12665.802081631973,12582.316915302223,1.1399997598572463e-07,1.1399999206291004e-07,1.1399998211172322e-07,1.1399997672202714e-07,1.1399999934953996e-07,1.1400002402354853e-07,1.1399997598572463e-07,1.1399999206291004e-07,1.139999821117232e-07,1.1399997672202712e-07,1.1399999934953996e-07,1.1400002402354853e-07,1.1399997598572463e-07,1.1399999206291004e-07,1.1399998211172322e-07,1.1399997672202712e-07,1.1399999934953996e-07,1.1400002402354853e-07,1.1395750487694308e-07,1.1390853013754928e-07,1.1380311578426546e-07,1.1357668499926571e-07,1.1309193694347737e-07,1.1206148832537645e-07,1.0990393849154209e-07,1.0552680343703338e-07,9.718763655281669e-08,8.304844777710396e-08,6.32299949559374e-08,4.175999847399862e-08,2.4117152912947442e-08,1.2625396938032788e-08,6.229897982367841e-09,2.9788928056489875e-09,1.4023144440619205e-09,6.552155805053752e-10,0.9996274463357178,0.9991977023532573,0.9982731021197456,0.9962869139544339,0.9920345402522475,0.9829953044766758,0.9640698389735147,0.9256737788086793,0.8525232614297261,0.7284953046929639,0.5546490817255653,0.3663156988929443,0.2115540174847708,0.11074910365840691,0.05464823649061948,0.02613064398173166,0.012301003965466949,0.005747503880964358,3.826585329010094,1.7761434522537534,0.8244129515356678,0.3826586057808947,0.17761437204702057,0.08244130081762349,0.038265853290100946,0.017761434522537537,0.008244129515356677,0.0038265860578089467,0.0017761437204702054,0.0008244130081762348,0.0003826585329010094,0.00017761434522537537,8.244129515356677e-05,3.826586057808946e-05,1.7761437204702056e-05,8.244130081762347e-06,1.0040475344189066,1.0018642745762918,0.9974976040849821,0.995306744038265,0.9924449847625123,0.9831238626393315,0.9622603226390947,0.9183518383449716,0.8370912744815655,0.7109135872939252,0.5492964174310089,0.37858193647732286,0.22972142576326782,0.122759733835478,0.07178140797156551,0.03678419977770453,-0.014508711780072403,-0.04015516743312154,35444.9982277299,7678668.620017477,3.229999589767805e-07,1.9529309213076454e-07,111.77945390116787,0.7309234251930098,0.7290872944258889,0.041915298395437874,0.03533229247431082,,,464158.7761303355,0.006394117367148195,1000000.0
3-2,5,0.0,4,0.0003862383259147577,0.49473964497,26.47291987567995,12510.0,12510.0,12510.0,12510.0,12510.0,12510.0,12510.0,12510.0,12510.0,12510.0,12510.0,12510.0,12510.0,12510.0,12510.0,12510.0,12510.0,12510.0,33579055.04461711,15592716.80627418,7244203.692089528,3369165.122079137,1570530.816319744,735679.1530222303,348175.4504461711,168312.0680627418,84826.93692089528,46076.55122079136,28090.20816319744,19741.691530222302,15866.654504461712,14068.020680627418,13233.169369208954,12845.665512207912,12665.802081631973,12582.316915302223,1.1399997598572463e-07,1.1399999206291004e-07,1.1399998211172322e-07,1.1399997672202714e-07,1.1399999934953996e-07,1.1400002402354853e-07,1.1399997598572463e-07,1.1399999206291004e-07,1.139999821117232e-07,1.1399997672202712e-07,1.1399999934953996e-07,1.1400002402354853e-07,1.1399997598572463e-07,1.1399999206291004e-07,1.1399998211172322e-07,1.1399997672202712e-07,1.1399999934953996e-07,1.1400002402354853e-07,1.1395750487694308e-07,1.1390853013754928e-07,1.1380311578426546e-07,1.1357668499926571e-07,1.1309193694347737e-07,1.1206148832537645e-07,1.0990393849154209e-07,1.0552680343703338e-07,9.718763655281669e-08,8.304844777710396e-08,6.32299949559374e-08,4.175999847399862e-08,2.4117152912947442e-08,1.2625396938032788e-08,6.229897982367841e-09,2.9788928056489875e-09,1.4023144440619205e-09,6.552155805053752e-10,0.9996274463357178,0.9991977023532573,0.9982731021197456,0.9962869139544339,0.9920345402522475,0.9829953044766758,0.9640698389735147,0.9256737788086793,0.8525232614297261,0.7284953046929639,0.5546490817255653,0.3663156988929443,0.2115540174847708,0.11074910365840691,0.05464823649061948,0.02613064398173166,0.012301003965466949,0.005747503880964358,3.826585329010094,1.7761434522537534,0.8244129515356678,0.3826586057808947,0.17761437204702057,0.08244130081762349,0.038265853290100946,0.017761434522537537,0.008244129515356677,0.0038265860578089467,0.0017761437204702054,0.0008244130081762348,0.0003826585329010094,0.00017761434522537537,8.244129515356677e-05,3.826586057808946e-05,1.7761437204702056e-05,8.244130081762347e-06,1.0040475344189066,1.0018642745762918,0.9974976040849821,0.995306744038265,0.9924449847625123,0.9831238626393315,0.9622603226390947,0.9183518383449716,0.8370912744815655,0.7109135872939252,0.5492964174310089,0.37858193647732286,0.22972142576326782,0.122759733835478,0.07178140797156551,0.03678419977770453,-0.014508711780072403,-0.04015516743312154,35444.9982277299,7678668.620017477,3.229999589767805e-07,1.9529309213076454e-07,111.77945390116787,0.7309234251930098,0.7290872944258889,0.041915298395437874,0.03533229247431082,,,464158.7761303355,0.006394117367148195,1000000.0
3-2,5,0.0,5,0.0005043085701422398,0.625431952663,29.06217015540024,12510.0,12510.0,12510.0,12510.0,12510.0,12510.0,12510.0,12510.0,12510.0,12510.0,12510.0,12510.0,12510.0,12510.0,12510.0,12510.0,12510.0,12510.0,33579055.04461711,15592716.80627418,7244203.692089528,3369165.122079137,1570530.816319744,735679.1530222303,348175.4504461711,168312.0680627418,84826.93692089528,46076.55122079136,28090.20816319744,19741.691530222302,15866.654504461712,14068.020680627418,13233.169369208954,12845.665512207912,12665.802081631973,12582.316915302223,1.1399997598572463e-07,1.1399999206291004e-07,1.1399998211172322e-07,1.1399997672202714e-07,1.1399999934953996e-07,1.1400002402354853e-07,1.1399997598572463e-07,1.1399999206291004e-07,1.139999821117232e-07,1.1399997672202712e-07,1.1399999934953996e-07,1.1400002402354853e-07,1.1399997598572463e-07,1.1399999206291004e-07,1.1399998211172322e-07,1.1399997672202712e-07,1.1399999934953996e-07,1.1400002402354853e-07,1.1395750487694308e-07,1.1390853013754928e-07,1.1380311578426546e-07,1.1357668499926571e-07,1.1309193694347737e-07,1.1206148832537645e-07,1.0990393849154209e-07,1.0552680343703338e-07,9.718763655281669e-08,8.304844777710396e-08,6.32299949559374e-08,4.175999847399862e-08,2.4117152912947442e-08,1.2625396938032788e-08,6.229897982367841e-09,2.9788928056489875e-09,1.4023144440619205e-09,6.552155805053752e-10,0.9996274463357178,0.9991977023532573,0.9982731021197456,0.9962869139544339,0.9920345402522475,0.9829953044766758,0.9640698389735147,0.9256737788086793,0.8525232614297261,0.7284953046929639,0.5546490817255653,0.3663156988929443,0.2115540174847708,0.11074910365840691,0.05464823649061948,0.02613064398173166,0.012301003965466949,0.005747503880964358,3.826585329010094,1.7761434522537534,0.8244129515356678,0.3826586057808947,0.17761437204702057,0.08244130081762349,0.038265853290100946,0.017761434522537537,0.008244129515356677,0.0038265860578089467,0.0017761437204702054,0.0008244130081762348,0.0003826585329010094,0.00017761434522537537,8.244129515356677e-05,3.826586057808946e-05,1.7761437204702056e-05,8.244130081762347e-06,1.0040475344189066,1.0018642745762918,0.9974976040849821,0.995306744038265,0.9924449847625123,0.9831238626393315,0.9622603226390947,0.9183518383449716,0.8370912744815655,0.7109135872939252,0.5492964174310089,0.37858193647732286,0.22972142576326782,0.122759733835478,0.07178140797156551,0.03678419977770453,-0.014508711780072403,-0.04015516743312154,35444.9982277299,7678668.620017477,3.229999589767805e-07,1.9529309213076454e-07,111.77945390116787,0.7309234251930098,0.7290872944258889,0.041915298395437874,0.03533229247431082,,,464158.7761303355,0.006394117367148195,1000000.0
3-2,5,0.0,6,0.0002843550864584451,0.906923076923,34.397360753690855,12510.0,12510.0,12510.0,12510.0,12510.0,12510.0,12510.0,12510.0,12510.0,12510.0,12510.0,12510.0,12510.0,12510.0,12510.0,12510.0,12510.0,12510.0,33579055.04461711,15592716.80627418,7244203.692089528,3369165.122079137,1570530.816319744,735679.1530222303,348175.4504461711,168312.0680627418,84826.93692089528,46076.55122079136,28090.20816319744,19741.691530222302,15866.654504461712,14068.020680627418,13233.169369208954,12845.665512207912,12665.802081631973,12582.316915302223,1.1399997598572463e-07,1.1399999206291004e-07,1.1399998211172322e-07,1.1399997672202714e-07,1.1399999934953996e-07,1.1400002402354853e-07,1.1399997598572463e-07,1.1399999206291004e-07,1.139999821117232e-07,1.1399997672202712e-07,1.1399999934953996e-07,1.1400002402354853e-07,1.1399997598572463e-07,1.1399999206291004e-07,1.1399998211172322e-07,1.1399997672202712e-07,1.1399999934953996e-07,1.1400002402354853e-07,1.1395750487694308e-07,1.1390853013754928e-07,1.1380311578426546e-07,1.1357668499926571e-07,1.1309193694347737e-07,1.1206148832537645e-07,1.0990393849154209e-07,1.0552680343703338e-07,9.718763655281669e-08,8.304844777710396e-08,6.32299949559374e-08,4.175999847399862e-08,2.4117152912947442e-08,1.2625396938032788e-08,6.229897982367841e-09,2.9788928056489875e-09,1.4023144440619205e-09,6.552155805053752e-10,0.9996274463357178,0.9991977023532573,0.9982731021197456,0.9962869139544339,0.9920345402522475,0.9829953044766758,0.9640698389735147,0.9256737788086793,0.8525232614297261,0.7284953046929639,0.5546490817255653,0.3663156988929443,0.2115540174847708,0.11074910365840691,0.05464823649061948,0.02613064398173166,0.012301003965466949,0.005747503880964358,3.826585329010094,1.7761434522537534,0.8244129515356678,0.3826586057808947,0.17761437204702057,0.08244130081762349,0.038265853290100946,0.017761434522537537,0.008244129515356677,0.0038265860578089467,0.0017761437204702054,0.0008244130081762348,0.0003826585329010094,0.00017761434522537537,8.244129515356677e-05,3.826586057808946e-05,1.7761437204702056e-05,8.244130081762347e-06,1.0040475344189066,1.0018642745762918,0.9974976040849821,0.995306744038265,0.9924449847625123,0.9831238626393315,0.9622603226390947,0.9183518383449716,0.8370912744815655,0.7109135872939252,0.5492964174310089,0.37858193647732286,0.22972142576326782,0.122759733835478,0.07178140797156551,0.03678419977770453,-0.014508711780072403,-0.04015516743312154,35444.9982277299,7678668.620017477,3.229999589767805e-07,1.9529309213076454e-07,111.77945390116787,0.7309234251930098,0.7290872944258889,0.041915298395437874,0.03533229247431082,,,464158.7761303355,0.006394117367148195,1000000.0
3-2,5,0.0,7,0.0003290418871257487,0.474633136095,26.086381033411108,12510.0,12510.0,12510.0,12510.0,12510.0,12510.0,12510.0,12510.0,12510.0,12510.0,12510.0,12510.0,12510.0,12510.0,12510.0,12510.0,12510.0,12510.0,33579055.04461711,15592716.80627418,7244203.692089528,3369165.122079137,1570530.816319744,735679.1530222303,348175.4504461711,168312.0680627418,84826.93692089528,46076.55122079136,28090.20816319744,19741.691530222302,15866.654504461712,14068.020680627418,13233.169369208954,12845.665512207912,12665.802081631973,12582.316915302223,1.1399997598572463e-07,1.1399999206291004e-07,1.1399998211172322e-07,1.1399997672202714e-07,1.1399999934953996e-07,1.1400002402354853e-07,1.1399997598572463e-07,1.1399999206291004e-07,1.139999821117232e-07,1.1399997672202712e-07,1.1399999934953996e-07,1.1400002402354853e-07,1.1399997598572463e-07,1.1399999206291004e-07,1.1399998211172322e-07,1.1399997672202712e-07,1.1399999934953996e-07,1.1400002402354853e-07,1.1395750487694308e-07,1.1390853013754928e-07,1.1380311578426546e-07,1.1357668499926571e-07,1.1309193694347737e-07,1.1206148832537645e-07,1.0990393849154209e-07,1.0552680343703338e-07,9.718763655281669e-08,8.304844777710396e-08,6.32299949559374e-08,4.175999847399862e-08,2.4117152912947442e-08,1.2625396938032788e-08,6.229897982367841e-09,2.9788928056489875e-09,1.4023144440619205e-09,6.552155805053752e-10,0.9996274463357178,0.9991977023532573,0.9982731021197456,0.9962869139544339,0.9920345402522475,0.9829953044766758,0.9640698389735147,0.9256737788086793,0.8525232614297261,0.7284953046929639,0.5546490817255653,0.3663156988929443,0.2115540174847708,0.11074910365840691,0.05464823649061948,0.02613064398173166,0.012301003965466949,0.005747503880964358,3.826585329010094,1.7761434522537534,0.8244129515356678,0.3826586057808947,0.17761437204702057,0.08244130081762349,0.038265853290100946,0.017761434522537537,0.008244129515356677,0.0038265860578089467,0.0017761437204702054,0.0008244130081762348,0.0003826585329010094,0.00017761434522537537,8.244129515356677e-05,3.826586057808946e-05,1.7761437204702056e-05,8.244130081762347e-06,1.0040475344189066,1.0018642745762918,0.9974976040849821,0.995306744038265,0.9924449847625123,0.9831238626393315,0.9622603226390947,0.9183518383449716,0.8370912744815655,0.7109135872939252,0.5492964174310089,0.37858193647732286,0.22972142576326782,0.122759733835478,0.07178140797156551,0.03678419977770453,-0.014508711780072403,-0.04015516743312154,35444.9982277299,7678668.620017477,3.229999589767805e-07,1.9529309213076454e-07,111.77945390116787,0.7309234251930098,0.7290872944258889,0.041915298395437874,0.03533229247431082,,,464158.7761303355,0.006394117367148195,1000000.0
3-2,6,0.0,0,0.000391823773035448,0.555059171598,29.033972027972105,12510.0,12510.0,12510.0,12510.0,12510.0,12510.0,12510.0,12510.0,12510.0,12510.0,12510.0,12510.0,12510.0,12510.0,12510.0,12510.0,12510.0,12510.0,29514351.374427654,13706049.07052358,6368487.966506795,2962693.0543533172,1381864.2330935253,648107.9151281294,307528.4137442766,149445.39070523583,76069.77966506794,42011.83054353317,26203.54233093525,18865.97915128129,15460.184137442766,13879.353907052358,13145.59779665068,12805.018305435331,12646.935423309353,12573.559791512813,1.215999843928415e-07,1.216000007149202e-07,1.2160000787133774e-07,1.2160001868657147e-07,1.2159999930617597e-07,1.2160002306821072e-07,1.215999843928415e-07,1.2160000071492022e-07,1.216000078713377e-07,1.2160001868657147e-07,1.2159999930617597e-07,1.2160002306821072e-07,1.215999843928415e-07,1.216000007149202e-07,1.2160000787133774e-07,1.2160001868657144e-07,1.2159999930617597e-07,1.2160002306821072e-07,1.2154844282970645e-07,1.2148901205574377e-07,1.2136114173757557e-07,1.2108656143471954e-07,1.204991559998008e-07,1.1925285795407602e-07,1.1665339820188416e-07,1.1142092458707843e-07,1.0160236747894687e-07,8.539078395225761e-08,6.354616932745772e-08,4.0967246132273014e-08,2.3204273757659627e-08,1.1997203702107268e-08,5.879435707018182e-09,2.8015759601522392e-09,1.3166310115507004e-09,6.146924373307334e-10,0.9995761384066586,0.9990872643213495,0.9980356404745062,0.9957774903540484,0.9909470122314447,0.980697658973156,0.959320832024313,0.9162904928618738,0.8355457311026665,0.7022267337997331,0.522583632319398,0.3369016312545657,0.19082464420962247,0.09866121407543067,0.04835061946080695,0.023039272447592334,0.010827557722558554,0.005055035532237735,3.587423450690488,1.6651343607654552,0.7728869707572754,0.35874231453816985,0.16651347379408177,0.0772887211416872,0.035874234506904884,0.016651343607654554,0.007728869707572753,0.003587423145381698,0.0016651347379408176,0.0007728872114168717,0.0003587423450690488,0.00016651343607654553,7.728869707572754e-05,3.5874231453816984e-05,1.6651347379408178e-05,7.728872114168718e-06,1.004583596679508,1.002107188825903,0.9971542224267029,0.9946547503279763,0.991358372553254,0.980667308604664,0.9568765841889757,0.9076572401047258,0.8190035150122394,0.6856635648432619,0.5203486229117082,0.35126368657967255,0.20852830685099555,0.10924485942093476,0.06360806038849987,0.03256059194903216,-0.013962153331329219,-0.037223525900208984,35444.9982277299,6753120.42328144,3.445333325047437e-07,2.0492504430251585e-07,104.7781863057511,0.7150375965307526,0.7134852446277219,0.03718673984772525,0.030845566505385714,,,464158.7281686229,0.005994485034714912,1000000.0
3-2,6,0.0,1,0.00038730472657037964,0.54500591716,28.82603598290606,12510.0,12510.0,12510.0,12510.0,12510.0,12510.0,12510.0,12510.0,12510.0,12510.0,12510.0,12510.0,12510.0,12510.0,12510.0,12510.0,12510.0,12510.0,29514351.374427654,13706049.07052358,6368487.966506795,2962693.0543533172,1381864.2330935253,648107.9151281294,307528.4137442766,149445.39070523583,76069.77966506794,42011.83054353317,26203.54233093525,18865.97915128129,15460.184137442766,13879.353907052358,13145.59779665068,12805.018305435331,12646.935423309353,12573.559791512813,1.215999843928415e-07,1.216000007149202e-07,1.2160000787133774e-07,1.2160001868657147e-07,1.2159999930617597e-07,1.2160002306821072e-07,1.215999843928415e-07,1.2160000071492022e-07,1.216000078713377e-07,1.2160001868657147e-07,1.2159999930617597e-07,1.2160002306821072e-07,1.215999843928415e-07,1.216000007149202e-07,1.2160000787133774e-07,1.2160001868657144e-07,1.2159999930617597e-07,1.2160002306821072e-07,1.2154844282970645e-07,1.2148901205574377e-07,1.2136114173757557e-07,1.2108656143471954e-07,1.204991559998008e-07,1.1925285795407602e-07,1.1665339820188416e-07,1.1142092458707843e-07,1.0160236747894687e-07,8.539078395225761e-08,6.354616932745772e-08,4.0967246132273014e-08,2.3204273757659627e-08,1.1997203702107268e-08,5.879435707018182e-09,2.8015759601522392e-09,1.3166310115507004e-09,6.146924373307334e-10,0.9995761384066586,0.9990872643213495,0.9980356404745062,0.9957774903540484,0.9909470122314447,0.980697658973156,0.959320832024313,0.9162904928618738,0.8355457311026665,0.7022267337997331,0.522583632319398,0.3369016312545657,0.19082464420962247,0.09866121407543067,0.04835061946080695,0.023039272447592334,0.010827557722558554,0.005055035532237735,3.587423450690488,1.6651343607654552,0.7728869707572754,0.35874231453816985,0.16651347379408177,0.0772887211416872,0.035874234506904884,0.016651343607654554,0.007728869707572753,0.003587423145381698,0.0016651347379408176,0.0007728872114168717,0.0003587423450690488,0.00016651343607654553,7.728869707572754e-05,3.5874231453816984e-05,1.6651347379408178e-05,7.728872114168718e-06,1.004583596679508,1.002107188825903,0.9971542224267029,0.9946547503279763,0.991358372553254,0.980667308604664,0.9568765841889757,0.9076572401047258,0.8190035150122394,0.6856635648432619,0.5203486229117082,0.35126368657967255,0.20852830685099555,0.10924485942093476,0.06360806038849987,0.03256059194903216,-0.013962153331329219,-0.037223525900208984,35444.9982277299,6753120.42328144,3.445333325047437e-07,2.0492504430251585e-07,104.7781863057511,0.7150375965307526,0.7134852446277219,0.03718673984772525,0.030845566505385714,,,464158.7281686229,0.005994485034714912,1000000.0
3-2,6,0.0,2,0.000301029122796452,0.49473964497,27.79240994561002,12510.0,12510.0,12510.0,12510.0,12510.0,12510.0,12510.0,12510.0,12510.0,12510.0,12510.0,12510.0,12510.0,12510.0,12510.0,12510.0,12510.0,12510.0,29514351.374427654,13706049.07052358,6368487.966506795,2962693.0543533172,1381864.2330935253,648107.9151281294,307528.4137442766,149445.39070523583,76069.77966506794,42011.83054353317,26203.54233093525,18865.97915128129,15460.184137442766,13879.353907052358,13145.59779665068,12805.018305435331,12646.935423309353,12573.559791512813,1.215999843928415e-07,1.216000007149202e-07,1.2160000787133774e-07,1.2160001868657147e-07,1.2159999930617597e-07,1.2160002306821072e-07,1.215999843928415e-07,1.2160000071492022e-07,1.216000078713377e-07,1.2160001868657147e-07,1.2159999930617597e-07,1.2160002306821072e-07,1.215999843928415e-07,1.216000007149202e-07,1.2160000787133774e-07,1.2160001868657144e-07,1.2159999930617597e-07,1.2160002306821072e-07,1.2154844282970645e-07,1.2148901205574377e-07,1.2136114173757557e-07,1.2108656143471954e-07,1.204991559998008e-07,1.1925285795407602e-07,1.1665339820188416e-07,1.1142092458707843e-07,1.0160236747894687e-07,8.539078395225761e-08,6.354616932745772e-08,4.0967246132273014e-08,2.3204273757659627e-08,1.1997203702107268e-08,5.879435707018182e-09,2.8015759601522392e-09,1.3166310115507004e-09,6.146924373307334e-10,0.9995761384066586,0.9990872643213495,0.9980356404745062,0.9957774903540484,0.9909470122314447,0.980697658973156,0.959320832024313,0.9162904928618738,0.8355457311026665,0.7022267337997331,0.522583632319398,0.3369016312545657,0.19082464420962247,0.09866121407543067,0.04835061946080695,0.023039272447592334,0.010827557722558554,0.005055035532237735,3.587423450690488,1.6651343607654552,0.7728869707572754,0.35874231453816985,0.16651347379408177,0.0772887211416872,0.035874234506904884,0.016651343607654554,0.007728869707572753,0.003587423145381698,0.0016651347379408176,0.0007728872114168717,0.0003587423450690488,0.00016651343607654553,7.728869707572754e-05,3.5874231453816984e-05,1.6651347379408178e-05,7.728872114168718e-06,1.004583596679508,1.002107188825903,0.9971542224267029,0.9946547503279763,0.991358372553254,0.980667308604664,0.9568765841889757,0.9076572401047258,0.8190035150122394,0.6856635648432619,0.5203486229117082,0.35126368657967255,0.20852830685099555,0.10924485942093476,0.06360806038849987,0.03256059194903216,-0.013962153331329219,-0.037223525900208984,35444.9982277299,6753120.42328144,3.445333325047437e-07,2.0492504430251585e-07,104.7781863057511,0.7150375965307526,0.7134852446277219,0.03718673984772525,0.030845566505385714,,,464158.7281686229,0.005994485034714912,1000000.0
3-2,6,0.0,3,0.0003205113925611542,0.68575147929,31.76571728049737,12510.0,12510.0,12510.0,12510.0,12510.0,12510.0,12510.0,12510.0,12510.0,12510.0,12510.0,12510.0,12510.0,12510.0,12510.0,12510.0,12510.0,12510.0,29514351.374427654,13706049.07052358,6368487.966506795,2962693.0543533172,1381864.2330935253,648107.9151281294,307528.4137442766,149445.39070523583,76069.77966506794,42011.83054353317,26203.54233093525,18865.97915128129,15460.184137442766,13879.353907052358,13145.59779665068,12805.018305435331,12646.935423309353,12573.559791512813,1.215999843928415e-07,1.216000007149202e-07,1.2160000787133774e-07,1.2160001868657147e-07,1.2159999930617597e-07,1.2160002306821072e-07,1.215999843928415e-07,1.2160000071492022e-07,1.216000078713377e-07,1.2160001868657147e-07,1.2159999930617597e-07,1.2160002306821072e-07,1.215999843928415e-07,1.216000007149202e-07,1.2160000787133774e-07,1.2160001868657144e-07,1.2159999930617597e-07,1.2160002306821072e-07,1.2154844282970645e-07,1.2148901205574377e-07,1.2136114173757557e-07,1.2108656143471954e-07,1.204991559998008e-07,1.1925285795407602e-07,1.1665339820188416e-07,1.1142092458707843e-07,1.0160236747894687e-07,8.539078395225761e-08,6.354616932745772e-08,4.0967246132273014e-08,2.3204273757659627e-08,1.1997203702107268e-08,5.879435707018182e-09,2.8015759601522392e-09,1.3166310115507004e-09,6.146924373307334e-10,0.9995761384066586,0.9990872643213495,0.9980356404745062,0.9957774903540484,0.9909470122314447,0.980697658973156,0.959320832024313,0.9162904928618738,0.8355457311026665,0.7022267337997331,0.522583632319398,0.3369016312545657,0.19082464420962247,0.09866121407543067,0.04835061946080695,0.023039272447592334,0.010827557722558554,0.005055035532237735,3.587423450690488,1.6651343607654552,0.7728869707572754,0.35874231453816985,0.16651347379408177,0.0772887211416872,0.035874234506904884,0.016651343607654554,0.007728869707572753,0.003587423145381698,0.0016651347379408176,0.0007728872114168717,0.0003587423450690488,0.00016651343607654553,7.728869707572754e-05,3.5874231453816984e-05,1.6651347379408178e-05,7.728872114168718e-06,1.004583596679508,1.002107188825903,0.9971542224267029,0.9946547503279763,0.991358372553254,0.980667308604664,0.9568765841889757,0.9076572401047258,0.8190035150122394,0.6856635648432619,0.5203486229117082,0.35126368657967255,0.20852830685099555,0.10924485942093476,0.06360806038849987,0.03256059194903216,-0.013962153331329219,-0.037223525900208984,35444.9982277299,6753120.42328144,3.445333325047437e-07,2.0492504430251585e-07,104.7781863057511,0.7150375965307526,0.7134852446277219,0.03718673984772525,0.030845566505385714,,,464158.7281686229,0.005994485034714912,1000000.0
3-2,6,0.0,4,0.0004901999618114893,0.40426035503,25.97850468531476,12510.0,12510.0,12510.0,12510.0,12510.0,12510.0,12510.0,12510.0,12510.0,12510.0,12510.0,12510.0,12510.0,12510.0,12510.0,12510.0,12510.0,12510.0,29514351.374427654,13706049.07052358,6368487.966506795,2962693.0543533172,1381864.2330935253,648107.9151281294,307528.4137442766,149445.39070523583,76069.77966506794,42011.83054353317,26203.54233093525,18865.97915128129,15460.184137442766,13879.353907052358,13145.59779665068,12805.018305435331,12646.935423309353,12573.559791512813,1.215999843928415e-07,1.216000007149202e-07,1.2160000787133774e-07,1.2160001868657147e-07,1.2159999930617597e-07,1.2160002306821072e-07,1.215999843928415e-07,1.2160000071492022e-07,1.216000078713377e-07,1.2160001868657147e-07,1.2159999930617597e-07,1.2160002306821072e-07,1.215999843928415e-07,1.216000007149202e-07,1.2160000787133774e-07,1.2160001868657144e-07,1.2159999930617597e-07,1.2160002306821072e-07,1.2154844282970645e-07,1.2148901205574377e-07,1.2136114173757557e-07,1.2108656143471954e-07,1.204991559998008e-07,1.1925285795407602e-07,1.1665339820188416e-07,1.1142092458707843e-07,1.0160236747894687e-07,8.539078395225761e-08,6.354616932745772e-08,4.0967246132273014e-08,2.3204273757659627e-08,1.1997203702107268e-08,5.879435707018182e-09,2.8015759601522392e-09,1.3166310115507004e-09,6.146924373307334e-10,0.9995761384066586,0.9990872643213495,0.9980356404745062,0.9957774903540484,0.9909470122314447,0.980697658973156,0.959320832024313,0.9162904928618738,0.8355457311026665,0.7022267337997331,0.522583632319398,0.3369016312545657,0.19082464420962247,0.09866121407543067,0.04835061946080695,0.023039272447592334,0.010827557722558554,0.005055035532237735,3.587423450690488,1.6651343607654552,0.7728869707572754,0.35874231453816985,0.16651347379408177,0.0772887211416872,0.035874234506904884,0.016651343607654554,0.007728869707572753,0.003587423145381698,0.0016651347379408176,0.0007728872114168717,0.0003587423450690488,0.00016651343607654553,7.728869707572754e-05,3.5874231453816984e-05,1.6651347379408178e-05,7.728872114168718e-06,1.004583596679508,1.002107188825903,0.9971542224267029,0.9946547503279763,0.991358372553254,0.980667308604664,0.9568765841889757,0.9076572401047258,0.8190035150122394,0.6856635648432619,0.5203486229117082,0.35126368657967255,0.20852830685099555,0.10924485942093476,0.06360806038849987,0.03256059194903216,-0.013962153331329219,-0.037223525900208984,35444.9982277299,6753120.42328144,3.445333325047437e-07,2.0492504430251585e-07,104.7781863057511,0.7150375965307526,0.7134852446277219,0.03718673984772525,0.030845566505385714,,,464158.7281686229,0.005994485034714912,1000000.0
3-2,6,0.0,5,0.00037174610812434997,0.625431952663,30.508013892773974,12510.0,12510.0,12510.0,12510.0,12510.0,12510.0,12510.0,12510.0,12510.0,12510.0,12510.0,12510.0,12510.0,12510.0,12510.0,12510.0,12510.0,12510.0,29514351.374427654,13706049.07052358,6368487.966506795,2962693.0543533172,1381864.2330935253,648107.9151281294,307528.4137442766,149445.39070523583,76069.77966506794,42011.83054353317,26203.54233093525,18865.97915128129,15460.184137442766,13879.353907052358,13145.59779665068,12805.018305435331,12646.935423309353,12573.559791512813,1.215999843928415e-07,1.216000007149202e-07,1.2160000787133774e-07,1.2160001868657147e-07,1.2159999930617597e-07,1.2160002306821072e-07,1.215999843928415e-07,1.2160000071492022e-07,1.216000078713377e-07,1.2160001868657147e-07,1.2159999930617597e-07,1.2160002306821072e-07,1.215999843928415e-07,1.216000007149202e-07,1.2160000787133774e-07,1.2160001868657144e-07,1.2159999930617597e-07,1.2160002306821072e-07,1.2154844282970645e-07,1.2148901205574377e-07,1.2136114173757557e-07,1.2108656143471954e-07,1.204991559998008e-07,1.1925285795407602e-07,1.1665339820188416e-07,1.1142092458707843e-07,1.0160236747894687e-07,8.539078395225761e-08,6.354616932745772e-08,4.0967246132273014e-08,2.3204273757659627e-08,1.1997203702107268e-08,5.879435707018182e-09,2.8015759601522392e-09,1.3166310115507004e-09,6.146924373307334e-10,0.9995761384066586,0.9990872643213495,0.9980356404745062,0.9957774903540484,0.9909470122314447,0.980697658973156,0.959320832024313,0.9162904928618738,0.8355457311026665,0.7022267337997331,0.522583632319398,0.3369016312545657,0.19082464420962247,0.09866121407543067,0.04835061946080695,0.023039272447592334,0.010827557722558554,0.005055035532237735,3.587423450690488,1.6651343607654552,0.7728869707572754,0.35874231453816985,0.16651347379408177,0.0772887211416872,0.035874234506904884,0.016651343607654554,0.007728869707572753,0.003587423145381698,0.0016651347379408176,0.0007728872114168717,0.0003587423450690488,0.00016651343607654553,7.728869707572754e-05,3.5874231453816984e-05,1.6651347379408178e-05,7.728872114168718e-06,1.004583596679508,1.002107188825903,0.9971542224267029,0.9946547503279763,0.991358372553254,0.980667308604664,0.9568765841889757,0.9076572401047258,0.8190035150122394,0.6856635648432619,0.5203486229117082,0.35126368657967255,0.20852830685099555,0.10924485942093476,0.06360806038849987,0.03256059194903216,-0.013962153331329219,-0.037223525900208984,35444.9982277299,6753120.42328144,3.445333325047437e-07,2.0492504430251585e-07,104.7781863057511,0.7150375965307526,0.7134852446277219,0.03718673984772525,0.030845566505385714,,,464158.7281686229,0.005994485034714912,1000000.0
3-2,6,0.0,6,0.0003574239012031961,0.484686390533,27.587596037296112,12510.0,12510.0,12510.0,12510.0,12510.0,12510.0,12510.0,12510.0,12510.0,12510.0,12510.0,12510.0,12510.0,12510.0,12510.0,12510.0,12510.0,12510.0,29514351.374427654,13706049.07052358,6368487.966506795,2962693.0543533172,1381864.2330935253,648107.9151281294,307528.4137442766,149445.39070523583,76069.77966506794,42011.83054353317,26203.54233093525,18865.97915128129,15460.184137442766,13879.353907052358,13145.59779665068,12805.018305435331,12646.935423309353,12573.559791512813,1.215999843928415e-07,1.216000007149202e-07,1.2160000787133774e-07,1.2160001868657147e-07,1.2159999930617597e-07,1.2160002306821072e-07,1.215999843928415e-07,1.2160000071492022e-07,1.216000078713377e-07,1.2160001868657147e-07,1.2159999930617597e-07,1.2160002306821072e-07,1.215999843928415e-07,1.216000007149202e-07,1.2160000787133774e-07,1.2160001868657144e-07,1.2159999930617597e-07,1.2160002306821072e-07,1.2154844282970645e-07,1.2148901205574377e-07,1.2136114173757557e-07,1.2108656143471954e-07,1.204991559998008e-07,1.1925285795407602e-07,1.1665339820188416e-07,1.1142092458707843e-07,1.0160236747894687e-07,8.539078395225761e-08,6.354616932745772e-08,4.0967246132273014e-08,2.3204273757659627e-08,1.1997203702107268e-08,5.879435707018182e-09,2.8015759601522392e-09,1.3166310115507004e-09,6.146924373307334e-10,0.9995761384066586,0.9990872643213495,0.9980356404745062,0.9957774903540484,0.9909470122314447,0.980697658973156,0.959320832024313,0.9162904928618738,0.8355457311026665,0.7022267337997331,0.522583632319398,0.3369016312545657,0.19082464420962247,0.09866121407543067,0.04835061946080695,0.023039272447592334,0.010827557722558554,0.005055035532237735,3.587423450690488,1.6651343607654552,0.7728869707572754,0.35874231453816985,0.16651347379408177,0.0772887211416872,0.035874234506904884,0.016651343607654554,0.007728869707572753,0.003587423145381698,0.0016651347379408176,0.0007728872114168717,0.0003587423450690488,0.00016651343607654553,7.728869707572754e-05,3.5874231453816984e-05,1.6651347379408178e-05,7.728872114168718e-06,1.004583596679508,1.002107188825903,0.9971542224267029,0.9946547503279763,0.991358372553254,0.980667308604664,0.9568765841889757,0.9076572401047258,0.8190035150122394,0.6856635648432619,0.5203486229117082,0.35126368657967255,0.20852830685099555,0.10924485942093476,0.06360806038849987,0.03256059194903216,-0.013962153331329219,-0.037223525900208984,35444.9982277299,6753120.42328144,3.445333325047437e-07,2.0492504430251585e-07,104.7781863057511,0.7150375965307526,0.7134852446277219,0.03718673984772525,0.030845566505385714,,,464158.7281686229,0.005994485034714912,1000000.0
3-2,6,0.0,7,0.00030200034423901226,0.776230769231,33.61473910644921,12510.0,12510.0,12510.0,12510.0,12510.0,12510.0,12510.0,12510.0,12510.0,12510.0,12510.0,12510.0,12510.0,12510.0,12510.0,12510.0,12510.0,12510.0,29514351.374427654,13706049.07052358,6368487.966506795,2962693.0543533172,1381864.2330935253,648107.9151281294,307528.4137442766,149445.39070523583,76069.77966506794,42011.83054353317,26203.54233093525,18865.97915128129,15460.184137442766,13879.353907052358,13145.59779665068,12805.018305435331,12646.935423309353,12573.559791512813,1.215999843928415e-07,1.216000007149202e-07,1.2160000787133774e-07,1.2160001868657147e-07,1.2159999930617597e-07,1.2160002306821072e-07,1.215999843928415e-07,1.2160000071492022e-07,1.216000078713377e-07,1.2160001868657147e-07,1.2159999930617597e-07,1.2160002306821072e-07,1.215999843928415e-07,1.216000007149202e-07,1.2160000787133774e-07,1.2160001868657144e-07,1.2159999930617597e-07,1.2160002306821072e-07,1.2154844282970645e-07,1.2148901205574377e-07,1.2136114173757557e-07,1.2108656143471954e-07,1.204991559998008e-07,1.1925285795407602e-07,1.1665339820188416e-07,1.1142092458707843e-07,1.0160236747894687e-07,8.539078395225761e-08,6.354616932745772e-08,4.0967246132273014e-08,2.3204273757659627e-08,1.1997203702107268e-08,5.879435707018182e-09,2.8015759601522392e-09,1.3166310115507004e-09,6.146924373307334e-10,0.9995761384066586,0.9990872643213495,0.9980356404745062,0.9957774903540484,0.9909470122314447,0.980697658973156,0.959320832024313,0.9162904928618738,0.8355457311026665,0.7022267337997331,0.522583632319398,0.3369016312545657,0.19082464420962247,0.09866121407543067,0.04835061946080695,0.023039272447592334,0.010827557722558554,0.005055035532237735,3.587423450690488,1.6651343607654552,0.7728869707572754,0.35874231453816985,0.16651347379408177,0.0772887211416872,0.035874234506904884,0.016651343607654554,0.007728869707572753,0.003587423145381698,0.0016651347379408176,0.0007728872114168717,0.0003587423450690488,0.00016651343607654553,7.728869707572754e-05,3.5874231453816984e-05,1.6651347379408178e-05,7.728872114168718e-06,1.004583596679508,1.002107188825903,0.9971542224267029,0.9946547503279763,0.991358372553254,0.980667308604664,0.9568765841889757,0.9076572401047258,0.8190035150122394,0.6856635648432619,0.5203486229117082,0.35126368657967255,0.20852830685099555,0.10924485942093476,0.06360806038849987,0.03256059194903216,-0.013962153331329219,-0.037223525900208984,35444.9982277299,6753120.42328144,3.445333325047437e-07,2.0492504430251585e-07,104.7781863057511,0.7150375965307526,0.7134852446277219,0.03718673984772525,0.030845566505385714,,,464158.7281686229,0.005994485034714912,1000000.0
3-2,3,7.0,0,0.0005001847618570771,0.796337278107,29.224414560994646,12510.0,12510.0,12510.0,12510.0,12510.0,12510.0,12510.0,12510.0,12510.0,12510.0,12510.0,12510.0,12510.0,12510.0,12510.0,12510.0,12510.0,12510.0,44701696.27006316,20755392.01638689,9640503.706871303,4481426.3426890485,2086798.0690647482,975309.640607514,459401.86270063143,219938.8201638689,108789.93706871303,57199.16342689049,33252.88069064748,22137.996406075137,16978.918627006315,14584.28820163869,13472.799370687131,12956.891634268904,12717.428806906473,12606.279964060752,9.879998020407241e-08,9.879998566150586e-08,9.879998887655305e-08,9.880001518283931e-08,9.879999943626797e-08,9.879999658305988e-08,9.879998020407241e-08,9.879998566150587e-08,9.879998887655302e-08,9.880001518283931e-08,9.879999943626797e-08,9.879999658305989e-08,9.879998020407241e-08,9.879998566150586e-08,9.879998887655302e-08,9.880001518283931e-08,9.879999943626797e-08,9.879999658305988e-08,9.877233052060433e-08,9.874043545789373e-08,9.867178106724897e-08,9.852421277186058e-08,9.82077102199464e-08,9.753271908902816e-08,9.610955194788927e-08,9.318029642381446e-08,8.743875552952927e-08,7.719151401101524e-08,6.163064847247795e-08,4.296892973389834e-08,2.6004546083373494e-08,1.405208411588481e-08,7.060490139948492e-09,3.407676894825169e-09,1.611486591872703e-09,7.545810617675034e-10,0.9997201448480966,0.9993972650581535,0.9987023499621617,0.9972084780506528,0.9940051698410827,0.9871733042726744,0.9727689393193598,0.9431205460196648,0.8850077466990486,0.7812905075790183,0.6237919921470596,0.4349082107282758,0.2632039604629558,0.1422275926641125,0.07146245885483161,0.0344906515299509,0.016310593128213632,0.007637460403484294,4.415290718818343,2.0493964457973326,0.9512456711424073,0.44152900250851673,0.20493966005425449,0.09512460120219367,0.04415290718818343,0.02049396445797333,0.009512456711424073,0.004415290025085167,0.0020493966005425447,0.0009512460120219365,0.0004415290718818343,0.00020493964457973327,9.512456711424073e-05,4.415290025085167e-05,2.0493966005425454e-05,9.512460120219366e-06,1.0030665611122629,1.0014173828672632,0.9981188753639785,0.9964815590601201,0.9943836777926283,0.9875081173173665,0.9720021202150537,0.9383455857953589,0.8725306861878845,0.7630486010158606,0.6123012364705644,0.4412502482672327,0.28101921616241654,0.1572566635638637,0.0931786599799782,0.04803236596163174,-0.014941700205763908,-0.046428732981730246,35444.9982277299,10211334.282012613,2.799333042430616e-07,1.753493768403228e-07,128.5970867136028,0.7650300418965712,0.7624877210249296,0.054425751316118584,0.047419451263595896,,,464158.65748896543,0.00737782772117581,1000000.0
3-2,3,7.0,1,0.0003037980364632327,0.524899408284,24.3734033333334,12510.0,12510.0,12510.0,12510.0,12510.0,12510.0,12510.0,12510.0,12510.0,12510.0,12510.0,12510.0,12510.0,12510.0,12510.0,12510.0,12510.0,12510.0,42846294.582832925,19894192.095223024,9240766.408096723,4295889.195863309,2000677.1440647482,935336.2957122303,440847.8458283294,211326.82095223022,104792.5640809672,55343.7919586331,32391.671440647486,21738.2629571223,16793.378458283292,14498.168209522302,13432.825640809671,12938.337919586329,12708.816714406476,12602.282629571222,1.0091712205857698e-07,1.0091712453224965e-07,1.0091714790378297e-07,1.009171233058948e-07,1.0091716241793901e-07,1.0091713411249651e-07,1.0091712205857696e-07,1.0091712453224967e-07,1.0091714790378297e-07,1.009171233058948e-07,1.0091716241793901e-07,1.0091713411249652e-07,1.0091712205857698e-07,1.0091712453224967e-07,1.00917147903783e-07,1.009171233058948e-07,1.0091716241793901e-07,1.0091713411249652e-07,1.0088765689223657e-07,1.0085366514561784e-07,1.00780527902311e-07,1.0062324393540908e-07,1.002861392138235e-07,9.956738070985968e-08,9.805338299554337e-08,9.494309235682684e-08,8.886979004639834e-08,7.810565398155967e-08,6.194190594926012e-08,4.2841042649369934e-08,2.5740277798863044e-08,1.383900475507263e-08,6.932936834977008e-09,3.3409724584520875e-09,1.578747975522774e-09,7.38985053615625e-10,0.9997080260936961,0.9993711732579981,0.9986462161851599,0.9970879137171307,0.9937471170512882,0.9866251314555544,0.9716228623585663,0.9408025921952053,0.8806213006646709,0.7739583870698518,0.6137896118475221,0.42451703594370066,0.2550635340544313,0.13713237291704797,0.068699294212982,0.03310610081824373,0.015643998876866322,0.007322691633234924,4.322662266976543,2.00640218791422,0.9312893168299301,0.4322663064748421,0.20064018659159213,0.09312898504692953,0.043226622669765444,0.020064021879142205,0.009312893168299299,0.004322663064748421,0.0020064018659159215,0.000931289850469295,0.00043226622669765435,0.00020064021879142202,9.3128931682993e-05,4.32266306474842e-05,2.0064018659159216e-05,9.31289850469295e-06,1.003195749650802,1.001476414228268,0.9980375923970968,0.9963282042484742,0.9941320616260096,0.9869397177608619,0.970730210812297,0.9356857378865193,0.8676812740758493,0.7556835487962985,0.6031142340685758,0.4318260597009722,0.27306377357752787,0.1517427961045854,0.08970671974293332,0.046186802216231726,-0.014965059735459363,-0.04554099043680176,35444.9982277299,9788852.66220235,2.859318715211191e-07,1.7818517527476542e-07,125.95024548566091,0.7600830636267546,0.7576507353672124,0.05238089169167498,0.04542605357829786,,,464158.6359819416,0.007223046679032932,1000000.0
3-2,3,7.0,2,4.607457063384842e-05,0.504792899408,24.014311825951893,12510.0,12510.0,12510.0,12510.0,12510.0,12510.0,12510.0,12510.0,12510.0,12510.0,12510.0,12510.0,12510.0,12510.0,12510.0,12510.0,12510.0,12510.0,41104083.808384486,19085525.936870504,8865420.97036051,4121665.9263317343,1919810.7298489208,897801.330842526,423425.7380838449,203240.15936870506,101039.10970360512,53601.559263317344,31583.00729848921,21362.91330842526,16619.15738083845,14417.30159368705,13395.291097036052,12920.915592633171,12700.730072984892,12598.529133084252,1.0303426881026931e-07,1.0303428087448349e-07,1.0303428132413302e-07,1.0303429719017115e-07,1.0303431527967645e-07,1.0303429019798642e-07,1.0303426881026931e-07,1.0303428087448352e-07,1.0303428132413301e-07,1.0303429719017115e-07,1.0303431527967645e-07,1.0303429019798642e-07,1.0303426881026931e-07,1.0303428087448352e-07,1.0303428132413302e-07,1.0303429719017115e-07,1.0303431527967645e-07,1.0303429019798644e-07,1.0300291040051068e-07,1.0296674493871714e-07,1.0288888959782084e-07,1.0272156950168618e-07,1.0236291613386055e-07,1.0159860623751912e-07,9.999014894016062e-08,9.669223283760196e-08,9.027725225740804e-08,7.898725311973587e-08,6.222251822796217e-08,4.2697998430680456e-08,2.5475661398403032e-08,1.3630667766730445e-08,6.809507257811356e-09,3.2767336794290973e-09,1.5472923493619742e-09,7.240159778037513e-10,0.9996956506789368,0.9993445294595822,0.9985888994959375,0.9969648195114313,0.9934837326380687,0.9860659596168561,0.9704552678903925,0.9384472043376763,0.8761865574954324,0.7666112670613799,0.6039009242606728,0.4144057123956865,0.24725425523536015,0.13229255012062774,0.0660897244130766,0.03180235871732309,0.015017252700345533,0.007026941966723043,4.2338402616101085,1.9651744811630154,0.9121533194576283,0.423383992914417,0.1965174247324107,0.09121536389179044,0.04233840261610109,0.01965174481163016,0.009121533194576283,0.004233839929144169,0.001965174247324107,0.0009121536389179043,0.0004233840261610109,0.00019651744811630156,9.121533194576284e-05,4.2338399291441694e-05,1.9651742473241074e-05,9.121536389179041e-06,1.0033275545985452,1.0015366486192114,0.997954685702144,0.9961715323925997,0.9938745756156564,0.9863574558059724,0.9694302252011884,0.9329832521044548,0.8627985840653949,0.7483463640208363,0.5940600243184377,0.42263610851463085,0.2653889276007195,0.14648031011548213,0.08641145769798086,0.04444275952333321,-0.014954479859966341,-0.04465309930734061,35444.9982277299,9392144.35168508,2.919304723243099e-07,1.8100157018408175e-07,123.41953483329499,0.7552012089923916,0.7528750574719213,0.0504457655836192,0.04354538963389785,,,464158.67689052364,0.007074627254413037,1000000.0
3-2,3,7.0,3,-8.258764275218888e-05,0.444473372781,22.963149852369916,12510.0,12510.0,12510.0,12510.0,12510.0,12510.0,12510.0,12510.0,12510.0,12510.0,12510.0,12510.0,12510.0,12510.0,12510.0,12510.0,12510.0,12510.0,39466044.466251805,18325222.836719424,8512516.347590726,3957862.049273381,1843782.0937178258,862510.6024948041,407045.34466251795,195637.12836719424,97510.06347590727,51963.52049273381,30822.72093717826,21010.00602494804,16455.35344662518,14341.271283671944,13360.000634759073,12904.535204927339,12693.127209371783,12595.00006024948,1.0515141543858844e-07,1.0515140682368674e-07,1.0515142668806671e-07,1.0515144441265129e-07,1.0515139486732794e-07,1.0515145162523706e-07,1.0515141543858844e-07,1.0515140682368674e-07,1.051514266880667e-07,1.0515144441265129e-07,1.0515139486732791e-07,1.0515145162523703e-07,1.0515141543858844e-07,1.0515140682368674e-07,1.0515142668806671e-07,1.0515144441265129e-07,1.0515139486732794e-07,1.0515145162523703e-07,1.0511808440111235e-07,1.0507962357111266e-07,1.0499689607759218e-07,1.0481908200253551e-07,1.0443794616084993e-07,1.0362631714453988e-07,1.0191972583843496e-07,9.842750880727677e-08,9.166108219462133e-08,7.983667441383627e-08,6.247365877545719e-08,4.254106216272528e-08,2.521121777564944e-08,1.3427035019772677e-08,6.69002808264392e-09,3.2148346306894024e-09,1.5170478626722264e-09,7.096371322517035e-10,0.99968301865137,0.9993173343586889,0.9985303992980241,0.9968392026189248,0.993215033358538,0.9854958304700082,0.9692663233616586,0.9360550826706074,0.8717055496216451,0.7592541867568555,0.5941305757691727,0.4045694234858775,0.2397610880509121,0.12769239542640204,0.06362279898008412,0.030573375845159664,0.014427272834433841,0.006748714556798242,4.1485949931815105,1.9256075175392344,0.893787794306788,0.4148594666975098,0.19256081503604144,0.08937879723465474,0.0414859499318151,0.019256075175392347,0.00893787794306788,0.004148594666975098,0.0019256081503604145,0.0008937879723465473,0.00041485949931815096,0.00019256075175392345,8.93787794306788e-05,4.148594666975097e-05,1.925608150360415e-05,8.937879723465474e-06,1.0034613380108073,1.0015975729667836,0.9978698919486106,0.9960115700902321,0.9936111373942165,0.9857617048602911,0.9681029208939584,0.9302392230498047,0.8578854674348992,0.7410405837352574,0.5851391151692695,0.41367528004148646,0.2579839117143017,0.14145570609562874,0.0832818831793194,0.04279313372493121,-0.014914434969602652,-0.043768219100102666,35444.9982277299,9019158.521871375,2.979290161091775e-07,1.8379892763473427e-07,120.99343269870636,0.7503836770605861,0.7481599271437206,0.04861291152857558,0.041769613786034804,,,464158.7402759298,0.006932189307471953,1000000.0
3-2,3,7.0,4,0.0003043256608682447,0.464579881657,23.310662051282115,12510.0,12510.0,12510.0,12510.0,12510.0,12510.0,12510.0,12510.0,12510.0,12510.0,12510.0,12510.0,12510.0,12510.0,12510.0,12510.0,12510.0,12510.0,37924041.225019984,17609482.8253749,8180300.831427657,3803661.1462517986,1772206.6642885692,829289.728672262,391625.31225019984,188479.72825374897,94187.90831427657,50421.51146251799,30106.96664288569,20677.797286722624,16301.153122501999,14269.697282537489,13326.779083142766,12889.115114625181,12685.969666428859,12591.677972867228,1.0726855198533388e-07,1.0726855947094089e-07,1.0726856994883756e-07,1.0726859050521336e-07,1.0726858984224988e-07,1.0726855096318848e-07,1.0726855198533388e-07,1.0726855947094092e-07,1.0726856994883754e-07,1.0726859050521336e-07,1.0726858984224988e-07,1.0726855096318847e-07,1.0726855198533388e-07,1.0726855947094089e-07,1.0726856994883754e-07,1.0726859050521336e-07,1.0726858984224988e-07,1.0726855096318848e-07,1.0723316731793058e-07,1.0719235452544143e-07,1.0710452588276795e-07,1.0691579092196378e-07,1.0651138128076122e-07,1.0565038360122443e-07,1.0384198699231526e-07,1.0014880345572193e-07,9.302120174545474e-08,8.065435328192475e-08,6.269651206225055e-08,4.237142706057862e-08,2.494740726311564e-08,1.32280446364984e-08,6.574336054213751e-09,3.155154067863103e-09,1.4879444354014634e-09,6.958149512683989e-10,0.9996701300917333,0.999289587313605,0.9984707163883341,0.9967110634940951,0.992941003861408,0.9849148017062395,0.9680562016583654,0.9336268143216023,0.8671804032609163,0.7518916106015663,0.5844815537749922,0.3950032575262371,0.23256962829633918,0.12331707167263567,0.061288558776810616,0.02941358745372681,0.013871203467759273,0.006486663099487406,4.0667150580546645,1.8876019260272583,0.8761472421284716,0.40667143985065446,0.1887601797283458,0.08761477795077982,0.04066715058054665,0.018876019260272586,0.008761472421284716,0.0040667143985065445,0.0018876017972834576,0.0008761477795077982,0.00040667150580546646,0.00018876019260272584,8.761472421284715e-05,4.0667143985065436e-05,1.887601797283458e-05,8.761477795077982e-06,1.0035981098815485,1.0016599905457184,0.9977836009727419,0.9958481333651488,0.9933415261357652,0.9851521598662067,0.9667477368589985,0.9274553291585921,0.8529457313214532,0.7337692970051748,0.5763515331226063,0.40493791355046405,0.25083753893585303,0.1366562562138931,0.08030804050215146,0.04123138562032658,-0.014848985749742027,-0.042889171243078034,35444.9982277299,8668037.366853222,3.039275992489468e-07,1.865776770352477e-07,118.6617185227373,0.7456294750008519,0.743504307328346,0.04687541689408395,0.04009150506871022,,,464158.5761182048,0.006795366438358515,1000000.0
3-2,3,7.0,5,-0.00016116784101692067,0.40426035503,22.273565353535414,12510.0,12510.0,12510.0,12510.0,12510.0,12510.0,12510.0,12510.0,12510.0,12510.0,12510.0,12510.0,12510.0,12510.0,12510.0,12510.0,12510.0,12510.0,36470699.41467946,16934899.736154277,7867186.174523582,3658329.159201439,1704748.2734964024,797977.7681726619,377091.8941467946,181733.89736154277,91056.76174523581,48968.191592014395,29432.38273496403,20364.677681726618,16155.818941467945,14202.23897361543,13295.46761745236,12874.581915920144,12679.223827349639,12588.546776817266,1.0938569550369576e-07,1.0938570838066694e-07,1.0938572560926591e-07,1.093857030072302e-07,1.0938574276344228e-07,1.0938573897979218e-07,1.0938569550369576e-07,1.0938570838066695e-07,1.0938572560926591e-07,1.093857030072302e-07,1.0938574276344226e-07,1.0938573897979218e-07,1.0938569550369576e-07,1.0938570838066694e-07,1.0938572560926591e-07,1.093857030072302e-07,1.0938574276344226e-07,1.0938573897979218e-07,1.0934817456023392e-07,1.0930490393345072e-07,1.0921178598243932e-07,1.0901164832678173e-07,1.0858303443210367e-07,1.0767088469535414e-07,1.0575683189779036e-07,1.0185593417943576e-07,9.435756733585232e-08,8.14407228041302e-08,6.289220351134966e-08,4.21901950078348e-08,2.4684631713060248e-08,1.3033632177446325e-08,6.4622732911496535e-09,3.097580134026248e-09,1.4599217034077897e-09,6.825170036671812e-10,0.9996569849166379,0.9992612888062578,0.99840985077479,0.9965804061210471,0.99266167316636,0.9843228715147696,0.9668250625532404,0.9311630896512799,0.8626131683114181,0.7445280376243237,0.5749579599908227,0.38570105574392083,0.2256659940716493,0.11915297135608179,0.05907784818499428,0.02831796156963496,0.01334654468238167,0.006239542832848336,3.988004405930191,1.851067588782963,0.859189452776075,0.39880049176647836,0.18510674047912917,0.08591897226637471,0.03988004405930191,0.018510675887829633,0.00859189452776075,0.003988004917664783,0.0018510674047912917,0.000859189722663747,0.00039880044059301904,0.00018510675887829634,8.591894527760749e-05,3.9880049176647825e-05,1.851067404791292e-05,8.591897226637472e-06,1.0037369500760516,1.001723200301452,0.9976955498802909,0.9956815465571793,0.9930661565374042,0.9845292166272532,0.9653654799779083,0.924632115305597,0.8479814279304971,0.726535810698806,0.5676974307210543,0.39641888946097303,0.24393992045373203,0.13206987287012062,0.07748012926644066,0.03975155622475057,-0.01476141117820795,-0.0420178947108256,35444.9982277299,8337105.841660807,3.099261887519317e-07,1.8933817666872656e-07,116.41548055365136,0.7409376569586428,0.7389073830792472,0.045226973725188205,0.03850445049445566,,,464158.7650241177,0.006663842627201196,1000000.0
3-2,3,7.0,6,-0.0004762419500181267,0.464579881657,23.310662051282115,12510.0,12510.0,12510.0,12510.0,12510.0,12510.0,12510.0,12510.0,12510.0,12510.0,12510.0,12510.0,12510.0,12510.0,12510.0,12510.0,12510.0,12510.0,35099357.36369625,16298379.785151878,7571739.995974421,3521194.5695931255,1641096.9536722624,768433.0858994083,363378.4736369624,175368.6978515188,88102.29995974421,47596.84569593126,28795.86953672262,20069.230858994088,16018.684736369625,14138.586978515186,13265.922999597442,12860.868456959312,12672.858695367226,12585.59230858994,1.1150283437566195e-07,1.1150284565130806e-07,1.1150286203039872e-07,1.1150284800398366e-07,1.1150285848431955e-07,1.1150287999262129e-07,1.1150283437566195e-07,1.1150284565130806e-07,1.115028620303987e-07,1.1150284800398363e-07,1.1150285848431955e-07,1.1150287999262126e-07,1.1150283437566195e-07,1.1150284565130806e-07,1.1150286203039872e-07,1.1150284800398363e-07,1.1150285848431957e-07,1.1150287999262129e-07,1.1146309289425572e-07,1.1141726042029211e-07,1.1131863742618067e-07,1.111067038543319e-07,1.1065287777079895e-07,1.0968762625836148e-07,1.0766413572057014e-07,1.0354874314506205e-07,9.567012208334116e-08,8.219627089504979e-08,6.306185697679582e-08,4.1998421226451706e-08,2.442324694408718e-08,1.284372213227914e-08,6.353691177935862e-09,3.0420054723875384e-09,1.432921371490644e-09,6.697150127226477e-10,0.999643583218052,0.9992324390421068,0.9983478038064364,0.9964472284184384,0.9923770500140123,0.9837201179522903,0.9655730845176639,0.9286645783810747,0.8580059770776008,0.7371674568537764,0.5655626934951098,0.37665772605363157,0.21903700547919086,0.11518739326567551,0.05698231473380184,0.027281863439746912,0.012850983292882602,0.006006257531347765,3.9122829303583537,1.8159208249510914,0.8428757792971873,0.39122832225726506,0.18159210062472736,0.0842876011306937,0.03912282930358354,0.01815920824951092,0.008428757792971872,0.00391228322257265,0.0018159210062472736,0.0008428760113069369,0.0003912282930358353,0.00018159208249510917,8.428757792971872e-05,3.91228322257265e-05,1.8159210062472737e-05,8.428760113069368e-06,1.0038780928832367,1.0017873556624473,0.99760573037881,0.9955115300791739,0.9927846557781912,0.9838924350234777,0.9639565103534764,0.9217718702888522,0.8429957089798492,0.7193425884105835,0.5591763970720951,0.3881126422681671,0.23728120498595118,0.12768564090765366,0.07478955191279546,0.038348142684014874,-0.01465495049047938,-0.04115649692967952,35444.9982277299,8024846.537207992,3.159247389420375e-07,1.9208076820607e-07,114.24691564354092,0.7363072988693723,0.7343682236845159,0.04366176245269092,0.037002377616861024,,,464158.7704331616,0.006537315594121981,1000000.0
3-2,3,7.0,7,-0.00035743563133913225,0.414313609467,22.4465190365191,12510.0,12510.0,12510.0,12510.0,12510.0,12510.0,12510.0,12510.0,12510.0,12510.0,12510.0,12510.0,12510.0,12510.0,12510.0,12510.0,12510.0,12510.0,33803949.77152358,15697111.03347802,7292654.582293366,3391653.6496914476,1580969.3007394085,740524.492911303,350424.3977152359,169356.01033478015,85311.44582293365,46301.43649691446,28194.593007394084,19790.14492911303,15889.143977152358,14078.460103347803,13238.014458229338,12847.914364969145,12666.84593007394,12582.80144929113,1.1361998635219025e-07,1.1361997570417478e-07,1.136200019403427e-07,1.1362000304421507e-07,1.1362001698492991e-07,1.1362002402310706e-07,1.1361998635219025e-07,1.1361997570417479e-07,1.136200019403427e-07,1.1362000304421507e-07,1.1362001698492991e-07,1.1362002402310706e-07,1.1361998635219025e-07,1.1361997570417478e-07,1.136200019403427e-07,1.1362000304421507e-07,1.1362001698492991e-07,1.1362002402310706e-07,1.1357793842468852e-07,1.1352942490836095e-07,1.1342509537946916e-07,1.1320091949828388e-07,1.1272095688817995e-07,1.1170059189880146e-07,1.0956380179845105e-07,1.0522708847655616e-07,9.695885863697149e-08,8.292146870872309e-08,6.320657735454717e-08,4.1797078530773356e-08,2.4163560549153383e-08,1.2658230909285843e-08,6.248444917296053e-09,2.9883318090259098e-09,1.4068882922707393e-09,6.573816213114634e-10,0.9996299249027245,0.9992030380639265,0.9982845752724429,0.9963115337554772,0.9920871328784506,0.9831065682232628,0.9643004309016006,0.9261319396030265,0.853360825393056,0.7298139983014638,0.5562979044698666,0.36786718617726244,0.21266998285189975,0.11140849864502073,0.054994233502802255,0.026301106574191917,0.012382398186556716,0.005785790198194034,3.8393829256613676,1.782083988353447,0.8271700415661477,0.38393831176478227,0.1782083723901829,0.08271702417375235,0.038393829256613686,0.017820839883534473,0.008271700415661476,0.0038393831176478216,0.0017820837239018285,0.0008271702417375233,0.0003839382925661368,0.00017820839883534473,8.271700415661476e-05,3.839383117647822e-05,1.782083723901829e-05,8.271702417375234e-06,1.0040216986127564,1.0018526123968279,0.9975142891533721,0.9953382999335698,0.9924971361903747,0.9832418211634284,0.9625207513931748,0.9188755272776259,0.8379913733950541,0.7121923057969202,0.5507879742801283,0.3800138392832366,0.2308517779808117,0.12349280717471167,0.07222809624862236,0.03701609327275612,-0.014532262879999536,-0.04030644082730906,35444.9982277299,7729878.825320085,3.219233203968539e-07,1.9480582338277707e-07,112.1489939730005,0.7317373298666543,0.7298858340845283,0.042174405421353124,0.03557965859775632,,,464158.73443373654,0.0064155013792348255,1000000.0
3-2,5,7.0,0,0.000529679138566915,0.454526627219,25.693730031080104,12510.0,12510.0,12510.0,12510.0,12510.0,12510.0,12510.0,12510.0,12510.0,12510.0,12510.0,12510.0,12510.0,12510.0,12510.0,12510.0,12510.0,12510.0,33579055.04461711,15592716.80627418,7244203.692089528,3369165.122079137,1570530.816319744,735679.1530222303,348175.4504461711,168312.0680627418,84826.93692089528,46076.55122079136,28090.20816319744,19741.691530222302,15866.654504461712,14068.020680627418,13233.169369208954,12845.665512207912,12665.802081631973,12582.316915302223,1.1399997598572463e-07,1.1399999206291004e-07,1.1399998211172322e-07,1.1399997672202714e-07,1.1399999934953996e-07,1.1400002402354853e-07,1.1399997598572463e-07,1.1399999206291004e-07,1.139999821117232e-07,1.1399997672202712e-07,1.1399999934953996e-07,1.1400002402354853e-07,1.1399997598572463e-07,1.1399999206291004e-07,1.1399998211172322e-07,1.1399997672202712e-07,1.1399999934953996e-07,1.1400002402354853e-07,1.1395750487694308e-07,1.1390853013754928e-07,1.1380311578426546e-07,1.1357668499926571e-07,1.1309193694347737e-07,1.1206148832537645e-07,1.0990393849154209e-07,1.0552680343703338e-07,9.718763655281669e-08,8.304844777710396e-08,6.32299949559374e-08,4.175999847399862e-08,2.4117152912947442e-08,1.2625396938032788e-08,6.229897982367841e-09,2.9788928056489875e-09,1.4023144440619205e-09,6.552155805053752e-10,0.9996274463357178,0.9991977023532573,0.9982731021197456,0.9962869139544339,0.9920345402522475,0.9829953044766758,0.9640698389735147,0.9256737788086793,0.8525232614297261,0.7284953046929639,0.5546490817255653,0.3663156988929443,0.2115540174847708,0.11074910365840691,0.05464823649061948,0.02613064398173166,0.012301003965466949,0.005747503880964358,3.826585329010094,1.7761434522537534,0.8244129515356678,0.3826586057808947,0.17761437204702057,0.08244130081762349,0.038265853290100946,0.017761434522537537,0.008244129515356677,0.0038265860578089467,0.0017761437204702054,0.0008244130081762348,0.0003826585329010094,0.00017761434522537537,8.244129515356677e-05,3.826586057808946e-05,1.7761437204702056e-05,8.244130081762347e-06,1.0040475344189066,1.0018642745762918,0.9974976040849821,0.995306744038265,0.9924449847625123,0.9831238626393315,0.9622603226390947,0.9183518383449716,0.8370912744815655,0.7109135872939252,0.5492964174310089,0.37858193647732286,0.22972142576326782,0.122759733835478,0.07178140797156551,0.03678419977770453,-0.014508711780072403,-0.04015516743312154,35444.9982277299,7678668.620017477,3.229999589767805e-07,1.9529309213076454e-07,111.77945390116787,0.7309234251930098,0.7290872944258889,0.041915298395437874,0.03533229247431082,,,464158.7761303355,0.006394117367148195,1000000.0
3-2,5,7.0,1,0.0003375662513531747,0.40426035503,24.738440046620113,12510.0,12510.0,12510.0,12510.0,12510.0,12510.0,12510.0,12510.0,12510.0,12510.0,12510.0,12510.0,12510.0,12510.0,12510.0,12510.0,12510.0,12510.0,32185434.093244597,14945859.56528857,6943957.179703438,3229803.7071151077,1505844.4326530776,705654.6377186333,334239.24093244603,161843.49565288567,81824.47179703438,44682.93707115109,27443.344326530772,19441.446377186334,15727.29240932446,14003.334956528857,13203.144717970343,12831.729370711511,12659.333443265308,12579.314463771863,1.164428466043634e-07,1.1644284677494592e-07,1.164428524210392e-07,1.1644283458372479e-07,1.1644287971300654e-07,1.1644288456688987e-07,1.1644284660436337e-07,1.1644284677494595e-07,1.1644285242103918e-07,1.1644283458372476e-07,1.1644287971300654e-07,1.1644288456688987e-07,1.1644284660436337e-07,1.1644284677494595e-07,1.1644285242103918e-07,1.1644283458372476e-07,1.1644287971300657e-07,1.1644288456688987e-07,1.1639758700007157e-07,1.1634538165380043e-07,1.1623307288955747e-07,1.1599181650561888e-07,1.154755152272587e-07,1.1437855960100956e-07,1.12084591101638e-07,1.0744217605118184e-07,9.86401089166198e-08,8.384202639775404e-08,6.33625988304229e-08,4.151530676891465e-08,2.3820418464289396e-08,1.2417625806036106e-08,6.1130700166597135e-09,2.919565930060525e-09,1.3735965048398398e-09,6.416228902654235e-10,0.9996113148586481,0.9991629788875408,0.9981984335910702,0.9961266995971177,0.991692368926876,0.9822717809374221,0.9625717196906618,0.9227031030840382,0.8471117536691093,0.7200273567496324,0.5441517676872205,0.35652935706059774,0.20456746944038376,0.10664137944030329,0.05249845644931307,0.02507295481510541,0.011796311704290583,0.005510194054810169,3.7463068650035076,1.7388817352676025,0.8071174810104358,0.3746307989448632,0.1738881617127132,0.0807117610380295,0.03746306865003508,0.017388817352676025,0.008071174810104357,0.0037463079894486315,0.0017388816171271318,0.0008071176103802949,0.0003746306865003508,0.00017388817352676026,8.071174810104356e-05,3.7463079894486314e-05,1.738881617127132e-05,8.071176103802948e-06,1.0042165544225912,1.0019409536501946,0.9973896013352377,0.9951019538322399,0.9921043730398349,0.9823534543810464,0.9605657822624991,0.914959762590323,0.8312940754478344,0.702729101202964,0.5398085409024969,0.36952943594449117,0.22262059876246632,0.11818304609061592,0.06900053535880168,0.03534305501328916,-0.014347541107744277,-0.03919283906194397,35444.9982277299,7361336.904334204,3.299214115714527e-07,1.984124994032667e-07,109.45116581029652,0.7257362974717713,0.7239961249482173,0.040303859292764505,0.0337972512586037,,,464158.7318654014,0.006259973796748978,1000000.0
3-2,5,7.0,2,0.0002362202389061006,0.424366863905,25.12112480963488,12510.0,12510.0,12510.0,12510.0,12510.0,12510.0,12510.0,12510.0,12510.0,12510.0,12510.0,12510.0,12510.0,12510.0,12510.0,12510.0,12510.0,12510.0,30876846.998244606,14338464.192582734,6662031.947322142,3098942.254696243,1445105.1984684255,677461.960748713,321153.3699824461,155769.54192582733,79005.21947322143,43374.32254696243,26835.951984684252,19159.51960748713,15596.43369982446,13942.595419258274,13174.952194732214,12818.643225469625,12653.259519846843,12576.495196074871,1.1888569605658214e-07,1.1888570870132712e-07,1.1888568998425098e-07,1.1888573559410887e-07,1.188857306385458e-07,1.1888573683900958e-07,1.1888569605658216e-07,1.1888570870132714e-07,1.1888568998425095e-07,1.1888573559410887e-07,1.1888573063854583e-07,1.1888573683900958e-07,1.1888569605658216e-07,1.1888570870132712e-07,1.1888568998425098e-07,1.1888573559410887e-07,1.1888573063854583e-07,1.1888573683900958e-07,1.188375285718078e-07,1.1878198349088072e-07,1.1866244578586483e-07,1.1840581037122727e-07,1.1785655954991887e-07,1.166903950279176e-07,1.142546997891317e-07,1.0933788441253395e-07,1.0006085800961058e-07,8.459677233313784e-08,6.346528231098084e-08,4.126058765338907e-08,2.3526712952349676e-08,1.2215453190698348e-08,6.000272282497501e-09,2.8624930307123338e-09,1.3460178115532149e-09,6.285797639459004e-10,0.9995948420510451,0.9991275216207275,0.9981221945348028,0.9959631387190122,0.9913431907841319,0.981534018550393,0.9610466488311057,0.9196890493139097,0.8416560312924614,0.7115805097254229,0.5338343127480747,0.3470608733263145,0.19789355433602734,0.10274955101110476,0.05047093795134106,0.024077682796910572,0.011321945908256891,0.00528725968866306,3.6693281873612316,1.7031512170079466,0.7905330047728132,0.3669327689609468,0.17031512687919131,0.07905330381615494,0.036693281873612316,0.01703151217007947,0.00790533004772813,0.0036693276896094676,0.0017031512687919127,0.0007905330381615493,0.0003669328187361231,0.0001703151217007947,7.905330047728131e-05,3.669327689609467e-05,1.703151268791913e-05,7.905330381615493e-06,1.0043888694200078,1.0020191046209064,0.9972794242891663,0.9948926247217642,0.9917555825459186,0.9815647086013701,0.9588368982484177,0.9115239907175283,0.8254797745951432,0.6946084135813884,0.5304948462289332,0.360737090365685,0.21579791795691428,0.11383166142391055,0.06636895603092441,0.03398324630401994,-0.01417162003886041,-0.0382490531215419,35444.9982277299,7063366.120706309,3.368428459899426e-07,2.015095403671525e-07,107.19929365681556,0.7206264654342046,0.718977691426811,0.038781475471255274,0.03235263811969052,,,464158.7397655842,0.006131344544246318,1000000.0
3-2,5,7.0,3,0.0002497966891986049,0.40426035503,24.738440046620113,12510.0,12510.0,12510.0,12510.0,12510.0,12510.0,12510.0,12510.0,12510.0,12510.0,12510.0,12510.0,12510.0,12510.0,12510.0,12510.0,12510.0,12510.0,29646500.057029583,13767390.759892086,6396961.320672263,2975908.3770935256,1387997.838388489,650954.9922364828,308849.90057029575,150058.80759892086,76354.51320672262,42143.98377093525,26264.87838388489,18894.449922364827,15473.399005702957,13885.488075989208,13148.445132067225,12806.339837709353,12647.548783838849,12573.844499223647,1.213285522899183e-07,1.2132855218475449e-07,1.2132854922091987e-07,1.213285771040349e-07,1.21328575702331e-07,1.2132858897843314e-07,1.213285522899183e-07,1.2132855218475449e-07,1.2132854922091987e-07,1.213285771040349e-07,1.21328575702331e-07,1.2132858897843314e-07,1.213285522899183e-07,1.2132855218475449e-07,1.2132854922091987e-07,1.2132857710403488e-07,1.21328575702331e-07,1.2132858897843314e-07,1.212773550090849e-07,1.2121830470109524e-07,1.2109127716710132e-07,1.2081854107226236e-07,1.2023504339265654e-07,1.189969060414832e-07,1.1641412561746608e-07,1.112137164605621e-07,1.0144995806751476e-07,8.531346026502722e-08,6.353959759050254e-08,4.099702842193358e-08,2.3236323905743495e-08,1.2018733219449702e-08,5.891314208853262e-09,2.8075540165383807e-09,1.3195124460860106e-09,6.160536664278129e-10,0.9995780277612556,0.9990913310867559,0.9980443839859447,0.9957962415455083,0.990987017663857,0.9807820814815177,0.9594948873970816,0.9166326842111336,0.8361589973584096,0.7031604779463784,0.5236985369909177,0.3379008094227573,0.19151571058244873,0.09905939700943632,0.048556702001984066,0.023140088539330705,0.010875529020659719,0.005077563924668406,3.5954491121932324,1.6688597680716424,0.7746162163087515,0.3595449084851637,0.16688598032755345,0.07746163004839916,0.035954491121932323,0.016688597680716427,0.007746162163087513,0.0035954490848516363,0.0016688598032755344,0.0007746163004839915,0.0003595449112193232,0.00016688597680716426,7.746162163087515e-05,3.595449084851636e-05,1.6688598032755346e-05,7.746163004839915e-06,1.0045638844456417,1.002098261716231,0.9971668655612262,0.9946788933930577,0.991398682795019,0.980758021939252,0.9570743195747085,0.9080460962792838,0.8196518059755338,0.6865543624241095,0.5213538467065622,0.3521973399073062,0.2092409606770893,0.10969224330508887,0.06387677880010756,0.03269888751527006,-0.013983664503570026,-0.03732494044003348,35444.9982277299,6783212.2969775675,3.43764252112757e-07,2.0458467669965553e-07,105.01669738817132,0.7155923558949446,0.714030604030985,0.037341856099215844,0.030991860935372595,,,464158.7208979134,0.006007895269772775,1000000.0
3-2,5,7.0,4,0.00010229177871065102,0.434420118343,25.311828104118177,12510.0,12510.0,12510.0,12510.0,12510.0,12510.0,12510.0,12510.0,12510.0,12510.0,12510.0,12510.0,12510.0,12510.0,12510.0,12510.0,12510.0,12510.0,28488275.981019985,13229792.244451638,6147429.0372502,2860088.1638057553,1334238.4019856115,626001.8626783054,297267.65981019987,144682.82244451638,73859.19037250201,40985.78163805755,25727.284019856117,18644.918626783052,15357.576598101998,13831.728224445164,13123.491903725022,12794.757816380574,12642.17284019856,12571.34918626783,1.2377141996184616e-07,1.237714127449415e-07,1.2377142090706441e-07,1.2377139812104203e-07,1.237714177331717e-07,1.2377145205157163e-07,1.2377141996184613e-07,1.2377141274494154e-07,1.2377142090706441e-07,1.2377139812104203e-07,1.2377141773317166e-07,1.237714520515716e-07,1.2377141996184616e-07,1.237714127449415e-07,1.2377142090706441e-07,1.2377139812104203e-07,1.237714177331717e-07,1.2377145205157163e-07,1.2371706846424222e-07,1.2365437535351244e-07,1.235195464297561e-07,1.2323002313474307e-07,1.2261092015377532e-07,1.2129800755008e-07,1.1856271187462499e-07,1.130695177495422e-07,1.0280746953231657e-07,8.599292645084507e-08,6.358704558386319e-08,4.072572274809573e-08,2.294949315380695e-08,1.182731231772762e-08,5.786018324701572e-09,2.7546338559215486e-09,1.2940196296935708e-09,6.0401455357283e-10,0.9995608719878896,0.999054406919712,0.9979650029428244,0.995626008960733,0.9906238645347167,0.9800160339036742,0.9579167138195004,0.9135350016772211,0.8306236510729813,0.6947721990402697,0.5137457964725356,0.3290397104748082,0.18541835555317512,0.09555770638330215,0.04674761170469303,0.022255819177445665,0.01045491482115231,0.004880079724047807,3.5244859899720757,1.6359216960444107,0.759327646390257,0.352448730593188,0.1635921981719586,0.07593277866551724,0.03524485989972077,0.01635921696044411,0.007593276463902569,0.0035244873059318794,0.0016359219817195859,0.0007593277866551724,0.00035244859899720757,0.0001635921696044411,7.59327646390257e-05,3.524487305931879e-05,1.635921981719586e-05,7.593277866551723e-06,1.0047416728899352,1.0021784827939229,0.997051951943762,0.9944606561409,0.9910336475545591,0.9799333990387495,0.9552785655660347,0.9045281487598515,0.8138135560134945,0.6785693642230264,0.5123837494087926,0.343902528285696,0.20293774248442986,0.10575247558998768,0.061514867069888624,0.031484601690124236,-0.013786032175346463,-0.03642134904935996,35444.9982277299,6519481.118714249,3.5068567055755254e-07,2.076383739767193e-07,102.89713908589444,0.7106323696165424,0.7091534112594038,0.0359792263621282,0.029708912625058825,,,464158.7008816554,0.005889319113449555,1000000.0
3-2,5,7.0,5,0.0001476974560316416,0.434420118343,25.311828104118177,12510.0,12510.0,12510.0,12510.0,12510.0,12510.0,12510.0,12510.0,12510.0,12510.0,12510.0,12510.0,12510.0,12510.0,12510.0,12510.0,12510.0,12510.0,27396661.784179855,12723104.5323741,5912244.25931255,2750924.687769784,1283569.7762589927,602483.5680941328,286351.51784179854,139615.945323741,71507.3425931255,39894.14687769784,25220.59776258993,18409.735680941325,15248.415178417985,13781.059453237409,13099.973425931255,12783.841468776978,12637.105977625899,12568.997356809412,1.262142626051232e-07,1.262142810108822e-07,1.262143018771448e-07,1.2621428633894907e-07,1.262142785366223e-07,1.2621431420745253e-07,1.2621426260512316e-07,1.2621428101088224e-07,1.262143018771448e-07,1.2621428633894907e-07,1.262142785366223e-07,1.2621431420745253e-07,1.2621426260512316e-07,1.262142810108822e-07,1.262143018771448e-07,1.2621428633894905e-07,1.262142785366223e-07,1.2621431420745253e-07,1.26156630020627e-07,1.2609018074498967e-07,1.2594723900774525e-07,1.2564031907291667e-07,1.2498416183108952e-07,1.2359359365281567e-07,1.2070026904542284e-07,1.1490510961369767e-07,1.0413347969546752e-07,8.663603123950405e-08,6.36090762588551e-08,4.0447679742959405e-08,2.266642456980644e-08,1.1641039323341572e-08,5.684216422346466e-09,2.703624386778517e-09,1.2694828461633915e-09,5.924347597796527e-10,0.9995433750250834,0.9990167494129938,0.9978840522395035,0.9954524382090073,0.990253743714299,0.9792359482274784,0.9563124369156951,0.9103970540686319,0.8250529309810671,0.6864201648840494,0.5039768637618788,0.32046824480207103,0.1795868715782236,0.0922323466893408,0.045036230742530284,0.0214209061842486,0.010058155550087296,0.004693879323433122,3.456270524507028,1.6042585501244477,0.7446308407998076,0.3456270555169594,0.16042589263744933,0.07446310929752475,0.03456270524507029,0.01604258550124448,0.007446308407998075,0.003456270555169593,0.001604258926374493,0.0007446310929752473,0.00034562705245070284,0.00016042585501244478,7.446308407998074e-05,3.456270555169593e-05,1.6042589263744936e-05,7.446310929752474e-06,1.0049231699324253,1.0022605249169736,0.996935084266708,0.9942378797690292,0.9906600934256353,0.979090310733028,0.9534500562945158,0.9009725251940353,0.8079686260551586,0.6706557299774047,0.5035824791872248,0.3358449471272955,0.19687678916235107,0.10200092095607971,0.05927483552357771,0.030335490093534645,-0.013580758147201166,-0.03553888222166175,35444.9982277299,6270914.667270575,3.576071296731445e-07,2.1067106960067279e-07,100.83513304398618,0.7057449176592661,0.70434461746185,0.034688303697928025,0.02849832124086583,,,464158.77031096787,0.005775332115388377,1000000.0
3-2,5,7.0,6,0.00010606350467089714,0.454526627219,25.693730031080104,12510.0,12510.0,12510.0,12510.0,12510.0,12510.0,12510.0,12510.0,12510.0,12510.0,12510.0,12510.0,12510.0,12510.0,12510.0,12510.0,12510.0,12510.0,26366628.46082814,12245005.665064748,5690331.925474821,2647922.352653078,1235759.624467626,580292.3008250679,276051.18460828136,134834.95665064748,69288.2192547482,38864.12352653077,24742.49624467626,18187.82300825068,15145.411846082814,13733.249566506474,13077.782192547482,12773.541235265307,12632.324962446763,12566.778230082507,1.286571225624637e-07,1.2865714056058739e-07,1.286571452783391e-07,1.2865712286472877e-07,1.2865715133854684e-07,1.2865716108059202e-07,1.286571225624637e-07,1.2865714056058739e-07,1.2865714527833908e-07,1.286571228647288e-07,1.2865715133854682e-07,1.2865716108059197e-07,1.286571225624637e-07,1.2865714056058739e-07,1.2865714527833908e-07,1.2865712286472877e-07,1.2865715133854684e-07,1.28657161080592e-07,1.2859607946756639e-07,1.285256991490897e-07,1.283742969474313e-07,1.2804928759137754e-07,1.2735471279679675e-07,1.2588355701445192e-07,1.2282667990183788e-07,1.1672031892031271e-07,1.0542807539108369e-07,8.72435912836287e-08,6.360708737858844e-08,4.016382769000007e-08,2.2387275323367347e-08,1.1459763449033141e-08,5.585751082065215e-09,2.654428905888826e-09,1.245849932833496e-09,5.812886771654304e-10,0.9995255366070566,0.9989783589863342,0.997801534222636,0.9952755412229269,0.9898766720061847,0.9784418990529201,0.9546823172747771,0.9072199056479623,0.8194498266147501,0.6781092981175816,0.49439216333349045,0.312177164121017,0.17400727513160577,0.08907211367437856,0.04341578596339056,0.020631806827203156,0.009683487624836198,0.004518121434385654,3.390645048840453,1.573797914187011,0.730492360330353,0.33906457085451097,0.1573798120599519,0.07304925893595991,0.03390645048840453,0.015737979141870116,0.007304923603303529,0.003390645708545109,0.001573798120599519,0.0007304925893595991,0.00033906450488404525,0.00015737979141870113,7.30492360330353e-05,3.390645708545109e-05,1.5737981205995193e-05,7.30492589359599e-06,1.005107065741326,1.00234335102828,0.9968157710222965,0.9940107466988302,0.9902786283530851,0.9782293911792515,0.951589264689721,0.8973806029414035,0.8021197734420227,0.6628154753920441,0.49494837732054364,0.32801774000462913,0.19104740178422297,0.098426725495953,0.05714887850277073,0.02924705384751114,-0.013369604005498914,-0.034677932897632345,35444.9982277299,6036372.8090977995,3.645285466457362e-07,2.1368314064174506e-07,98.83542122385299,0.7009285023666989,0.6996029616785471,0.03346426310483883,0.02735502418862072,,,464158.71950363385,0.005665673215691622,1000000.0
3-2,5,7.0,7,-0.0001473259986379005,0.40426035503,24.738440046620113,12510.0,12510.0,12510.0,12510.0,12510.0,12510.0,12510.0,12510.0,12510.0,12510.0,12510.0,12510.0,12510.0,12510.0,12510.0,12510.0,12510.0,12510.0,25393640.07684173,11793385.245432455,5480707.207494805,2550622.151406075,1190598.5020055955,559329.8099364028,266321.3007684173,130318.75245432455,67191.97207494803,37891.121514060746,24290.885020055954,17978.198099364028,15048.113007684173,13688.087524543247,13056.81972074948,12763.811215140608,12627.80885020056,12564.68198099364,1.3109997339514096e-07,1.3109998790281878e-07,1.31100005580505e-07,1.3110000841742454e-07,1.3109994760439718e-07,1.3110002349208168e-07,1.3109997339514096e-07,1.3109998790281878e-07,1.3110000558050497e-07,1.3110000841742454e-07,1.3109994760439718e-07,1.3110002349208168e-07,1.3109997339514096e-07,1.3109998790281878e-07,1.3110000558050497e-07,1.3110000841742454e-07,1.3109994760439718e-07,1.3110002349208168e-07,1.3103538790593145e-07,1.3096092173864853e-07,1.308007629813803e-07,1.3045700408046392e-07,1.2972243844260307e-07,1.2816783345902692e-07,1.2494177026816184e-07,1.1851499289805854e-07,1.0669141897163538e-07,8.781648869649514e-08,6.358242639523249e-08,3.987501390983893e-08,2.2112177627277416e-08,1.1283333770269338e-08,5.4904693466712025e-09,2.6069527259929654e-09,1.223073161135341e-09,5.705523628615454e-10,0.9995073569617376,0.9989392358733602,0.997717447853647,0.9950953142969043,0.9894926795398056,0.9776339473102239,0.953026663793302,0.9040046059036313,0.8138170437080496,0.6698435015876277,0.48499200462761954,0.30415718355876076,0.16866653024124087,0.08606662708949597,0.0418800084893944,0.019885221652254866,0.00932931845881469,0.004352038601244081,3.3274654778125625,1.5444726021608122,0.7168806844178707,0.33274652441370395,0.15444734088627632,0.07168808992859806,0.03327465477812563,0.015444726021608126,0.007168806844178705,0.003327465244137039,0.001544473408862763,0.0007168808992859804,0.0003327465477812562,0.00015444726021608123,7.168806844178706e-05,3.3274652441370394e-05,1.5444734088627633e-05,7.168808992859804e-06,1.0052939692032363,1.0024274429853293,0.9966942400097984,0.9937790915120477,0.9898887067805635,0.9773503290586554,0.9496972832369206,0.8937547053344019,0.7962698753156037,0.6550502625225256,0.4864789253624071,0.320413581048987,0.18543941085121496,0.09501993599298864,0.05512972447644238,0.028215174449046643,-0.013154066920094465,-0.03383868758067981,35444.9982277299,5814819.759556753,3.7144995488287716e-07,2.166750008161056e-07,96.93227884931382,0.6961815733633624,0.6949270088345867,0.032302642858240804,0.026274416083540676,,,464158.7579089842,0.005560104254452457,1000000.0
3-2,6,7.0,0,0.00023406418576190656,0.876763313609,35.544610349650455,12510.0,12510.0,12510.0,12510.0,12510.0,12510.0,12510.0,12510.0,12510.0,12510.0,12510.0,12510.0,12510.0,12510.0,12510.0,12510.0,12510.0,12510.0,29514351.374427654,13706049.07052358,6368487.966506795,2962693.0543533172,1381864.2330935253,648107.9151281294,307528.4137442766,149445.39070523583,76069.77966506794,42011.83054353317,26203.54233093525,18865.97915128129,15460.184137442766,13879.353907052358,13145.59779665068,12805.018305435331,12646.935423309353,12573.559791512813,1.215999843928415e-07,1.216000007149202e-07,1.2160000787133774e-07,1.2160001868657147e-07,1.2159999930617597e-07,1.2160002306821072e-07,1.215999843928415e-07,1.2160000071492022e-07,1.216000078713377e-07,1.2160001868657147e-07,1.2159999930617597e-07,1.2160002306821072e-07,1.215999843928415e-07,1.216000007149202e-07,1.2160000787133774e-07,1.2160001868657144e-07,1.2159999930617597e-07,1.2160002306821072e-07,1.2154844282970645e-07,1.2148901205574377e-07,1.2136114173757557e-07,1.2108656143471954e-07,1.204991559998008e-07,1.1925285795407602e-07,1.1665339820188416e-07,1.1142092458707843e-07,1.0160236747894687e-07,8.539078395225761e-08,6.354616932745772e-08,4.0967246132273014e-08,2.3204273757659627e-08,1.1997203702107268e-08,5.879435707018182e-09,2.8015759601522392e-09,1.3166310115507004e-09,6.146924373307334e-10,0.9995761384066586,0.9990872643213495,0.9980356404745062,0.9957774903540484,0.9909470122314447,0.980697658973156,0.959320832024313,0.9162904928618738,0.8355457311026665,0.7022267337997331,0.522583632319398,0.3369016312545657,0.19082464420962247,0.09866121407543067,0.04835061946080695,0.023039272447592334,0.010827557722558554,0.005055035532237735,3.587423450690488,1.6651343607654552,0.7728869707572754,0.35874231453816985,0.16651347379408177,0.0772887211416872,0.035874234506904884,0.016651343607654554,0.007728869707572753,0.003587423145381698,0.0016651347379408176,0.0007728872114168717,0.0003587423450690488,0.00016651343607654553,7.728869707572754e-05,3.5874231453816984e-05,1.6651347379408178e-05,7.728872114168718e-06,1.004583596679508,1.002107188825903,0.9971542224267029,0.9946547503279763,0.991358372553254,0.980667308604664,0.9568765841889757,0.9076572401047258,0.8190035150122394,0.6856635648432619,0.5203486229117082,0.35126368657967255,0.20852830685099555,0.10924485942093476,0.06360806038849987,0.03256059194903216,-0.013962153331329219,-0.037223525900208984,35444.9982277299,6753120.42328144,3.445333325047437e-07,2.0492504430251585e-07,104.7781863057511,0.7150375965307526,0.7134852446277219,0.03718673984772525,0.030845566505385714,,,464158.7281686229,0.005994485034714912,1000000.0
3-2,6,7.0,1,0.0005551216391993056,0.444473372781,26.778775687645762,12510.0,12510.0,12510.0,12510.0,12510.0,12510.0,12510.0,12510.0,12510.0,12510.0,12510.0,12510.0,12510.0,12510.0,12510.0,12510.0,12510.0,12510.0,28289501.792089533,13137524.266366906,6104600.3168737,2840207.8558920864,1325011.8624492406,621719.2676435572,295279.9179208953,143760.14266366904,73430.903168737,40786.97855892086,25635.018624492404,18602.09267643557,15337.699179208952,13822.50142663669,13119.209031687371,12792.76978558921,12641.250186244923,12570.920926764355,1.2420568607708425e-07,1.24205703226609e-07,1.2420572893285643e-07,1.2420572736922212e-07,1.2420569595319378e-07,1.2420573197814073e-07,1.2420568607708425e-07,1.2420570322660903e-07,1.242057289328564e-07,1.2420572736922212e-07,1.2420569595319376e-07,1.2420573197814073e-07,1.2420568607708428e-07,1.24205703226609e-07,1.2420572893285643e-07,1.2420572736922212e-07,1.2420569595319378e-07,1.2420573197814073e-07,1.2415076064417124e-07,1.2408743030730847e-07,1.2395119733565173e-07,1.2365864992692666e-07,1.2303301720184866e-07,1.2170651120775057e-07,1.189435160529088e-07,1.1339732951067534e-07,1.0304551433792596e-07,8.610990109603227e-08,6.359277894560096e-08,4.067675843341406e-08,2.2898891970012556e-08,1.17938249850486e-08,5.767668742105347e-09,2.745427885109793e-09,1.2895892800441127e-09,6.019231483226835e-10,0.9995577864858868,0.9990477657931315,0.9979507257886447,0.9955953927899864,0.9905585750931499,0.9798783781506152,0.9576334208974163,0.9129800529673407,0.8296357601478325,0.6932844637675709,0.5119956734477423,0.3274950180284181,0.18436267044812338,0.09495397295509993,0.04643641474237678,0.022103875105119374,0.010382690344008759,0.00484617850348982,3.5121631657325607,1.6302016268133772,0.7566725185320943,0.35121626897146646,0.16302020726537092,0.07566728301553506,0.03512163165732561,0.016302016268133775,0.007566725185320942,0.0035121626897146644,0.0016302020726537093,0.0007566728301553505,0.00035121631657325606,0.00016302016268133774,7.566725185320941e-05,3.512162689714664e-05,1.6302020726537095e-05,7.5667283015535055e-06,1.00477412677757,1.0021932954155304,0.9970314820401676,0.9944212779603863,0.9909675805073554,0.9797846520113307,0.9549559856639149,0.9038989990842072,0.8127749708523879,0.677157176244986,0.5108066340203212,0.3424528030986469,0.20184284472937009,0.10507215146809656,0.0611079749084702,0.03127568722865881,-0.013750051714948697,-0.03626292113040859,35444.9982277299,6474217.398308534,3.5191616766794166e-07,2.0817905124821475e-07,102.52650578575869,0.7097582236609122,0.7082935162458356,0.03574462633001893,0.02948856815197366,,,464158.75207406183,0.005868727441029197,1000000.0
3-2,6,7.0,2,-8.526977136151881e-05,0.625431952663,30.5016678166279,12510.0,12510.0,12510.0,12510.0,12510.0,12510.0,12510.0,12510.0,12510.0,12510.0,12510.0,12510.0,12510.0,12510.0,12510.0,12510.0,12510.0,12510.0,27139372.182330932,12603681.866769783,5856815.858660271,2725194.414784972,1271627.124463629,596940.4342517985,283778.62182330934,138421.71866769786,70953.05858660271,39636.84414784972,25101.171244636294,18354.304342517986,15222.686218233093,13769.11718667698,13094.430585866028,12781.268441478496,12635.911712446363,12568.443043425179,1.2681140096380738e-07,1.2681141662376828e-07,1.2681140851223733e-07,1.26811455602777e-07,1.2681143338435009e-07,1.268114526282769e-07,1.2681140096380738e-07,1.268114166237683e-07,1.268114085122373e-07,1.26811455602777e-07,1.2681143338435006e-07,1.268114526282769e-07,1.2681140096380738e-07,1.268114166237683e-07,1.2681140851223733e-07,1.2681145560277696e-07,1.268114333843501e-07,1.2681145262827688e-07,1.267529467514034e-07,1.2668554778331892e-07,1.2654054277925679e-07,1.2622932784668588e-07,1.255638891938254e-07,1.2415388215498814e-07,1.2122109040459623e-07,1.1535070917675444e-07,1.0445281323685855e-07,8.678780226465414e-08,6.361075576747553e-08,4.037879668147528e-08,2.259782109266122e-08,1.1596272438754367e-08,5.6598463969329886e-09,2.6914344284756825e-09,1.263624271723414e-09,5.896710680199571e-10,0.9995390460797711,0.9990074328968125,0.9978640270922121,0.9954095018204463,0.9901622104787389,0.9790431351568937,0.9559163409857238,0.9096240090037305,0.8236862476515971,0.6843845601497348,0.5016168816157062,0.31841600931611336,0.17820023216296424,0.09144501928528158,0.04463199694203233,0.02122390611859473,0.009964592608093324,0.0046499827562772504,3.43999539709351,1.5967043413784132,0.7411246577130297,0.34399945922984954,0.15967044735201394,0.07411247232764526,0.03439995397093511,0.01596704341378414,0.007411246577130296,0.003439994592298495,0.0015967044735201393,0.0007411247232764524,0.00034399953970935105,0.00015967043413784134,7.411246577130295e-05,3.439994592298495e-05,1.5967044735201395e-05,7.411247232764525e-06,1.0049680157775929,1.0022807990713467,0.9969062150490604,0.9941828459982389,0.9905676757648436,0.9788813324999044,0.9529979398217225,0.9000978311079137,0.8065392498710899,0.6687324730598245,0.5014566515228758,0.3339105784011558,0.19543076642091428,0.1011112628121893,0.058744919758634495,0.030063993906461306,-0.013529617726987908,-0.035326423500738946,35444.9982277299,6212329.214751524,3.592990280931096e-07,2.1140923706774646e-07,100.33927401839107,0.704561069613467,0.703179388718916,0.034383099542055845,0.028212827049911647,,,464158.76964481344,0.005748136085387726,1000000.0
3-2,6,7.0,3,3.6029326164886546e-05,0.40426035503,25.977931468531537,12510.0,12510.0,12510.0,12510.0,12510.0,12510.0,12510.0,12510.0,12510.0,12510.0,12510.0,12510.0,12510.0,12510.0,12510.0,12510.0,12510.0,12510.0,26058009.07356115,12101760.279293368,5623841.785928057,2617060.076319744,1221435.8409984014,573643.2604709911,272964.99073561147,133402.50279293366,68623.31785928058,38555.500763197444,24599.25840998401,18121.332604709914,15114.549907356115,13718.925027929336,13071.133178592805,12770.455007631976,12630.89258409984,12566.1133260471,1.2941712244257953e-07,1.2941712441030938e-07,1.2941714664492543e-07,1.2941713098689253e-07,1.2941709479794024e-07,1.2941716543862142e-07,1.2941712244257953e-07,1.294171244103094e-07,1.294171466449254e-07,1.294171309868925e-07,1.2941709479794024e-07,1.2941716543862142e-07,1.2941712244257953e-07,1.2941712441030938e-07,1.294171466449254e-07,1.294171309868925e-07,1.2941709479794024e-07,1.2941716543862142e-07,1.2935499151779603e-07,1.2928334153996587e-07,1.2912926363431528e-07,1.287984947074676e-07,1.2809159917911275e-07,1.2659483865261882e-07,1.2348592885840005e-07,1.1728085865459129e-07,1.0582445898374345e-07,8.742550134655273e-08,6.360178325728292e-08,4.007446780410211e-08,2.2301249877382388e-08,1.1404362982066847e-08,5.555773464248056e-09,2.6394783755750985e-09,1.2386746948123127e-09,5.779056269766377e-10,0.9995199172751577,0.9989662660876365,0.9977755419735844,0.99521982696798,0.9897579556943618,0.9781920213100236,0.9541699469727348,0.9062236484467017,0.8177004494936679,0.6755326801009617,0.4914480838608285,0.3096534193766452,0.17232070576501285,0.08812097343401004,0.04292919144239149,0.020395123546993375,0.009571182978154959,0.004465448034022354,3.370733542681155,1.564556007422677,0.7262025486127826,0.33707339838899325,0.15645567016816972,0.07262027600348732,0.03370733542681155,0.015645560074226773,0.007262025486127826,0.003370733983889933,0.0015645567016816973,0.0007262027600348732,0.0003370733542681155,0.00015645560074226773,7.262025486127826e-05,3.3707339838899325e-05,1.5645567016816973e-05,7.262027600348731e-06,1.0051647420133343,1.00236925624991,0.9967781341556066,0.9939391716940911,0.9901582216270643,0.9779578498798518,0.95100413247701,0.8962561331597154,0.8002996780705196,0.6603915281712744,0.49229590566741166,0.32562843697320254,0.18927951604221072,0.09734937955738587,0.05650954941236108,0.0289201496849536,-0.013302945665833121,-0.034414493310204484,35444.9982277299,5966099.665425031,3.666818500362376e-07,2.146160802294382e-07,98.23296662358095,0.6994443234467709,0.6981412668964734,0.033096383887114444,0.027012327935732588,,,464158.73474775674,0.005632404107910868,1000000.0
3-2,6,7.0,4,8.19382393457618e-05,0.414313609467,26.177352626262696,12510.0,12510.0,12510.0,12510.0,12510.0,12510.0,12510.0,12510.0,12510.0,12510.0,12510.0,12510.0,12510.0,12510.0,12510.0,12510.0,12510.0,12510.0,25040040.93066027,11629261.5917514,5404529.723130296,2515261.9470895287,1174186.0760359713,551711.8980839648,262785.3093066027,128677.51591751396,66430.19723130295,37537.519470895284,24126.760760359713,17902.01898083965,15012.753093066029,13671.67515917514,13049.201972313029,12760.275194708951,12626.167607603596,12563.920189808396,1.320228420606686e-07,1.320228424257734e-07,1.3202283625931557e-07,1.3202288528508286e-07,1.3202280451351777e-07,1.3202287415095658e-07,1.320228420606686e-07,1.3202284242577345e-07,1.3202283625931557e-07,1.3202288528508286e-07,1.3202280451351777e-07,1.3202287415095655e-07,1.3202284206066858e-07,1.320228424257734e-07,1.3202283625931557e-07,1.3202288528508288e-07,1.320228045135178e-07,1.3202287415095658e-07,1.3195688347223209e-07,1.318808208755902e-07,1.3171723970120332e-07,1.313662513719322e-07,1.306162086441136e-07,1.2902927158163676e-07,1.2573784173649916e-07,1.191876105131124e-07,1.0716056352131179e-07,8.802407241208631e-08,6.356747804558611e-08,3.976477983231216e-08,2.2009325956031208e-08,1.121791256039234e-08,5.455274111966627e-09,2.5894467647894262e-09,1.2146815903359938e-09,5.665985079278176e-10,0.9995004001776739,0.9989242653197452,0.9976852750117259,0.9950263629541746,0.989345811319588,0.977325121964116,0.952394599100652,0.9027802183559461,0.8116820283335681,0.6667334396003542,0.4814886206956577,0.30119613807865314,0.16670846962919675,0.08496948220683352,0.04132068562177781,0.019613620465860283,0.009200543760692667,0.004291669239680102,3.304205763227059,1.5336765648971473,0.7118697370138312,0.33042053320761866,0.15336773349452745,0.0711869843326962,0.03304205763227059,0.015336765648971474,0.00711869737013831,0.003304205332076186,0.0015336773349452746,0.000711869843326962,0.0003304205763227059,0.00015336765648971476,7.11869737013831e-05,3.3042053320761855e-05,1.5336773349452748e-05,7.11869843326962e-06,1.0053652111343498,1.0024594280970867,0.9966477114982304,0.9936904848929888,0.9897394012642291,0.9770135253039509,0.9489742639726444,0.892376387168424,0.7940602738141713,0.652136613260458,0.4833218535261459,0.317597538715658,0.18337632417538785,0.09377450558886302,0.054393359912623396,0.027839278847755722,-0.013071786682713693,-0.03352731942761294,35444.9982277299,5734304.916289927,3.740647139599127e-07,2.1780007937072917e-07,96.2376753258645,0.6944060496753036,0.6931773534667856,0.03187920025896888,0.0258816076477831,,,464158.69336235337,0.005521238388712952,1000000.0
3-2,6,7.0,5,0.0001260365647210357,0.444473372781,26.778775687645762,12510.0,12510.0,12510.0,12510.0,12510.0,12510.0,12510.0,12510.0,12510.0,12510.0,12510.0,12510.0,12510.0,12510.0,12510.0,12510.0,12510.0,12510.0,24080606.12298641,11183930.975719424,5197823.313848921,2419319.784172662,1129652.1452310153,531041.4563327339,253190.96122986407,124224.20975719424,64363.13313848921,36578.097841726616,23681.42145231015,17695.314563327338,14916.80961229864,13627.142097571943,13028.531331384891,12750.680978417266,12621.714214523103,12561.853145633273,1.346285636466716e-07,1.346285664116077e-07,1.3462858866895446e-07,1.34628572094879e-07,1.3462857800762265e-07,1.3462860182128268e-07,1.3462856364667163e-07,1.3462856641160771e-07,1.3462858866895446e-07,1.34628572094879e-07,1.3462857800762265e-07,1.3462860182128268e-07,1.346285636466716e-07,1.3462856641160771e-07,1.3462858866895446e-07,1.34628572094879e-07,1.3462857800762265e-07,1.3462860182128268e-07,1.3455862340834796e-07,1.344779750524992e-07,1.3430456771969264e-07,1.3393242458766435e-07,1.3313767346857012e-07,1.314570908428084e-07,1.279766542616015e-07,1.210707955946219e-07,1.0846137830918617e-07,8.858453108994533e-08,6.350938804400402e-08,3.9450649332397564e-08,2.1722159730966572e-08,1.1036741086083254e-08,5.358174267641068e-09,2.5412396804187825e-09,1.19159137886184e-09,5.557234602021787e-10,0.9994804948041548,0.9988814308647683,0.9975932233081741,0.9948291250781146,0.9889257944998265,0.9764425171503717,0.9505906532396211,0.8992949923010033,0.805634073576213,0.6579920570465212,0.47173779136557564,0.2930331950172644,0.1613488188730565,0.08197919193717018,0.0397996764328903,0.01887593131885743,0.008850954206724014,0.004127826128209315,3.240253210747686,1.5039923907416697,0.6980914132498196,0.3240253645471494,0.15039925844483665,0.06980916496642946,0.03240253210747686,0.015039923907416701,0.006980914132498195,0.0032402536454714938,0.0015039925844483664,0.0006980916496642944,0.00032402532107476864,0.000150399239074167,6.980914132498196e-05,3.240253645471494e-05,1.5039925844483668e-05,6.980916496642945e-06,1.0055690489138909,1.002551015103382,0.996514797001927,0.9934367121765479,0.9893110175689124,0.9760490217088282,0.9469094919207421,0.8884603691650099,0.787824133540882,0.6439693578443482,0.47453154269161857,0.3098098555706592,0.177709737692485,0.09037534280942516,0.05238843246632996,0.026816916442268024,-0.012837639744706308,-0.032664917827415006,35444.9982277299,5515837.709520714,3.814476191305807e-07,2.2096169385490793e-07,94.34307233835132,0.6894444325632727,0.6882860586337206,0.030726716004770248,0.024815626829180364,,,464158.7121556163,0.0054143732878973476,1000000.0
3-2,6,7.0,6,-7.438606858951148e-06,0.484686390533,27.590782672882746,12510.0,12510.0,12510.0,12510.0,12510.0,12510.0,12510.0,12510.0,12510.0,12510.0,12510.0,12510.0,12510.0,12510.0,12510.0,12510.0,12510.0,12510.0,23175305.125506792,10763726.160231015,5002783.426343725,2328789.1974492404,1087632.5514180656,511537.4128345325,244137.95125506795,120022.16160231015,62412.73426343725,35672.7919744924,23261.225514180656,17500.274128345325,14826.279512550678,13585.121616023102,13009.027342634374,12741.627919744924,12617.512255141806,12559.902741283453,1.3723427681364084e-07,1.3723428794214144e-07,1.3723428486406879e-07,1.372342996599413e-07,1.372342429905317e-07,1.3723430515263144e-07,1.3723427681364084e-07,1.3723428794214144e-07,1.3723428486406876e-07,1.3723429965994129e-07,1.372342429905317e-07,1.3723430515263146e-07,1.3723427681364084e-07,1.3723428794214144e-07,1.3723428486406879e-07,1.3723429965994129e-07,1.3723424299053174e-07,1.3723430515263146e-07,1.3716019792692752e-07,1.3707478918524262e-07,1.3689111572054575e-07,1.3649709206269452e-07,1.3565576836914129e-07,1.3387814563353337e-07,1.3020218371171673e-07,1.229302550932351e-07,1.097270633986051e-07,8.910795479819197e-08,6.342900092514935e-08,3.913291857613755e-08,2.1439832126061063e-08,1.0860671961310458e-08,5.264318283781587e-09,2.4947593469296735e-09,1.1693559434093772e-09,5.452564535182404e-10,0.9994602012818276,0.9988377630744435,0.9974993920516078,0.994628109743165,0.9884979536667146,0.9755443107656983,0.9487584788203209,0.8957692493370389,0.7995601354813799,0.6493125626683443,0.4621951456352299,0.2851540548306349,0.15622796741353168,0.07913963867316719,0.038360081003051966,0.01817883250114253,0.008520875824629683,0.0039731789577817905,3.1787294380314495,1.4754354942613472,0.6848366049404473,0.31787295347883743,0.14754362946590724,0.06848368025246243,0.031787294380314496,0.014754354942613478,0.006848366049404472,0.0031787295347883737,0.0014754362946590724,0.0006848368025246241,0.000317872943803145,0.00014754354942613475,6.848366049404471e-05,3.1787295347883736e-05,1.4754362946590726e-05,6.848368025246241e-06,1.0057757487273802,1.002643602242351,0.9963791588365556,0.9931777442372134,0.9888732518762868,0.9750642496314299,0.9448108197965244,0.8845107580534144,0.7815941215557594,0.6358912181070266,0.4659222503461322,0.3022573509956157,0.17226881301623997,0.0871417101827916,0.0504874429796871,0.025848988785766025,-0.012601804996659638,-0.031827201885634836,35444.9982277299,5309697.445942321,3.88830447439216e-07,2.2410131780268396e-07,92.53946430760723,0.684557762068766,0.6834658703753811,0.029634521391954632,0.02380982701319005,,,464158.6763902272,0.005311570645556596,1000000.0
3-2,6,7.0,7,5.0544964084124744e-05,0.40426035503,25.977931468531537,12510.0,12510.0,12510.0,12510.0,12510.0,12510.0,12510.0,12510.0,12510.0,12510.0,12510.0,12510.0,12510.0,12510.0,12510.0,12510.0,12510.0,12510.0,22320140.16166987,10366795.602916867,4818543.681919265,2243272.4661518782,1047939.0063021582,493113.3330814468,235586.30161669865,116052.85602916867,60570.33681919265,34817.624661518785,22864.29006302158,17316.03333081447,14740.763016166986,13545.428560291686,12990.603368191927,12733.076246615188,12613.542900630215,12558.060333308144,1.3983998320269568e-07,1.3983998223951273e-07,1.398399916948416e-07,1.3984001421044654e-07,1.3983996714929977e-07,1.3984002731256067e-07,1.398399832026957e-07,1.3983998223951273e-07,1.398399916948416e-07,1.398400142104465e-07,1.3983996714929977e-07,1.3984002731256067e-07,1.398399832026957e-07,1.3983998223951273e-07,1.398399916948416e-07,1.3984001421044649e-07,1.3983996714929977e-07,1.3984002731256067e-07,1.397616056397774e-07,1.396712321025539e-07,1.3947693629645084e-07,1.3906017199147005e-07,1.3817059710150395e-07,1.3629236671545574e-07,1.324142620217078e-07,1.2476583208351305e-07,1.1095789547463128e-07,8.959538681901621e-08,6.332772976008637e-08,3.8812343416444606e-08,2.116239589279429e-08,1.0689533434618454e-08,5.173552691250095e-09,2.4499174349147127e-09,1.1479277421690262e-09,5.351748712845439e-10,0.9994395196486496,0.9987932625973178,0.997403779891642,0.9944233256598298,0.9880622823229533,0.9746305784882645,0.9468984405538402,0.8922042901136723,0.7934632584701756,0.6406992113443533,0.45285858578953114,0.2775481681628533,0.1513329407521435,0.07644118129470165,0.036996231396665163,0.017519430677601405,0.008208867361527943,0.0038270506776172056,3.1194986270998615,1.4479431148147368,0.672075710164719,0.3119498549668094,0.1447943582267259,0.06720758322461723,0.031194986270998617,0.014479431148147372,0.006720757101647189,0.0031194985496680937,0.0014479435822672589,0.0006720758322461722,0.00031194986270998614,0.00014479431148147368,6.72075710164719e-05,3.119498549668094e-05,1.4479435822672593e-05,6.720758322461721e-06,1.0059859618195006,1.0027377487469344,0.9962411722115458,0.9929138571096434,0.9884259703873752,0.9740591215008116,0.9426785016638135,0.880529310284091,0.7753735187634394,0.6279036351505276,0.45749088498703294,0.2949321265711209,0.16704284677263104,0.08406371629934561,0.048683705556499035,0.02493176474175307,-0.012365339089605243,-0.031013891010669058,35444.9982277299,5114973.480846774,3.9621329555085386e-07,2.2721940416251892e-07,90.81812103206498,0.6797441951108653,0.6787151017867603,0.028598552281622676,0.022859991299464682,,,464158.7269511027,0.005212596881780908,1000000.0
3-2,3,21.0,0,0.00047495717419029926,0.464579881657,23.30836246309253,12510.0,12510.0,12510.0,12510.0,12510.0,12510.0,12510.0,12510.0,12510.0,12510.0,12510.0,12510.0,12510.0,12510.0,12510.0,12510.0,12510.0,12510.0,44701696.27006316,20755392.01638689,9640503.706871303,4481426.3426890485,2086798.0690647482,975309.640607514,459401.86270063143,219938.8201638689,108789.93706871303,57199.16342689049,33252.88069064748,22137.996406075137,16978.918627006315,14584.28820163869,13472.799370687131,12956.891634268904,12717.428806906473,12606.279964060752,9.879998020407241e-08,9.879998566150586e-08,9.879998887655305e-08,9.880001518283931e-08,9.879999943626797e-08,9.879999658305988e-08,9.879998020407241e-08,9.879998566150587e-08,9.879998887655302e-08,9.880001518283931e-08,9.879999943626797e-08,9.879999658305989e-08,9.879998020407241e-08,9.879998566150586e-08,9.879998887655302e-08,9.880001518283931e-08,9.879999943626797e-08,9.879999658305988e-08,9.877233052060433e-08,9.874043545789373e-08,9.867178106724897e-08,9.852421277186058e-08,9.82077102199464e-08,9.753271908902816e-08,9.610955194788927e-08,9.318029642381446e-08,8.743875552952927e-08,7.719151401101524e-08,6.163064847247795e-08,4.296892973389834e-08,2.6004546083373494e-08,1.405208411588481e-08,7.060490139948492e-09,3.407676894825169e-09,1.611486591872703e-09,7.545810617675034e-10,0.9997201448480966,0.9993972650581535,0.9987023499621617,0.9972084780506528,0.9940051698410827,0.9871733042726744,0.9727689393193598,0.9431205460196648,0.8850077466990486,0.7812905075790183,0.6237919921470596,0.4349082107282758,0.2632039604629558,0.1422275926641125,0.07146245885483161,0.0344906515299509,0.016310593128213632,0.007637460403484294,4.415290718818343,2.0493964457973326,0.9512456711424073,0.44152900250851673,0.20493966005425449,0.09512460120219367,0.04415290718818343,0.02049396445797333,0.009512456711424073,0.004415290025085167,0.0020493966005425447,0.0009512460120219365,0.0004415290718818343,0.00020493964457973327,9.512456711424073e-05,4.415290025085167e-05,2.0493966005425454e-05,9.512460120219366e-06,1.0030665611122629,1.0014173828672632,0.9981188753639785,0.9964815590601201,0.9943836777926283,0.9875081173173665,0.9720021202150537,0.9383455857953589,0.8725306861878845,0.7630486010158606,0.6123012364705644,0.4412502482672327,0.28101921616241654,0.1572566635638637,0.0931786599799782,0.04803236596163174,-0.014941700205763908,-0.046428732981730246,35444.9982277299,10211334.282012613,2.799333042430616e-07,1.753493768403228e-07,128.5970867136028,0.7650300418965712,0.7624877210249296,0.054425751316118584,0.047419451263595896,,,464158.65748896543,0.00737782772117581,1000000.0
3-2,3,21.0,1,0.00029564454221753066,0.484686390533,23.661417940948006,12510.0,12510.0,12510.0,12510.0,12510.0,12510.0,12510.0,12510.0,12510.0,12510.0,12510.0,12510.0,12510.0,12510.0,12510.0,12510.0,12510.0,12510.0,41104083.808384486,19085525.936870504,8865420.97036051,4121665.9263317343,1919810.7298489208,897801.330842526,423425.7380838449,203240.15936870506,101039.10970360512,53601.559263317344,31583.00729848921,21362.91330842526,16619.15738083845,14417.30159368705,13395.291097036052,12920.915592633171,12700.730072984892,12598.529133084252,1.0303426881026931e-07,1.0303428087448349e-07,1.0303428132413302e-07,1.0303429719017115e-07,1.0303431527967645e-07,1.0303429019798642e-07,1.0303426881026931e-07,1.0303428087448352e-07,1.0303428132413301e-07,1.0303429719017115e-07,1.0303431527967645e-07,1.0303429019798642e-07,1.0303426881026931e-07,1.0303428087448352e-07,1.0303428132413302e-07,1.0303429719017115e-07,1.0303431527967645e-07,1.0303429019798644e-07,1.0300291040051068e-07,1.0296674493871714e-07,1.0288888959782084e-07,1.0272156950168618e-07,1.0236291613386055e-07,1.0159860623751912e-07,9.999014894016062e-08,9.669223283760196e-08,9.027725225740804e-08,7.898725311973587e-08,6.222251822796217e-08,4.2697998430680456e-08,2.5475661398403032e-08,1.3630667766730445e-08,6.809507257811356e-09,3.2767336794290973e-09,1.5472923493619742e-09,7.240159778037513e-10,0.9996956506789368,0.9993445294595822,0.9985888994959375,0.9969648195114313,0.9934837326380687,0.9860659596168561,0.9704552678903925,0.9384472043376763,0.8761865574954324,0.7666112670613799,0.6039009242606728,0.4144057123956865,0.24725425523536015,0.13229255012062774,0.0660897244130766,0.03180235871732309,0.015017252700345533,0.007026941966723043,4.2338402616101085,1.9651744811630154,0.9121533194576283,0.423383992914417,0.1965174247324107,0.09121536389179044,0.04233840261610109,0.01965174481163016,0.009121533194576283,0.004233839929144169,0.001965174247324107,0.0009121536389179043,0.0004233840261610109,0.00019651744811630156,9.121533194576284e-05,4.2338399291441694e-05,1.9651742473241074e-05,9.121536389179041e-06,1.0033275545985452,1.0015366486192114,0.997954685702144,0.9961715323925997,0.9938745756156564,0.9863574558059724,0.9694302252011884,0.9329832521044548,0.8627985840653949,0.7483463640208363,0.5940600243184377,0.42263610851463085,0.2653889276007195,0.14648031011548213,0.08641145769798086,0.04444275952333321,-0.014954479859966341,-0.04465309930734061,35444.9982277299,9392144.35168508,2.919304723243099e-07,1.8100157018408175e-07,123.41953483329499,0.7552012089923916,0.7528750574719213,0.0504457655836192,0.04354538963389785,,,464158.67689052364,0.007074627254413037,1000000.0
3-2,3,21.0,2,0.0003234709445475469,0.474633136095,23.483529028749093,12510.0,12510.0,12510.0,12510.0,12510.0,12510.0,12510.0,12510.0,12510.0,12510.0,12510.0,12510.0,12510.0,12510.0,12510.0,12510.0,12510.0,12510.0,37924041.225019984,17609482.8253749,8180300.831427657,3803661.1462517986,1772206.6642885692,829289.728672262,391625.31225019984,188479.72825374897,94187.90831427657,50421.51146251799,30106.96664288569,20677.797286722624,16301.153122501999,14269.697282537489,13326.779083142766,12889.115114625181,12685.969666428859,12591.677972867228,1.0726855198533388e-07,1.0726855947094089e-07,1.0726856994883756e-07,1.0726859050521336e-07,1.0726858984224988e-07,1.0726855096318848e-07,1.0726855198533388e-07,1.0726855947094092e-07,1.0726856994883754e-07,1.0726859050521336e-07,1.0726858984224988e-07,1.0726855096318847e-07,1.0726855198533388e-07,1.0726855947094089e-07,1.0726856994883754e-07,1.0726859050521336e-07,1.0726858984224988e-07,1.0726855096318848e-07,1.0723316731793058e-07,1.0719235452544143e-07,1.0710452588276795e-07,1.0691579092196378e-07,1.0651138128076122e-07,1.0565038360122443e-07,1.0384198699231526e-07,1.0014880345572193e-07,9.302120174545474e-08,8.065435328192475e-08,6.269651206225055e-08,4.237142706057862e-08,2.494740726311564e-08,1.32280446364984e-08,6.574336054213751e-09,3.155154067863103e-09,1.4879444354014634e-09,6.958149512683989e-10,0.9996701300917333,0.999289587313605,0.9984707163883341,0.9967110634940951,0.992941003861408,0.9849148017062395,0.9680562016583654,0.9336268143216023,0.8671804032609163,0.7518916106015663,0.5844815537749922,0.3950032575262371,0.23256962829633918,0.12331707167263567,0.061288558776810616,0.02941358745372681,0.013871203467759273,0.006486663099487406,4.0667150580546645,1.8876019260272583,0.8761472421284716,0.40667143985065446,0.1887601797283458,0.08761477795077982,0.04066715058054665,0.018876019260272586,0.008761472421284716,0.0040667143985065445,0.0018876017972834576,0.0008761477795077982,0.00040667150580546646,0.00018876019260272584,8.761472421284715e-05,4.0667143985065436e-05,1.887601797283458e-05,8.761477795077982e-06,1.0035981098815485,1.0016599905457184,0.9977836009727419,0.9958481333651488,0.9933415261357652,0.9851521598662067,0.9667477368589985,0.9274553291585921,0.8529457313214532,0.7337692970051748,0.5763515331226063,0.40493791355046405,0.25083753893585303,0.1366562562138931,0.08030804050215146,0.04123138562032658,-0.014848985749742027,-0.042889171243078034,35444.9982277299,8668037.366853222,3.039275992489468e-07,1.865776770352477e-07,118.6617185227373,0.7456294750008519,0.743504307328346,0.04687541689408395,0.04009150506871022,,,464158.5761182048,0.006795366438358515,1000000.0
3-2,3,21.0,3,-0.0005099742419925047,0.40426035503,22.27391317793324,12510.0,12510.0,12510.0,12510.0,12510.0,12510.0,12510.0,12510.0,12510.0,12510.0,12510.0,12510.0,12510.0,12510.0,12510.0,12510.0,12510.0,12510.0,35099357.36369625,16298379.785151878,7571739.995974421,3521194.5695931255,1641096.9536722624,768433.0858994083,363378.4736369624,175368.6978515188,88102.29995974421,47596.84569593126,28795.86953672262,20069.230858994088,16018.684736369625,14138.586978515186,13265.922999597442,12860.868456959312,12672.858695367226,12585.59230858994,1.1150283437566195e-07,1.1150284565130806e-07,1.1150286203039872e-07,1.1150284800398366e-07,1.1150285848431955e-07,1.1150287999262129e-07,1.1150283437566195e-07,1.1150284565130806e-07,1.115028620303987e-07,1.1150284800398363e-07,1.1150285848431955e-07,1.1150287999262126e-07,1.1150283437566195e-07,1.1150284565130806e-07,1.1150286203039872e-07,1.1150284800398363e-07,1.1150285848431957e-07,1.1150287999262129e-07,1.1146309289425572e-07,1.1141726042029211e-07,1.1131863742618067e-07,1.111067038543319e-07,1.1065287777079895e-07,1.0968762625836148e-07,1.0766413572057014e-07,1.0354874314506205e-07,9.567012208334116e-08,8.219627089504979e-08,6.306185697679582e-08,4.1998421226451706e-08,2.442324694408718e-08,1.284372213227914e-08,6.353691177935862e-09,3.0420054723875384e-09,1.432921371490644e-09,6.697150127226477e-10,0.999643583218052,0.9992324390421068,0.9983478038064364,0.9964472284184384,0.9923770500140123,0.9837201179522903,0.9655730845176639,0.9286645783810747,0.8580059770776008,0.7371674568537764,0.5655626934951098,0.37665772605363157,0.21903700547919086,0.11518739326567551,0.05698231473380184,0.027281863439746912,0.012850983292882602,0.006006257531347765,3.9122829303583537,1.8159208249510914,0.8428757792971873,0.39122832225726506,0.18159210062472736,0.0842876011306937,0.03912282930358354,0.01815920824951092,0.008428757792971872,0.00391228322257265,0.0018159210062472736,0.0008428760113069369,0.0003912282930358353,0.00018159208249510917,8.428757792971872e-05,3.91228322257265e-05,1.8159210062472737e-05,8.428760113069368e-06,1.0038780928832367,1.0017873556624473,0.99760573037881,0.9955115300791739,0.9927846557781912,0.9838924350234777,0.9639565103534764,0.9217718702888522,0.8429957089798492,0.7193425884105835,0.5591763970720951,0.3881126422681671,0.23728120498595118,0.12768564090765366,0.07478955191279546,0.038348142684014874,-0.01465495049047938,-0.04115649692967952,35444.9982277299,8024846.537207992,3.159247389420375e-07,1.9208076820607e-07,114.24691564354092,0.7363072988693723,0.7343682236845159,0.04366176245269092,0.037002377616861024,,,464158.7704331616,0.006537315594121981,1000000.0
3-2,3,21.0,4,-0.0003193814226995506,0.464579881657,23.30836246309253,12510.0,12510.0,12510.0,12510.0,12510.0,12510.0,12510.0,12510.0,12510.0,12510.0,12510.0,12510.0,12510.0,12510.0,12510.0,12510.0,12510.0,12510.0,32578984.205660272,15128528.640480418,7028742.512473222,3269158.871801759,1524110.9351566748,714133.5156906475,338174.7420566027,163670.18640480418,82672.32512473222,45076.488718017594,27626.009351566747,19526.235156906474,15766.647420566029,14021.60186404804,13211.623251247323,12835.664887180177,12661.160093515668,12580.162351569064,1.1573713028179743e-07,1.1573713320121214e-07,1.157371565056162e-07,1.1573711588947956e-07,1.1573718119952452e-07,1.1573715994588014e-07,1.1573713028179743e-07,1.1573713320121217e-07,1.157371565056162e-07,1.1573711588947959e-07,1.1573718119952452e-07,1.1573715994588014e-07,1.1573713028179743e-07,1.1573713320121217e-07,1.157371565056162e-07,1.1573711588947956e-07,1.1573718119952452e-07,1.1573715994588011e-07,1.1569268839586611e-07,1.156414284852576e-07,1.1553116349544179e-07,1.1529422786336802e-07,1.1478720301656686e-07,1.1370970732097048e-07,1.1145570024057055e-07,1.0689085784617495e-07,9.822377671738868e-08,8.361679416622478e-08,6.332743506570809e-08,4.1587081382945035e-08,2.3905844834475183e-08,1.247706702720634e-08,6.146396888052652e-09,2.9364676563308615e-09,1.3817725235399045e-09,6.454917733804208e-10,0.9996160101272331,0.999173085479937,0.9982201652745425,0.9961733276079343,0.991791936064868,0.982482267355984,0.9630072904797068,0.9235657985440358,0.8486797125746072,0.7224717284822673,0.5471658667454072,0.3593234999233744,0.2065529426578065,0.10780521931120081,0.053106513704217324,0.025371875165223334,0.011938881776961589,0.005577221470461687,3.7691502679592976,1.7494846628652878,0.812038800375906,0.3769151478870631,0.17494843133359878,0.08120391305727921,0.03769150267959298,0.01749484662865288,0.00812038800375906,0.0037691514788706303,0.0017494843133359875,0.000812039130572792,0.0003769150267959298,0.00017494846628652878,8.12038800375906e-05,3.76915147887063e-05,1.749484313335988e-05,8.120391305727921e-06,1.0041675275580237,1.0019187592483547,0.9974210718483913,0.9951615491444752,0.9922034894069203,0.9825778576675415,0.9610588841766035,0.9159443410134571,0.8329708178960988,0.705087047196626,0.5425314503729126,0.3721174884734815,0.22464279350252525,0.11948145304912572,0.06978813125952144,0.035750754677788876,-0.014395762246582677,-0.03946902059702345,35444.9982277299,7450949.119461139,3.27921897929828e-07,1.9751366260826518e-07,110.11558260427277,0.7272267825364508,0.725459352189574,0.04075994228561295,0.03423111122856598,,,464158.69950757583,0.006298143502642436,1000000.0
3-2,3,21.0,5,-0.0004393312215711135,0.40426035503,22.27391317793324,12510.0,12510.0,12510.0,12510.0,12510.0,12510.0,12510.0,12510.0,12510.0,12510.0,12510.0,12510.0,12510.0,12510.0,12510.0,12510.0,12510.0,12510.0,30320738.948118307,14080346.938449241,6542219.844719423,3043333.8043557154,1419293.4791758594,665481.153067634,315592.28948118305,153188.3693844924,77807.09844719425,42818.238043557154,26577.834791758592,19039.711530676337,15540.82289481183,13916.783693844924,13162.970984471942,12813.082380435571,12650.678347917587,12575.297115306763,1.199714205788195e-07,1.1997141116039997e-07,1.1997143481784916e-07,1.1997141438934613e-07,1.1997143320659045e-07,1.1997144550453926e-07,1.199714205788195e-07,1.1997141116039997e-07,1.1997143481784914e-07,1.1997141438934613e-07,1.1997143320659045e-07,1.1997144550453926e-07,1.199714205788195e-07,1.1997141116039997e-07,1.1997143481784914e-07,1.199714143893461e-07,1.1997143320659045e-07,1.1997144550453923e-07,1.1992192170367636e-07,1.1986481986970397e-07,1.1974202604144085e-07,1.19478257052526e-07,1.1891397563954381e-07,1.1771617084147264e-07,1.1521578325349596e-07,1.101740462583062e-07,1.006821581384228e-07,8.491993953687841e-08,6.350172296970402e-08,4.11444747889555e-08,2.339722488792882e-08,1.2127358494668596e-08,5.951381796247658e-09,2.8378200325056624e-09,1.3341089352403243e-09,6.229506339928639e-10,0.9995874111108767,0.9991115275742362,0.9980878050116126,0.9958893763207652,0.9911857553187211,0.9812015713107226,0.9603602482793044,0.9183358367853586,0.8392177545537156,0.7078347785522116,0.5293070297856177,0.34295223014045256,0.19502332117970694,0.10108540340877127,0.04960665682863219,0.023654135003326842,0.011120221702636431,0.005192490857912469,3.6361212821338533,1.6877382494801563,0.7833786590152243,0.36361221857345405,0.16877383020808157,0.0783378931062898,0.036361212821338536,0.016877382494801564,0.007833786590152244,0.00363612218573454,0.0016877383020808153,0.0007833789310628979,0.00036361212821338536,0.00016877382494801565,7.833786590152243e-05,3.63612218573454e-05,1.6877383020808156e-05,7.83378931062898e-06,1.004466064519922,1.002053951391833,0.9972295744186344,0.9947981699962334,0.9915979276647722,0.9812085600401534,0.9580578437481471,0.9099832522218989,0.822890941927346,0.6910203980938938,0.5264109257685945,0.35691098468531024,0.21285172116793838,0.11196648304266787,0.06524466461175926,0.03340343099882226,-0.01408943071088764,-0.03783586148421244,35444.9982277299,6936739.3192193555,3.3991902399234726e-07,2.0287894406609867e-07,106.22109379965877,0.7183798362117568,0.7167702839242283,0.03813178156025583,0.03173785729162986,,,464158.6769764563,0.006075857864716045,1000000.0
3-2,3,21.0,6,-0.0003580047808231956,0.444473372781,22.958330054390117,12510.0,12510.0,12510.0,12510.0,12510.0,12510.0,12510.0,12510.0,12510.0,12510.0,12510.0,12510.0,12510.0,12510.0,12510.0,12510.0,12510.0,12510.0,28289501.792089533,13137524.266366906,6104600.3168737,2840207.8558920864,1325011.8624492406,621719.2676435572,295279.9179208953,143760.14266366904,73430.903168737,40786.97855892086,25635.018624492404,18602.09267643557,15337.699179208952,13822.50142663669,13119.209031687371,12792.76978558921,12641.250186244923,12570.920926764355,1.2420568607708425e-07,1.24205703226609e-07,1.2420572893285643e-07,1.2420572736922212e-07,1.2420569595319378e-07,1.2420573197814073e-07,1.2420568607708425e-07,1.2420570322660903e-07,1.242057289328564e-07,1.2420572736922212e-07,1.2420569595319376e-07,1.2420573197814073e-07,1.2420568607708428e-07,1.24205703226609e-07,1.2420572893285643e-07,1.2420572736922212e-07,1.2420569595319378e-07,1.2420573197814073e-07,1.2415076064417124e-07,1.2408743030730847e-07,1.2395119733565173e-07,1.2365864992692666e-07,1.2303301720184866e-07,1.2170651120775057e-07,1.189435160529088e-07,1.1339732951067534e-07,1.0304551433792596e-07,8.610990109603227e-08,6.359277894560096e-08,4.067675843341406e-08,2.2898891970012556e-08,1.17938249850486e-08,5.767668742105347e-09,2.745427885109793e-09,1.2895892800441127e-09,6.019231483226835e-10,0.9995577864858868,0.9990477657931315,0.9979507257886447,0.9955953927899864,0.9905585750931499,0.9798783781506152,0.9576334208974163,0.9129800529673407,0.8296357601478325,0.6932844637675709,0.5119956734477423,0.3274950180284181,0.18436267044812338,0.09495397295509993,0.04643641474237678,0.022103875105119374,0.010382690344008759,0.00484617850348982,3.5121631657325607,1.6302016268133772,0.7566725185320943,0.35121626897146646,0.16302020726537092,0.07566728301553506,0.03512163165732561,0.016302016268133775,0.007566725185320942,0.0035121626897146644,0.0016302020726537093,0.0007566728301553505,0.00035121631657325606,0.00016302016268133774,7.566725185320941e-05,3.512162689714664e-05,1.6302020726537095e-05,7.5667283015535055e-06,1.00477412677757,1.0021932954155304,0.9970314820401676,0.9944212779603863,0.9909675805073554,0.9797846520113307,0.9549559856639149,0.9038989990842072,0.8127749708523879,0.677157176244986,0.5108066340203212,0.3424528030986469,0.20184284472937009,0.10507215146809656,0.0611079749084702,0.03127568722865881,-0.013750051714948697,-0.03626292113040859,35444.9982277299,6474217.398308534,3.5191616766794166e-07,2.0817905124821475e-07,102.52650578575869,0.7097582236609122,0.7082935162458356,0.03574462633001893,0.02948856815197366,,,464158.75207406183,0.005868727441029197,1000000.0
3-2,3,21.0,7,-0.00036921086042343776,0.454526627219,23.13262356643363,12510.0,12510.0,12510.0,12510.0,12510.0,12510.0,12510.0,12510.0,12510.0,12510.0,12510.0,12510.0,12510.0,12510.0,12510.0,12510.0,12510.0,12510.0,26455810.534005594,12286404.684252597,5709547.368064747,2656841.657273382,1239898.4756546763,582213.6801846843,276943.00534005597,135248.94684252597,69480.37368064748,38953.31657273381,24783.88475654676,18207.03680184684,15154.33005340056,13737.38946842526,13079.703736806476,12774.433165727338,12632.738847565468,12566.970368018468,1.284399862898325e-07,1.2843998135995762e-07,1.284399892403879e-07,1.2843995998422816e-07,1.28440047106856e-07,1.2844002364560193e-07,1.284399862898325e-07,1.2843998135995762e-07,1.284399892403879e-07,1.2843995998422816e-07,1.2844004710685603e-07,1.2844002364560193e-07,1.284399862898325e-07,1.2843998135995762e-07,1.284399892403879e-07,1.2843995998422813e-07,1.2844004710685603e-07,1.2844002364560193e-07,1.2837925164606038e-07,1.283092039512603e-07,1.281585686369992e-07,1.2783518781235107e-07,1.2714414665947594e-07,1.2568023844904524e-07,1.226381274325819e-07,1.1655978410648924e-07,1.0531426063129155e-07,8.719099735989038e-08,6.360820153097913e-08,4.0189271296735646e-08,2.2411925476596493e-08,1.1475679626634322e-08,5.5943730300039775e-09,2.658731294288961e-09,1.2479149259218614e-09,5.822624865904334e-10,0.9995271360148301,0.9989818014039505,0.9978089331441626,0.9952914017417062,0.989910464247168,0.978513043534065,0.954828250727477,0.9075039008284055,0.819949154886534,0.6788463447870667,0.49523651667661045,0.3129030200712815,0.17449336553199757,0.08934663104997909,0.04355631811470777,0.020700187812386757,0.00971593326249449,0.004533341477708235,3.3963771580455986,1.5764588044594865,0.731727418256324,0.3396378522452208,0.1576458336314988,0.0731727541539073,0.033963771580455986,0.01576458804459487,0.007317274182563239,0.0033963785224522076,0.001576458336314988,0.0007317275415390727,0.00033963771580455983,0.00015764588044594866,7.31727418256324e-05,3.3963785224522075e-05,1.576458336314988e-05,7.3172754153907275e-06,1.0050905751891723,1.0023359329801522,0.9968264979786898,0.9940312742440565,0.9903130225840897,0.9783066130089342,0.9517556945573595,0.8977011355935236,0.8026398348064827,0.6635094925235876,0.4957092562319474,0.32870437175215095,0.19155638556269494,0.09873745933784939,0.057333438428859296,0.029341459486571964,-0.013388559596224425,-0.03475356910227179,35444.9982277299,6056681.002952782,3.639133081229341e-07,2.1341622106209616e-07,99.00932102331448,0.701353784587845,0.7000217562911968,0.03357048234345526,0.027454045710956887,,,464158.71553800727,0.0056752499921735085,1000000.0
3-2,5,21.0,0,0.00021345682616875477,0.896869822485,34.227091010101105,12510.0,12510.0,12510.0,12510.0,12510.0,12510.0,12510.0,12510.0,12510.0,12510.0,12510.0,12510.0,12510.0,12510.0,12510.0,12510.0,12510.0,12510.0,33579055.04461711,15592716.80627418,7244203.692089528,3369165.122079137,1570530.816319744,735679.1530222303,348175.4504461711,168312.0680627418,84826.93692089528,46076.55122079136,28090.20816319744,19741.691530222302,15866.654504461712,14068.020680627418,13233.169369208954,12845.665512207912,12665.802081631973,12582.316915302223,1.1399997598572463e-07,1.1399999206291004e-07,1.1399998211172322e-07,1.1399997672202714e-07,1.1399999934953996e-07,1.1400002402354853e-07,1.1399997598572463e-07,1.1399999206291004e-07,1.139999821117232e-07,1.1399997672202712e-07,1.1399999934953996e-07,1.1400002402354853e-07,1.1399997598572463e-07,1.1399999206291004e-07,1.1399998211172322e-07,1.1399997672202712e-07,1.1399999934953996e-07,1.1400002402354853e-07,1.1395750487694308e-07,1.1390853013754928e-07,1.1380311578426546e-07,1.1357668499926571e-07,1.1309193694347737e-07,1.1206148832537645e-07,1.0990393849154209e-07,1.0552680343703338e-07,9.718763655281669e-08,8.304844777710396e-08,6.32299949559374e-08,4.175999847399862e-08,2.4117152912947442e-08,1.2625396938032788e-08,6.229897982367841e-09,2.9788928056489875e-09,1.4023144440619205e-09,6.552155805053752e-10,0.9996274463357178,0.9991977023532573,0.9982731021197456,0.9962869139544339,0.9920345402522475,0.9829953044766758,0.9640698389735147,0.9256737788086793,0.8525232614297261,0.7284953046929639,0.5546490817255653,0.3663156988929443,0.2115540174847708,0.11074910365840691,0.05464823649061948,0.02613064398173166,0.012301003965466949,0.005747503880964358,3.826585329010094,1.7761434522537534,0.8244129515356678,0.3826586057808947,0.17761437204702057,0.08244130081762349,0.038265853290100946,0.017761434522537537,0.008244129515356677,0.0038265860578089467,0.0017761437204702054,0.0008244130081762348,0.0003826585329010094,0.00017761434522537537,8.244129515356677e-05,3.826586057808946e-05,1.7761437204702056e-05,8.244130081762347e-06,1.0040475344189066,1.0018642745762918,0.9974976040849821,0.995306744038265,0.9924449847625123,0.9831238626393315,0.9622603226390947,0.9183518383449716,0.8370912744815655,0.7109135872939252,0.5492964174310089,0.37858193647732286,0.22972142576326782,0.122759733835478,0.07178140797156551,0.03678419977770453,-0.014508711780072403,-0.04015516743312154,35444.9982277299,7678668.620017477,3.229999589767805e-07,1.9529309213076454e-07,111.77945390116787,0.7309234251930098,0.7290872944258889,0.041915298395437874,0.03533229247431082,,,464158.7761303355,0.006394117367148195,1000000.0
3-2,5,21.0,1,4.9242894454563856e-05,0.40426035503,24.74074994561002,12510.0,12510.0,12510.0,12510.0,12510.0,12510.0,12510.0,12510.0,12510.0,12510.0,12510.0,12510.0,12510.0,12510.0,12510.0,12510.0,12510.0,12510.0,30876846.998244606,14338464.192582734,6662031.947322142,3098942.254696243,1445105.1984684255,677461.960748713,321153.3699824461,155769.54192582733,79005.21947322143,43374.32254696243,26835.951984684252,19159.51960748713,15596.43369982446,13942.595419258274,13174.952194732214,12818.643225469625,12653.259519846843,12576.495196074871,1.1888569605658214e-07,1.1888570870132712e-07,1.1888568998425098e-07,1.1888573559410887e-07,1.188857306385458e-07,1.1888573683900958e-07,1.1888569605658216e-07,1.1888570870132714e-07,1.1888568998425095e-07,1.1888573559410887e-07,1.1888573063854583e-07,1.1888573683900958e-07,1.1888569605658216e-07,1.1888570870132712e-07,1.1888568998425098e-07,1.1888573559410887e-07,1.1888573063854583e-07,1.1888573683900958e-07,1.188375285718078e-07,1.1878198349088072e-07,1.1866244578586483e-07,1.1840581037122727e-07,1.1785655954991887e-07,1.166903950279176e-07,1.142546997891317e-07,1.0933788441253395e-07,1.0006085800961058e-07,8.459677233313784e-08,6.346528231098084e-08,4.126058765338907e-08,2.3526712952349676e-08,1.2215453190698348e-08,6.000272282497501e-09,2.8624930307123338e-09,1.3460178115532149e-09,6.285797639459004e-10,0.9995948420510451,0.9991275216207275,0.9981221945348028,0.9959631387190122,0.9913431907841319,0.981534018550393,0.9610466488311057,0.9196890493139097,0.8416560312924614,0.7115805097254229,0.5338343127480747,0.3470608733263145,0.19789355433602734,0.10274955101110476,0.05047093795134106,0.024077682796910572,0.011321945908256891,0.00528725968866306,3.6693281873612316,1.7031512170079466,0.7905330047728132,0.3669327689609468,0.17031512687919131,0.07905330381615494,0.036693281873612316,0.01703151217007947,0.00790533004772813,0.0036693276896094676,0.0017031512687919127,0.0007905330381615493,0.0003669328187361231,0.0001703151217007947,7.905330047728131e-05,3.669327689609467e-05,1.703151268791913e-05,7.905330381615493e-06,1.0043888694200078,1.0020191046209064,0.9972794242891663,0.9948926247217642,0.9917555825459186,0.9815647086013701,0.9588368982484177,0.9115239907175283,0.8254797745951432,0.6946084135813884,0.5304948462289332,0.360737090365685,0.21579791795691428,0.11383166142391055,0.06636895603092441,0.03398324630401994,-0.01417162003886041,-0.0382490531215419,35444.9982277299,7063366.120706309,3.368428459899426e-07,2.015095403671525e-07,107.19929365681556,0.7206264654342046,0.718977691426811,0.038781475471255274,0.03235263811969052,,,464158.7397655842,0.006131344544246318,1000000.0
3-2,5,21.0,2,0.00015828319976762378,0.40426035503,24.74074994561002,12510.0,12510.0,12510.0,12510.0,12510.0,12510.0,12510.0,12510.0,12510.0,12510.0,12510.0,12510.0,12510.0,12510.0,12510.0,12510.0,12510.0,12510.0,28488275.981019985,13229792.244451638,6147429.0372502,2860088.1638057553,1334238.4019856115,626001.8626783054,297267.65981019987,144682.82244451638,73859.19037250201,40985.78163805755,25727.284019856117,18644.918626783052,15357.576598101998,13831.728224445164,13123.491903725022,12794.757816380574,12642.17284019856,12571.34918626783,1.2377141996184616e-07,1.237714127449415e-07,1.2377142090706441e-07,1.2377139812104203e-07,1.237714177331717e-07,1.2377145205157163e-07,1.2377141996184613e-07,1.2377141274494154e-07,1.2377142090706441e-07,1.2377139812104203e-07,1.2377141773317166e-07,1.237714520515716e-07,1.2377141996184616e-07,1.237714127449415e-07,1.2377142090706441e-07,1.2377139812104203e-07,1.237714177331717e-07,1.2377145205157163e-07,1.2371706846424222e-07,1.2365437535351244e-07,1.235195464297561e-07,1.2323002313474307e-07,1.2261092015377532e-07,1.2129800755008e-07,1.1856271187462499e-07,1.130695177495422e-07,1.0280746953231657e-07,8.599292645084507e-08,6.358704558386319e-08,4.072572274809573e-08,2.294949315380695e-08,1.182731231772762e-08,5.786018324701572e-09,2.7546338559215486e-09,1.2940196296935708e-09,6.0401455357283e-10,0.9995608719878896,0.999054406919712,0.9979650029428244,0.995626008960733,0.9906238645347167,0.9800160339036742,0.9579167138195004,0.9135350016772211,0.8306236510729813,0.6947721990402697,0.5137457964725356,0.3290397104748082,0.18541835555317512,0.09555770638330215,0.04674761170469303,0.022255819177445665,0.01045491482115231,0.004880079724047807,3.5244859899720757,1.6359216960444107,0.759327646390257,0.352448730593188,0.1635921981719586,0.07593277866551724,0.03524485989972077,0.01635921696044411,0.007593276463902569,0.0035244873059318794,0.0016359219817195859,0.0007593277866551724,0.00035244859899720757,0.0001635921696044411,7.59327646390257e-05,3.524487305931879e-05,1.635921981719586e-05,7.593277866551723e-06,1.0047416728899352,1.0021784827939229,0.997051951943762,0.9944606561409,0.9910336475545591,0.9799333990387495,0.9552785655660347,0.9045281487598515,0.8138135560134945,0.6785693642230264,0.5123837494087926,0.343902528285696,0.20293774248442986,0.10575247558998768,0.061514867069888624,0.031484601690124236,-0.013786032175346463,-0.03642134904935996,35444.9982277299,6519481.118714249,3.5068567055755254e-07,2.076383739767193e-07,102.89713908589444,0.7106323696165424,0.7091534112594038,0.0359792263621282,0.029708912625058825,,,464158.7008816554,0.005889319113449555,1000000.0
3-2,5,21.0,3,-0.00022572884611333244,0.414313609467,24.932341678321748,12510.0,12510.0,12510.0,12510.0,12510.0,12510.0,12510.0,12510.0,12510.0,12510.0,12510.0,12510.0,12510.0,12510.0,12510.0,12510.0,12510.0,12510.0,26366628.46082814,12245005.665064748,5690331.925474821,2647922.352653078,1235759.624467626,580292.3008250679,276051.18460828136,134834.95665064748,69288.2192547482,38864.12352653077,24742.49624467626,18187.82300825068,15145.411846082814,13733.249566506474,13077.782192547482,12773.541235265307,12632.324962446763,12566.778230082507,1.286571225624637e-07,1.2865714056058739e-07,1.286571452783391e-07,1.2865712286472877e-07,1.2865715133854684e-07,1.2865716108059202e-07,1.286571225624637e-07,1.2865714056058739e-07,1.2865714527833908e-07,1.286571228647288e-07,1.2865715133854682e-07,1.2865716108059197e-07,1.286571225624637e-07,1.2865714056058739e-07,1.2865714527833908e-07,1.2865712286472877e-07,1.2865715133854684e-07,1.28657161080592e-07,1.2859607946756639e-07,1.285256991490897e-07,1.283742969474313e-07,1.2804928759137754e-07,1.2735471279679675e-07,1.2588355701445192e-07,1.2282667990183788e-07,1.1672031892031271e-07,1.0542807539108369e-07,8.72435912836287e-08,6.360708737858844e-08,4.016382769000007e-08,2.2387275323367347e-08,1.1459763449033141e-08,5.585751082065215e-09,2.654428905888826e-09,1.245849932833496e-09,5.812886771654304e-10,0.9995255366070566,0.9989783589863342,0.997801534222636,0.9952755412229269,0.9898766720061847,0.9784418990529201,0.9546823172747771,0.9072199056479623,0.8194498266147501,0.6781092981175816,0.49439216333349045,0.312177164121017,0.17400727513160577,0.08907211367437856,0.04341578596339056,0.020631806827203156,0.009683487624836198,0.004518121434385654,3.390645048840453,1.573797914187011,0.730492360330353,0.33906457085451097,0.1573798120599519,0.07304925893595991,0.03390645048840453,0.015737979141870116,0.007304923603303529,0.003390645708545109,0.001573798120599519,0.0007304925893595991,0.00033906450488404525,0.00015737979141870113,7.30492360330353e-05,3.390645708545109e-05,1.5737981205995193e-05,7.30492589359599e-06,1.005107065741326,1.00234335102828,0.9968157710222965,0.9940107466988302,0.9902786283530851,0.9782293911792515,0.951589264689721,0.8973806029414035,0.8021197734420227,0.6628154753920441,0.49494837732054364,0.32801774000462913,0.19104740178422297,0.098426725495953,0.05714887850277073,0.02924705384751114,-0.013369604005498914,-0.034677932897632345,35444.9982277299,6036372.8090977995,3.645285466457362e-07,2.1368314064174506e-07,98.83542122385299,0.7009285023666989,0.6996029616785471,0.03346426310483883,0.02735502418862072,,,464158.71950363385,0.005665673215691622,1000000.0
3-2,5,21.0,4,0.0001971628385831513,0.40426035503,24.74074994561002,12510.0,12510.0,12510.0,12510.0,12510.0,12510.0,12510.0,12510.0,12510.0,12510.0,12510.0,12510.0,12510.0,12510.0,12510.0,12510.0,12510.0,12510.0,24473554.752690647,11366322.770072743,5282481.292904876,2458613.101717826,1147890.512007194,539507.2184520864,257120.44752690644,126048.12770072743,65209.71292904876,36971.03101717826,23863.80512007194,17779.972184520862,14956.104475269065,13645.381277007275,13036.997129290488,12754.610310171782,12623.538051200718,12562.699721845207,1.335428313670638e-07,1.3354282710322492e-07,1.3354285902172776e-07,1.3354288200929514e-07,1.3354288644373738e-07,1.3354287686063092e-07,1.335428313670638e-07,1.3354282710322494e-07,1.3354285902172773e-07,1.3354288200929514e-07,1.3354288644373738e-07,1.3354287686063092e-07,1.335428313670638e-07,1.3354282710322494e-07,1.3354285902172773e-07,1.3354288200929514e-07,1.335428864437374e-07,1.3354287686063092e-07,1.334745690799836e-07,1.3339584722232096e-07,1.332266021201452e-07,1.328633845101689e-07,1.3208750242240777e-07,1.3044630774646836e-07,1.2704540638017263e-07,1.2028899463831239e-07,1.0792365152453283e-07,8.835557162133102e-08,6.353638492374349e-08,3.958202179355012e-08,2.1841229979854103e-08,1.1111600511090673e-08,5.398229564964622e-09,2.5611104530160666e-09,1.201105349153578e-09,5.602038272654426e-10,0.9994888360057862,0.9988993801906684,0.997631794736916,0.9949117655025677,0.9891017480594685,0.976812173086594,0.9513457598556379,0.9007521949893444,0.8081574133961995,0.6616269642524348,0.47577513573148533,0.2963993492132046,0.1635522457946095,0.08320626986952816,0.04042319899775634,0.019178187668870313,0.008994154470815731,0.0041949360417784555,3.266597174470768,1.5162202557162117,0.7037670334169482,0.3266596578952745,0.15162199078540914,0.070376724649642,0.03266597174470768,0.015162202557162118,0.0070376703341694805,0.0032665965789527443,0.0015162199078540915,0.0007037672464964197,0.0003266597174470768,0.00015162202557162115,7.037670334169481e-05,3.2665965789527446e-05,1.5162199078540917e-05,7.0376724649641975e-06,1.0054841745218694,1.0025130670370146,0.9965707015684515,0.9935431647241924,0.9894905614869263,0.9764531101192819,0.9477737812106746,0.8900963345714512,0.7904221709929082,0.6473617442433852,0.4781719966331206,0.3130255905914634,0.18004268754567043,0.09177096568913967,0.05321081344846057,0.02723606682748958,-0.012935470752232447,-0.03302123952746154,35444.9982277299,5605313.3118192535,3.783714201317406e-07,2.19647048796931e-07,95.1208733333308,0.6915025538198865,0.6903153308216535,0.031199349409749798,0.025252227137079163,,,464158.7386643726,0.005458391651761669,1000000.0
3-2,5,21.0,5,-0.00032163034553496316,0.414313609467,24.932341678321748,12510.0,12510.0,12510.0,12510.0,12510.0,12510.0,12510.0,12510.0,12510.0,12510.0,12510.0,12510.0,12510.0,12510.0,12510.0,12510.0,12510.0,12510.0,22777362.0712518,10579016.6962502,4917049.2007194245,2288994.7158185453,1069160.5795971225,502963.87160710624,240158.52071251796,118175.06696250198,61555.392007194234,35274.84715818545,23076.505795971225,17414.538716071063,14786.48520712518,13566.65066962502,13000.453920071943,12737.648471581855,12615.665057959712,12559.045387160711,1.3842854837183346e-07,1.3842856403033813e-07,1.3842855628183852e-07,1.3842857693889134e-07,1.3842858480359263e-07,1.3842859332310978e-07,1.3842854837183346e-07,1.3842856403033813e-07,1.3842855628183852e-07,1.3842857693889134e-07,1.3842858480359263e-07,1.3842859332310978e-07,1.3842854837183346e-07,1.3842856403033813e-07,1.3842855628183852e-07,1.3842857693889134e-07,1.3842858480359263e-07,1.3842859332310978e-07,1.3835251932445237e-07,1.3826486816088803e-07,1.3807636512645363e-07,1.3767202582693902e-07,1.368088640348513e-07,1.3498551957521072e-07,1.3121772305947813e-07,1.2377453098824962e-07,1.1029550111612041e-07,8.93357633048659e-08,6.338509203202765e-08,3.898629796825436e-08,2.1312065592196243e-08,1.0781631991555484e-08,5.222342888620578e-09,2.4740087649377753e-09,1.159436650335273e-09,5.405891725325924e-10,0.9994507704640745,0.9988174704361289,0.9974557911687828,0.9945347187070609,0.9882992319032993,0.9751274381596691,0.9479094059919903,0.8941401065254354,0.7967684130979475,0.6453563655740154,0.45789019747590914,0.2816347188998405,0.1539571558241716,0.07788589058247092,0.037725907348105,0.017872095629718962,0.008375702547131597,0.003905184323232913,3.1513054261229128,1.4627063487788672,0.6789282807832723,0.3151305396338977,0.14627064436552556,0.06789283953644482,0.03151305426122913,0.014627063487788677,0.006789282807832721,0.003151305396338976,0.0014627064436552554,0.0006789283953644482,0.00031513054261229125,0.00014627063487788675,6.789282807832722e-05,3.151305396338977e-05,1.4627064436552559e-05,6.789283953644481e-06,1.005871959943936,1.002686809242725,0.9963163574253056,0.9930574807054509,0.9886694432672076,0.9746059909347906,0.9438373640067255,0.8826896795921417,0.77874185828313,0.6322190253556563,0.4620360005370845,0.29887218217935896,0.16984740956998579,0.08571216289602823,0.04964907292993992,0.02542251860779743,-0.012493437155265852,-0.03145141503816166,35444.9982277299,5219084.026545305,3.9221426378928345e-07,2.2553309091253326e-07,91.74075579994812,0.6823425592724753,0.6812798837473424,0.02915295608613188,0.023367780448067615,,,464158.73126521613,0.005265743182333312,1000000.0
3-2,5,21.0,6,-0.0004959326308316782,0.444473372781,25.51003494172501,12510.0,12510.0,12510.0,12510.0,12510.0,12510.0,12510.0,12510.0,12510.0,12510.0,12510.0,12510.0,12510.0,12510.0,12510.0,12510.0,12510.0,12510.0,21251670.52628617,9870854.048960032,4588346.981899281,2136424.7572310152,998344.6138776978,470093.8176633173,224901.6052628617,111093.44048960031,58268.36981899281,33749.147572310154,22368.34613877698,17085.838176633173,14633.916052628616,13495.834404896003,12967.583698189928,12722.391475723101,12608.583461387769,12555.75838176633,1.4331426058000658e-07,1.433142729537796e-07,1.4331429862151215e-07,1.4331431839482934e-07,1.433142731647251e-07,1.4331431117982078e-07,1.4331426058000658e-07,1.4331427295377963e-07,1.4331429862151215e-07,1.4331431839482934e-07,1.433142731647251e-07,1.4331431117982078e-07,1.4331426058000658e-07,1.4331427295377963e-07,1.4331429862151218e-07,1.4331431839482932e-07,1.4331427316472514e-07,1.4331431117982075e-07,1.4322989726383156e-07,1.4313264109641864e-07,1.4292355618576615e-07,1.4247513034617414e-07,1.415184388081626e-07,1.3950047239808292e-07,1.3534250156227785e-07,1.271759523945238e-07,1.1254525735050121e-07,9.019113597139271e-08,6.316254687403304e-08,3.838167548908243e-08,2.0800136991478847e-08,1.0468722181359738e-08,5.057093772672617e-09,2.392532853136261e-09,1.1205396036848632e-09,5.222966836530151e-10,0.9994113403939456,0.9987326324613909,0.9972735279068147,0.9941444228458509,0.9874692567815743,0.9733882907412332,0.9443756749295831,0.8873920913344017,0.7853037584737386,0.6293239711256007,0.440727538710915,0.26781467372734175,0.1451365475235939,0.07304731040107926,0.03528673566639863,0.01669430437888879,0.007818757887408165,0.0036444140110869585,3.043874586164766,1.412841409904927,0.6557828676672725,0.30438739576128243,0.1412841711485097,0.06557830963545104,0.03043874586164766,0.014128414099049271,0.006557828676672724,0.0030438739576128236,0.0014128417114850967,0.0006557830963545103,0.00030438745861647654,0.0001412841409904927,6.557828676672723e-05,3.0438739576128237e-05,1.4128417114850971e-05,6.557830963545103e-06,1.006271197341413,1.0028652590200373,0.9960532320489008,0.9925539029928387,0.9878146027658623,0.972687794941292,0.939784981650643,0.8751751043265283,0.7670984183537488,0.617395687362329,0.4465203573363983,0.2855057515840027,0.16039230029794105,0.08018638600226424,0.04641930681752626,0.023781771681717245,-0.012050698684651806,-0.02996693388213507,35444.9982277299,4871678.232846077,4.060571328309295e-07,2.3134406393462314e-07,88.6379442869966,0.6734368670386647,0.6724861109576383,0.027298304468972356,0.021673966386944174,,,464158.7444210784,0.0050862301479858854,1000000.0
3-2,5,21.0,7,-0.00047350480687210887,0.40426035503,24.74074994561002,12510.0,12510.0,12510.0,12510.0,12510.0,12510.0,12510.0,12510.0,12510.0,12510.0,12510.0,12510.0,12510.0,12510.0,12510.0,12510.0,12510.0,12510.0,19874367.908093527,9231566.864179855,4291615.848201439,1998695.8812158273,934415.8084732214,440420.7954198562,211128.57908093525,104700.56864179859,55301.0584820144,32371.858812158276,21729.058084732213,16789.10795419856,14496.185790809353,13431.905686417987,12937.910584820143,12708.618588121582,12602.19058084732,12552.791079541987,1.4819998021644217e-07,1.4819999303864066e-07,1.4820002601717468e-07,1.481999914350222e-07,1.4819999915440194e-07,1.4820002188191968e-07,1.4819998021644217e-07,1.4819999303864066e-07,1.4820002601717466e-07,1.481999914350222e-07,1.4819999915440192e-07,1.4820002188191968e-07,1.4819998021644217e-07,1.4819999303864066e-07,1.4820002601717466e-07,1.4819999143502218e-07,1.4819999915440194e-07,1.4820002188191968e-07,1.4810669514890786e-07,1.4799916235191215e-07,1.4776802502010225e-07,1.472723956410466e-07,1.46215891038283e-07,1.4399045164131512e-07,1.3941868797936905e-07,1.3049252557247783e-07,1.1467476671173427e-07,9.092858469838443e-08,6.287729523451796e-08,3.777233991093219e-08,2.0305527202248298e-08,1.0171781986794472e-08,4.9015920606048406e-09,2.3161662185665994e-09,1.084148340398955e-09,5.051975201601635e-10,0.9993705460189801,0.9986448670974218,0.9970850140267699,0.9937409187072573,0.9866119559551965,0.9715953467000255,0.9407470080343584,0.8805164082460795,0.7737837151151701,0.6135532385523232,0.42427324961729157,0.25487405083534875,0.13701437188178167,0.06863550920776594,0.03307416464310744,0.0156286528503756,0.007315440935120632,0.003408889646201849,2.9435269490412455,1.3662641630942869,0.6341635980336975,0.29435273058454764,0.13662644003616967,0.06341638924473235,0.029435269490412454,0.013662641630942874,0.006341635980336975,0.002943527305845476,0.0013662644003616965,0.0006341638924473233,0.00029435269490412454,0.0001366264163094287,6.341635980336975e-05,2.943527305845476e-05,1.3662644003616969e-05,6.341638924473233e-06,1.006680932714013,1.003047698517186,0.9957810798845106,0.9920324069385664,0.9869263983489507,0.9706998794755464,0.9356215051596593,0.8675655034810692,0.7555088131292749,0.6028972296502726,0.431604818928486,0.2728782698795733,0.15161468705919212,0.07513733026131142,0.0434832260523752,0.022292848179098712,-0.011612523644512152,-0.0285652095810511,35444.9982277299,4558061.627194255,4.1989998470169696e-07,2.370825398893989e-07,85.76702563311612,0.6647743716597305,0.663924122790225,0.025612531456514286,0.020147134253444415,,,464158.7110363192,0.00491855182921993,1000000.0
3-2,6,21.0,0,0.0003364866768612253,0.846603550296,34.98115182595192,12510.0,12510.0,12510.0,12510.0,12510.0,12510.0,12510.0,12510.0,12510.0,12510.0,12510.0,12510.0,12510.0,12510.0,12510.0,12510.0,12510.0,12510.0,29514351.374427654,13706049.07052358,6368487.966506795,2962693.0543533172,1381864.2330935253,648107.9151281294,307528.4137442766,149445.39070523583,76069.77966506794,42011.83054353317,26203.54233093525,18865.97915128129,15460.184137442766,13879.353907052358,13145.59779665068,12805.018305435331,12646.935423309353,12573.559791512813,1.215999843928415e-07,1.216000007149202e-07,1.2160000787133774e-07,1.2160001868657147e-07,1.2159999930617597e-07,1.2160002306821072e-07,1.215999843928415e-07,1.2160000071492022e-07,1.216000078713377e-07,1.2160001868657147e-07,1.2159999930617597e-07,1.2160002306821072e-07,1.215999843928415e-07,1.216000007149202e-07,1.2160000787133774e-07,1.2160001868657144e-07,1.2159999930617597e-07,1.2160002306821072e-07,1.2154844282970645e-07,1.2148901205574377e-07,1.2136114173757557e-07,1.2108656143471954e-07,1.204991559998008e-07,1.1925285795407602e-07,1.1665339820188416e-07,1.1142092458707843e-07,1.0160236747894687e-07,8.539078395225761e-08,6.354616932745772e-08,4.0967246132273014e-08,2.3204273757659627e-08,1.1997203702107268e-08,5.879435707018182e-09,2.8015759601522392e-09,1.3166310115507004e-09,6.146924373307334e-10,0.9995761384066586,0.9990872643213495,0.9980356404745062,0.9957774903540484,0.9909470122314447,0.980697658973156,0.959320832024313,0.9162904928618738,0.8355457311026665,0.7022267337997331,0.522583632319398,0.3369016312545657,0.19082464420962247,0.09866121407543067,0.04835061946080695,0.023039272447592334,0.010827557722558554,0.005055035532237735,3.587423450690488,1.6651343607654552,0.7728869707572754,0.35874231453816985,0.16651347379408177,0.0772887211416872,0.035874234506904884,0.016651343607654554,0.007728869707572753,0.003587423145381698,0.0016651347379408176,0.0007728872114168717,0.0003587423450690488,0.00016651343607654553,7.728869707572754e-05,3.5874231453816984e-05,1.6651347379408178e-05,7.728872114168718e-06,1.004583596679508,1.002107188825903,0.9971542224267029,0.9946547503279763,0.991358372553254,0.980667308604664,0.9568765841889757,0.9076572401047258,0.8190035150122394,0.6856635648432619,0.5203486229117082,0.35126368657967255,0.20852830685099555,0.10924485942093476,0.06360806038849987,0.03256059194903216,-0.013962153331329219,-0.037223525900208984,35444.9982277299,6753120.42328144,3.445333325047437e-07,2.0492504430251585e-07,104.7781863057511,0.7150375965307526,0.7134852446277219,0.03718673984772525,0.030845566505385714,,,464158.7281686229,0.005994485034714912,1000000.0
3-2,6,21.0,1,8.507028782045678e-05,0.504792899408,27.997324832944912,12510.0,12510.0,12510.0,12510.0,12510.0,12510.0,12510.0,12510.0,12510.0,12510.0,12510.0,12510.0,12510.0,12510.0,12510.0,12510.0,12510.0,12510.0,27139372.182330932,12603681.866769783,5856815.858660271,2725194.414784972,1271627.124463629,596940.4342517985,283778.62182330934,138421.71866769786,70953.05858660271,39636.84414784972,25101.171244636294,18354.304342517986,15222.686218233093,13769.11718667698,13094.430585866028,12781.268441478496,12635.911712446363,12568.443043425179,1.2681140096380738e-07,1.2681141662376828e-07,1.2681140851223733e-07,1.26811455602777e-07,1.2681143338435009e-07,1.268114526282769e-07,1.2681140096380738e-07,1.268114166237683e-07,1.268114085122373e-07,1.26811455602777e-07,1.2681143338435006e-07,1.268114526282769e-07,1.2681140096380738e-07,1.268114166237683e-07,1.2681140851223733e-07,1.2681145560277696e-07,1.268114333843501e-07,1.2681145262827688e-07,1.267529467514034e-07,1.2668554778331892e-07,1.2654054277925679e-07,1.2622932784668588e-07,1.255638891938254e-07,1.2415388215498814e-07,1.2122109040459623e-07,1.1535070917675444e-07,1.0445281323685855e-07,8.678780226465414e-08,6.361075576747553e-08,4.037879668147528e-08,2.259782109266122e-08,1.1596272438754367e-08,5.6598463969329886e-09,2.6914344284756825e-09,1.263624271723414e-09,5.896710680199571e-10,0.9995390460797711,0.9990074328968125,0.9978640270922121,0.9954095018204463,0.9901622104787389,0.9790431351568937,0.9559163409857238,0.9096240090037305,0.8236862476515971,0.6843845601497348,0.5016168816157062,0.31841600931611336,0.17820023216296424,0.09144501928528158,0.04463199694203233,0.02122390611859473,0.009964592608093324,0.0046499827562772504,3.43999539709351,1.5967043413784132,0.7411246577130297,0.34399945922984954,0.15967044735201394,0.07411247232764526,0.03439995397093511,0.01596704341378414,0.007411246577130296,0.003439994592298495,0.0015967044735201393,0.0007411247232764524,0.00034399953970935105,0.00015967043413784134,7.411246577130295e-05,3.439994592298495e-05,1.5967044735201395e-05,7.411247232764525e-06,1.0049680157775929,1.0022807990713467,0.9969062150490604,0.9941828459982389,0.9905676757648436,0.9788813324999044,0.9529979398217225,0.9000978311079137,0.8065392498710899,0.6687324730598245,0.5014566515228758,0.3339105784011558,0.19543076642091428,0.1011112628121893,0.058744919758634495,0.030063993906461306,-0.013529617726987908,-0.035326423500738946,35444.9982277299,6212329.214751524,3.592990280931096e-07,2.1140923706774646e-07,100.33927401839107,0.704561069613467,0.703179388718916,0.034383099542055845,0.028212827049911647,,,464158.76964481344,0.005748136085387726,1000000.0
3-2,6,21.0,2,4.7867086048417084e-05,0.40426035503,25.976001383061455,12510.0,12510.0,12510.0,12510.0,12510.0,12510.0,12510.0,12510.0,12510.0,12510.0,12510.0,12510.0,12510.0,12510.0,12510.0,12510.0,12510.0,12510.0,25040040.93066027,11629261.5917514,5404529.723130296,2515261.9470895287,1174186.0760359713,551711.8980839648,262785.3093066027,128677.51591751396,66430.19723130295,37537.519470895284,24126.760760359713,17902.01898083965,15012.753093066029,13671.67515917514,13049.201972313029,12760.275194708951,12626.167607603596,12563.920189808396,1.320228420606686e-07,1.320228424257734e-07,1.3202283625931557e-07,1.3202288528508286e-07,1.3202280451351777e-07,1.3202287415095658e-07,1.320228420606686e-07,1.3202284242577345e-07,1.3202283625931557e-07,1.3202288528508286e-07,1.3202280451351777e-07,1.3202287415095655e-07,1.3202284206066858e-07,1.320228424257734e-07,1.3202283625931557e-07,1.3202288528508288e-07,1.320228045135178e-07,1.3202287415095658e-07,1.3195688347223209e-07,1.318808208755902e-07,1.3171723970120332e-07,1.313662513719322e-07,1.306162086441136e-07,1.2902927158163676e-07,1.2573784173649916e-07,1.191876105131124e-07,1.0716056352131179e-07,8.802407241208631e-08,6.356747804558611e-08,3.976477983231216e-08,2.2009325956031208e-08,1.121791256039234e-08,5.455274111966627e-09,2.5894467647894262e-09,1.2146815903359938e-09,5.665985079278176e-10,0.9995004001776739,0.9989242653197452,0.9976852750117259,0.9950263629541746,0.989345811319588,0.977325121964116,0.952394599100652,0.9027802183559461,0.8116820283335681,0.6667334396003542,0.4814886206956577,0.30119613807865314,0.16670846962919675,0.08496948220683352,0.04132068562177781,0.019613620465860283,0.009200543760692667,0.004291669239680102,3.304205763227059,1.5336765648971473,0.7118697370138312,0.33042053320761866,0.15336773349452745,0.0711869843326962,0.03304205763227059,0.015336765648971474,0.00711869737013831,0.003304205332076186,0.0015336773349452746,0.000711869843326962,0.0003304205763227059,0.00015336765648971476,7.11869737013831e-05,3.3042053320761855e-05,1.5336773349452748e-05,7.11869843326962e-06,1.0053652111343498,1.0024594280970867,0.9966477114982304,0.9936904848929888,0.9897394012642291,0.9770135253039509,0.9489742639726444,0.892376387168424,0.7940602738141713,0.652136613260458,0.4833218535261459,0.317597538715658,0.18337632417538785,0.09377450558886302,0.054393359912623396,0.027839278847755722,-0.013071786682713693,-0.03352731942761294,35444.9982277299,5734304.916289927,3.740647139599127e-07,2.1780007937072917e-07,96.2376753258645,0.6944060496753036,0.6931773534667856,0.03187920025896888,0.0258816076477831,,,464158.69336235337,0.005521238388712952,1000000.0
3-2,6,21.0,3,-2.675531559876604e-05,0.40426035503,25.976001383061455,12510.0,12510.0,12510.0,12510.0,12510.0,12510.0,12510.0,12510.0,12510.0,12510.0,12510.0,12510.0,12510.0,12510.0,12510.0,12510.0,12510.0,12510.0,23175305.125506792,10763726.160231015,5002783.426343725,2328789.1974492404,1087632.5514180656,511537.4128345325,244137.95125506795,120022.16160231015,62412.73426343725,35672.7919744924,23261.225514180656,17500.274128345325,14826.279512550678,13585.121616023102,13009.027342634374,12741.627919744924,12617.512255141806,12559.902741283453,1.3723427681364084e-07,1.3723428794214144e-07,1.3723428486406879e-07,1.372342996599413e-07,1.372342429905317e-07,1.3723430515263144e-07,1.3723427681364084e-07,1.3723428794214144e-07,1.3723428486406876e-07,1.3723429965994129e-07,1.372342429905317e-07,1.3723430515263146e-07,1.3723427681364084e-07,1.3723428794214144e-07,1.3723428486406879e-07,1.3723429965994129e-07,1.3723424299053174e-07,1.3723430515263146e-07,1.3716019792692752e-07,1.3707478918524262e-07,1.3689111572054575e-07,1.3649709206269452e-07,1.3565576836914129e-07,1.3387814563353337e-07,1.3020218371171673e-07,1.229302550932351e-07,1.097270633986051e-07,8.910795479819197e-08,6.342900092514935e-08,3.913291857613755e-08,2.1439832126061063e-08,1.0860671961310458e-08,5.264318283781587e-09,2.4947593469296735e-09,1.1693559434093772e-09,5.452564535182404e-10,0.9994602012818276,0.9988377630744435,0.9974993920516078,0.994628109743165,0.9884979536667146,0.9755443107656983,0.9487584788203209,0.8957692493370389,0.7995601354813799,0.6493125626683443,0.4621951456352299,0.2851540548306349,0.15622796741353168,0.07913963867316719,0.038360081003051966,0.01817883250114253,0.008520875824629683,0.0039731789577817905,3.1787294380314495,1.4754354942613472,0.6848366049404473,0.31787295347883743,0.14754362946590724,0.06848368025246243,0.031787294380314496,0.014754354942613478,0.006848366049404472,0.0031787295347883737,0.0014754362946590724,0.0006848368025246241,0.000317872943803145,0.00014754354942613475,6.848366049404471e-05,3.1787295347883736e-05,1.4754362946590726e-05,6.848368025246241e-06,1.0057757487273802,1.002643602242351,0.9963791588365556,0.9931777442372134,0.9888732518762868,0.9750642496314299,0.9448108197965244,0.8845107580534144,0.7815941215557594,0.6358912181070266,0.4659222503461322,0.3022573509956157,0.17226881301623997,0.0871417101827916,0.0504874429796871,0.025848988785766025,-0.012601804996659638,-0.031827201885634836,35444.9982277299,5309697.445942321,3.88830447439216e-07,2.2410131780268396e-07,92.53946430760723,0.684557762068766,0.6834658703753811,0.029634521391954632,0.02380982701319005,,,464158.6763902272,0.005311570645556596,1000000.0
3-2,6,21.0,4,-0.00033174934879415756,0.414313609467,26.174918127428203,12510.0,12510.0,12510.0,12510.0,12510.0,12510.0,12510.0,12510.0,12510.0,12510.0,12510.0,12510.0,12510.0,12510.0,12510.0,12510.0,12510.0,12510.0,21511468.8963741,9991447.35798641,4644320.706654676,2162407.1067753797,1010402.693208633,475691.13381813734,227499.58896374103,112299.3735798641,58828.107066546756,34008.971067753795,22488.92693208633,17141.811338181375,14659.89588963741,13507.893735798642,12973.181070665469,12724.989710677537,12609.789269320863,12556.318113381814,1.4244570739181825e-07,1.4244567972368383e-07,1.4244571628984293e-07,1.4244568109474411e-07,1.4244576944451486e-07,1.4244573765714182e-07,1.4244570739181822e-07,1.4244567972368386e-07,1.4244571628984293e-07,1.4244568109474411e-07,1.4244576944451483e-07,1.4244573765714182e-07,1.4244570739181825e-07,1.4244567972368383e-07,1.4244571628984293e-07,1.424456810947441e-07,1.4244576944451488e-07,1.4244573765714182e-07,1.4236286805583166e-07,1.4226732764019725e-07,1.420620227373644e-07,1.4162160154704385e-07,1.4068211957726047e-07,1.3869961743037276e-07,1.3461274467048488e-07,1.2657742154434522e-07,1.1215414310068473e-07,9.004787502924749e-08,6.320692531770162e-08,3.848961873045309e-08,2.088987828587763e-08,1.0523154406458572e-08,5.085734872846764e-09,2.4066310827840578e-09,1.1272638223463238e-09,5.254580019383237e-10,0.9994184497553252,0.9987479291486234,0.9973063875666306,0.994214780389501,0.9876187978475461,0.9737014228127645,0.9450108896592605,0.888601337645902,0.7873465487194992,0.6321558810151251,0.4437262374599467,0.2702054786861735,0.14665151143106683,0.07387485830999851,0.03570296815734713,0.016895079333316878,0.007913634969590395,0.0036888292382820822,3.0624344081816326,1.421456514878436,0.659781593828389,0.30624355765823874,0.14214559250716294,0.0659781782755959,0.03062434408181633,0.014214565148784363,0.006597815938283888,0.003062435576582387,0.0014214559250716294,0.000659781782755959,0.00030624344081816326,0.00014214565148784361,6.597815938283889e-05,3.0624355765823875e-05,1.4214559250716295e-05,6.59781782755959e-06,1.0061992272287523,1.0028330766819629,0.9961006252443934,0.9926449256697598,0.9879692288142845,0.9730340230552965,0.940513397236419,0.8765180673591395,0.7691649508456813,0.6200074378967386,0.44923437742094485,0.2878267332062343,0.1620219186537799,0.08113230464200072,0.04697101931857972,0.02406180635471955,-0.012129199376760269,-0.030224702254696627,35444.9982277299,4930836.846006873,4.0359617186674914e-07,2.3031636597077616e-07,89.17141736113481,0.675002011697476,0.674032237165391,0.027615074001707002,0.021962245736768617,,,464158.67916049605,0.00511724131665153,1000000.0
3-2,6,21.0,5,-0.000220371359700357,0.40426035503,25.976001383061455,12510.0,12510.0,12510.0,12510.0,12510.0,12510.0,12510.0,12510.0,12510.0,12510.0,12510.0,12510.0,12510.0,12510.0,12510.0,12510.0,12510.0,12510.0,20020678.766139887,9299481.841215828,4323140.62095044,2013326.4866794562,941206.5830727417,443572.9804297442,212591.68766139887,105379.71841215828,55616.3062095044,32518.164866794566,21796.96583072742,16820.62980429744,14510.81687661399,13438.697184121582,12941.063062095043,12710.081648667947,12602.869658307274,12553.106298042976,1.4765712564168692e-07,1.476571105981788e-07,1.4765711875249035e-07,1.476571545679549e-07,1.4765717424758443e-07,1.4765716495460578e-07,1.4765712564168692e-07,1.4765711059817883e-07,1.4765711875249032e-07,1.476571545679549e-07,1.4765717424758443e-07,1.4765716495460578e-07,1.4765712564168692e-07,1.4765711059817886e-07,1.4765711875249035e-07,1.476571545679549e-07,1.4765717424758445e-07,1.4765716495460576e-07,1.4756486150502331e-07,1.4745847690168656e-07,1.4722983897661586e-07,1.467396724725936e-07,1.4569459633636033e-07,1.434928194802883e-07,1.38968212814956e-07,1.3012821147587776e-07,1.144440076797168e-07,9.085225763690615e-08,6.291183564484754e-08,3.7840163149466106e-08,2.035963043626647e-08,1.0204020594353557e-08,4.91841585534131e-09,2.324413622210707e-09,1.0880753106854414e-09,5.070421304172473e-10,0.9993751460604244,0.9986547637584973,0.997106270395329,0.9937864027107532,0.9867085502534857,0.9717972001182756,0.9411548017816903,0.8812864544667769,0.7750659680116954,0.615291943710686,0.4260669077911515,0.25627041641426146,0.13788451012971964,0.06910619172362031,0.03330971034038518,0.015741964072191052,0.007368929523607225,0.0034339148430293054,2.9543486893619932,1.371287428280578,0.6364952974958004,0.29543486923574097,0.13712871318990813,0.06364953760713875,0.029543486893619932,0.013712874282805784,0.006364952974958003,0.00295434869235741,0.0013712871318990812,0.0006364953760713873,0.0002954348689361993,0.0001371287428280578,6.364952974958003e-05,2.9543486923574098e-05,1.3712871318990812e-05,6.3649537607138735e-06,1.0066349486649928,1.0030272939382137,0.9958118342355444,0.9920914238034104,0.9870269334788038,0.9709239977755288,0.9360890966422044,0.8684152484933847,0.7567935193661217,0.6044921634684695,0.4332332611750811,0.2742462437943143,0.15255823358143594,0.07567637111746883,0.04379604051645636,0.02245137318170798,-0.011660846130652658,-0.028716955810514387,35444.9982277299,4591378.100473758,4.1836187924655724e-07,2.3644842529151206e-07,86.07574942105617,0.6657251947419714,0.664864299752816,0.025792142100566618,0.020309196574893225,,,464158.704120836,0.004936633662620772,1000000.0
3-2,6,21.0,6,-7.509830562394856e-05,0.40426035503,25.976001383061455,12510.0,12510.0,12510.0,12510.0,12510.0,12510.0,12510.0,12510.0,12510.0,12510.0,12510.0,12510.0,12510.0,12510.0,12510.0,12510.0,12510.0,12510.0,18679742.862746604,8677069.870312551,4034243.067115108,1879232.5653725017,878966.5156906475,414683.3268550679,199182.32862746602,99155.5987031255,52727.33067115108,31177.225653725018,21174.565156906476,16531.73326855068,14376.723286274659,13376.455987031253,12912.17330671151,12696.67225653725,12596.645651569064,12550.217332685506,1.5286853671025756e-07,1.5286856071935735e-07,1.5286855963902276e-07,1.5286858127919546e-07,1.5286853051166418e-07,1.528685891629083e-07,1.5286853671025756e-07,1.5286856071935738e-07,1.5286855963902273e-07,1.5286858127919546e-07,1.5286853051166418e-07,1.5286858916290827e-07,1.5286853671025756e-07,1.5286856071935738e-07,1.5286855963902276e-07,1.5286858127919543e-07,1.5286853051166418e-07,1.5286858916290827e-07,1.5276615920922357e-07,1.526481653873868e-07,1.5239452134998834e-07,1.5185093929754768e-07,1.5069281018266134e-07,1.4825691098203856e-07,1.4326735668880052e-07,1.3358184650844435e-07,1.1659921588992783e-07,9.152938538527712e-08,6.25533196664885e-08,3.718888278474945e-08,1.984897751271352e-08,9.902015884667423e-09,4.761371510580297e-09,2.2475434857620037e-09,1.0515016296373094e-09,4.898693580004479e-10,0.999330290567064,0.9985582690715905,0.9968990465393684,0.993343027238611,0.9857673759162826,0.9698324017633524,0.9371932234842095,0.8738346582177847,0.7627416400420088,0.5987455670705158,0.409196840298766,0.24327353963552437,0.12984344548502272,0.06477470474027663,0.031146833082117055,0.01470245531785989,0.006878470186884395,0.003204512847818633,2.8536325721577054,1.3245387966413813,0.6147965412225158,0.2853632302103546,0.13245393430588598,0.06147966907528741,0.028536325721577056,0.013245387966413816,0.006147965412225158,0.0028536323021035458,0.0013245393430588595,0.0006147966907528741,0.0002853632572157705,0.00013245387966413812,6.147965412225158e-05,2.8536323021035456e-05,1.32453934305886e-05,6.147966907528741e-06,1.0070824207133071,1.0032259231818088,0.9955127779677078,0.9915173233192061,0.9860462345889118,0.9687355472457657,0.9315441788820724,0.8602174134147305,0.744498593392823,0.5893498445908172,0.4178935857040269,0.2614603452164683,0.14380786223832764,0.07071261014468355,0.04092143849464769,0.020995427816812295,-0.011201570809559414,-0.027300070155526397,35444.9982277299,4286041.113517234,4.331275635318158e-07,2.4250045475774605e-07,83.20673515080063,0.6567142991014963,0.6559504005859937,0.02414139523499132,0.018825567098211544,,,464158.73980440176,0.004768341624003207,1000000.0
3-2,6,21.0,7,-0.000155346305067029,0.40426035503,25.976001383061455,12510.0,12510.0,12510.0,12510.0,12510.0,12510.0,12510.0,12510.0,12510.0,12510.0,12510.0,12510.0,12510.0,12510.0,12510.0,12510.0,12510.0,12510.0,17469224.3206267,8115197.015156673,3773445.041746603,1758180.4463629096,822778.7769784173,388603.49995204643,187077.14320626698,93536.87015156675,50119.35041746603,29966.704463629096,20612.687769784174,16270.934999520463,14255.671432062669,13320.268701515666,12886.09350417466,12684.567044636291,12591.026877697843,12547.609349995204,1.5807996409810725e-07,1.5807998947132167e-07,1.5807998220248485e-07,1.580800242925429e-07,1.5807999909802876e-07,1.5808001757914976e-07,1.5807996409810727e-07,1.5807998947132167e-07,1.5807998220248485e-07,1.580800242925429e-07,1.5807999909802876e-07,1.5808001757914978e-07,1.5807996409810727e-07,1.5807998947132167e-07,1.5807998220248485e-07,1.580800242925429e-07,1.5807999909802878e-07,1.5808001757914978e-07,1.5796676042549014e-07,1.578363009121169e-07,1.5755590392508195e-07,1.5695523581705356e-07,1.5567646020756436e-07,1.5299107468450472e-07,1.4750902893748804e-07,1.369377311823521e-07,1.1862255586154166e-07,9.208741218199459e-08,6.21400221865633e-08,3.6539305876137815e-08,1.9357606453169354e-08,9.61596726573268e-09,4.613722104929608e-09,2.1755226299545765e-09,1.0172902399309998e-09,4.738182822359398e-10,0.9992838834873037,0.998458447776852,0.9966847271229344,0.9928846893810704,0.9847954269725553,0.9678078040945495,0.9331291905275315,0.8662559482722817,0.7503958072920193,0.5825366778257678,0.39309224785628294,0.23114436875516414,0.12245452207438304,0.060829756491584126,0.029185998382893832,0.013762160270981198,0.006435287485674622,0.002997331917670757,2.759556773075583,1.2808726780453816,0.5945285444640046,0.27595562656782296,0.12808728753390905,0.05945286708382347,0.027595567730755832,0.01280872678045382,0.005945285444640045,0.0027595562656782292,0.0012808728753390904,0.0005945286708382346,0.00027595567730755833,0.00012808726780453818,5.945285444640045e-05,2.7595562656782293e-05,1.2808728753390907e-05,5.945286708382345e-06,1.0075418186204035,1.003429198100541,0.9952038070107481,0.9909230366246522,0.9850272671005715,0.9664692588173498,0.9268841424668128,0.8519391485828791,0.7322969326979969,0.5745826957049438,0.40318998878089474,0.24941674981452522,0.13570750004347865,0.06618750135892704,0.03831192610971712,0.019675066417530473,-0.01075468959635728,-0.025969567643243346,35444.9982277299,4010401.59641703,4.4789330083612277e-07,2.4847522975611303e-07,80.5278794758732,0.647956888185615,0.6472792982232725,0.022642106909760908,0.0174900473293148,,,464158.73757355456,0.004611142341265318,1000000.0
4-2,3,0.0,0,0.0005429789165345602,0.565112426036,25.09370644133651,12510.0,12510.0,12510.0,12510.0,12510.0,12510.0,12510.0,12510.0,12510.0,12510.0,12510.0,12510.0,12510.0,12510.0,12510.0,12510.0,12510.0,12510.0,44701696.27006316,20755392.01638689,9640503.706871303,4481426.3426890485,2086798.0690647482,975309.640607514,459401.86270063143,219938.8201638689,108789.93706871303,57199.16342689049,33252.88069064748,22137.996406075137,16978.918627006315,14584.28820163869,13472.799370687131,12956.891634268904,12717.428806906473,12606.279964060752,9.879998020407241e-08,9.879998566150586e-08,9.879998887655305e-08,9.880001518283931e-08,9.879999943626797e-08,9.879999658305988e-08,9.879998020407241e-08,9.879998566150587e-08,9.879998887655302e-08,9.880001518283931e-08,9.879999943626797e-08,9.879999658305989e-08,9.879998020407241e-08,9.879998566150586e-08,9.879998887655302e-08,9.880001518283931e-08,9.879999943626797e-08,9.879999658305988e-08,9.877233052060433e-08,9.874043545789373e-08,9.867178106724897e-08,9.852421277186058e-08,9.82077102199464e-08,9.753271908902816e-08,9.610955194788927e-08,9.318029642381446e-08,8.743875552952927e-08,7.719151401101524e-08,6.163064847247795e-08,4.296892973389834e-08,2.6004546083373494e-08,1.405208411588481e-08,7.060490139948492e-09,3.407676894825169e-09,1.611486591872703e-09,7.545810617675034e-10,0.9997201448480966,0.9993972650581535,0.9987023499621617,0.9972084780506528,0.9940051698410827,0.9871733042726744,0.9727689393193598,0.9431205460196648,0.8850077466990486,0.7812905075790183,0.6237919921470596,0.4349082107282758,0.2632039604629558,0.1422275926641125,0.07146245885483161,0.0344906515299509,0.016310593128213632,0.007637460403484294,4.415290718818343,2.0493964457973326,0.9512456711424073,0.44152900250851673,0.20493966005425449,0.09512460120219367,0.04415290718818343,0.02049396445797333,0.009512456711424073,0.004415290025085167,0.0020493966005425447,0.0009512460120219365,0.0004415290718818343,0.00020493964457973327,9.512456711424073e-05,4.415290025085167e-05,2.0493966005425454e-05,9.512460120219366e-06,1.0030665611122629,1.0014173828672632,0.9981188753639785,0.9964815590601201,0.9943836777926283,0.9875081173173665,0.9720021202150537,0.9383455857953589,0.8725306861878845,0.7630486010158606,0.6123012364705644,0.4412502482672327,0.28101921616241654,0.1572566635638637,0.0931786599799782,0.04803236596163174,-0.014941700205763908,-0.046428732981730246,35444.9982277299,10211334.282012613,2.799333042430616e-07,1.753493768403228e-07,128.5970867136028,0.7650300418965712,0.7624877210249296,0.054425751316118584,0.047419451263595896,,,464158.65748896543,0.00737782772117581,1000000.0
4-2,3,0.0,1,0.0004103535600944245,0.846603550296,30.057295229215313,12510.0,12510.0,12510.0,12510.0,12510.0,12510.0,12510.0,12510.0,12510.0,12510.0,12510.0,12510.0,12510.0,12510.0,12510.0,12510.0,12510.0,12510.0,44701696.27006316,20755392.01638689,9640503.706871303,4481426.3426890485,2086798.0690647482,975309.640607514,459401.86270063143,219938.8201638689,108789.93706871303,57199.16342689049,33252.88069064748,22137.996406075137,16978.918627006315,14584.28820163869,13472.799370687131,12956.891634268904,12717.428806906473,12606.279964060752,9.879998020407241e-08,9.879998566150586e-08,9.879998887655305e-08,9.880001518283931e-08,9.879999943626797e-08,9.879999658305988e-08,9.879998020407241e-08,9.879998566150587e-08,9.879998887655302e-08,9.880001518283931e-08,9.879999943626797e-08,9.879999658305989e-08,9.879998020407241e-08,9.879998566150586e-08,9.879998887655302e-08,9.880001518283931e-08,9.879999943626797e-08,9.879999658305988e-08,9.877233052060433e-08,9.874043545789373e-08,9.867178106724897e-08,9.852421277186058e-08,9.82077102199464e-08,9.753271908902816e-08,9.610955194788927e-08,9.318029642381446e-08,8.743875552952927e-08,7.719151401101524e-08,6.163064847247795e-08,4.296892973389834e-08,2.6004546083373494e-08,1.405208411588481e-08,7.060490139948492e-09,3.407676894825169e-09,1.611486591872703e-09,7.545810617675034e-10,0.9997201448480966,0.9993972650581535,0.9987023499621617,0.9972084780506528,0.9940051698410827,0.9871733042726744,0.9727689393193598,0.9431205460196648,0.8850077466990486,0.7812905075790183,0.6237919921470596,0.4349082107282758,0.2632039604629558,0.1422275926641125,0.07146245885483161,0.0344906515299509,0.016310593128213632,0.007637460403484294,4.415290718818343,2.0493964457973326,0.9512456711424073,0.44152900250851673,0.20493966005425449,0.09512460120219367,0.04415290718818343,0.02049396445797333,0.009512456711424073,0.004415290025085167,0.0020493966005425447,0.0009512460120219365,0.0004415290718818343,0.00020493964457973327,9.512456711424073e-05,4.415290025085167e-05,2.0493966005425454e-05,9.512460120219366e-06,1.0030665611122629,1.0014173828672632,0.9981188753639785,0.9964815590601201,0.9943836777926283,0.9875081173173665,0.9720021202150537,0.9383455857953589,0.8725306861878845,0.7630486010158606,0.6123012364705644,0.4412502482672327,0.28101921616241654,0.1572566635638637,0.0931786599799782,0.04803236596163174,-0.014941700205763908,-0.046428732981730246,35444.9982277299,10211334.282012613,2.799333042430616e-07,1.753493768403228e-07,128.5970867136028,0.7650300418965712,0.7624877210249296,0.054425751316118584,0.047419451263595896,,,464158.65748896543,0.00737782772117581,1000000.0
4-2,3,0.0,2,0.00022962643220440104,0.856656804734,30.216369308469396,12510.0,12510.0,12510.0,12510.0,12510.0,12510.0,12510.0,12510.0,12510.0,12510.0,12510.0,12510.0,12510.0,12510.0,12510.0,12510.0,12510.0,12510.0,44701696.27006316,20755392.01638689,9640503.706871303,4481426.3426890485,2086798.0690647482,975309.640607514,459401.86270063143,219938.8201638689,108789.93706871303,57199.16342689049,33252.88069064748,22137.996406075137,16978.918627006315,14584.28820163869,13472.799370687131,12956.891634268904,12717.428806906473,12606.279964060752,9.879998020407241e-08,9.879998566150586e-08,9.879998887655305e-08,9.880001518283931e-08,9.879999943626797e-08,9.879999658305988e-08,9.879998020407241e-08,9.879998566150587e-08,9.879998887655302e-08,9.880001518283931e-08,9.879999943626797e-08,9.879999658305989e-08,9.879998020407241e-08,9.879998566150586e-08,9.879998887655302e-08,9.880001518283931e-08,9.879999943626797e-08,9.879999658305988e-08,9.877233052060433e-08,9.874043545789373e-08,9.867178106724897e-08,9.852421277186058e-08,9.82077102199464e-08,9.753271908902816e-08,9.610955194788927e-08,9.318029642381446e-08,8.743875552952927e-08,7.719151401101524e-08,6.163064847247795e-08,4.296892973389834e-08,2.6004546083373494e-08,1.405208411588481e-08,7.060490139948492e-09,3.407676894825169e-09,1.611486591872703e-09,7.545810617675034e-10,0.9997201448480966,0.9993972650581535,0.9987023499621617,0.9972084780506528,0.9940051698410827,0.9871733042726744,0.9727689393193598,0.9431205460196648,0.8850077466990486,0.7812905075790183,0.6237919921470596,0.4349082107282758,0.2632039604629558,0.1422275926641125,0.07146245885483161,0.0344906515299509,0.016310593128213632,0.007637460403484294,4.415290718818343,2.0493964457973326,0.9512456711424073,0.44152900250851673,0.20493966005425449,0.09512460120219367,0.04415290718818343,0.02049396445797333,0.009512456711424073,0.004415290025085167,0.0020493966005425447,0.0009512460120219365,0.0004415290718818343,0.00020493964457973327,9.512456711424073e-05,4.415290025085167e-05,2.0493966005425454e-05,9.512460120219366e-06,1.0030665611122629,1.0014173828672632,0.9981188753639785,0.9964815590601201,0.9943836777926283,0.9875081173173665,0.9720021202150537,0.9383455857953589,0.8725306861878845,0.7630486010158606,0.6123012364705644,0.4412502482672327,0.28101921616241654,0.1572566635638637,0.0931786599799782,0.04803236596163174,-0.014941700205763908,-0.046428732981730246,35444.9982277299,10211334.282012613,2.799333042430616e-07,1.753493768403228e-07,128.5970867136028,0.7650300418965712,0.7624877210249296,0.054425751316118584,0.047419451263595896,,,464158.65748896543,0.00737782772117581,1000000.0
4-2,3,0.0,3,0.0005032795478911714,0.615378698225,26.00424529914537,12510.0,12510.0,12510.0,12510.0,12510.0,12510.0,12510.0,12510.0,12510.0,12510.0,12510.0,12510.0,12510.0,12510.0,12510.0,12510.0,12510.0,12510.0,44701696.27006316,20755392.01638689,9640503.706871303,4481426.3426890485,2086798.0690647482,975309.640607514,459401.86270063143,219938.8201638689,108789.93706871303,57199.16342689049,33252.88069064748,22137.996406075137,16978.918627006315,14584.28820163869,13472.799370687131,12956.891634268904,12717.428806906473,12606.279964060752,9.879998020407241e-08,9.879998566150586e-08,9.879998887655305e-08,9.880001518283931e-08,9.879999943626797e-08,9.879999658305988e-08,9.879998020407241e-08,9.879998566150587e-08,9.879998887655302e-08,9.880001518283931e-08,9.879999943626797e-08,9.879999658305989e-08,9.879998020407241e-08,9.879998566150586e-08,9.879998887655302e-08,9.880001518283931e-08,9.879999943626797e-08,9.879999658305988e-08,9.877233052060433e-08,9.874043545789373e-08,9.867178106724897e-08,9.852421277186058e-08,9.82077102199464e-08,9.753271908902816e-08,9.610955194788927e-08,9.318029642381446e-08,8.743875552952927e-08,7.719151401101524e-08,6.163064847247795e-08,4.296892973389834e-08,2.6004546083373494e-08,1.405208411588481e-08,7.060490139948492e-09,3.407676894825169e-09,1.611486591872703e-09,7.545810617675034e-10,0.9997201448480966,0.9993972650581535,0.9987023499621617,0.9972084780506528,0.9940051698410827,0.9871733042726744,0.9727689393193598,0.9431205460196648,0.8850077466990486,0.7812905075790183,0.6237919921470596,0.4349082107282758,0.2632039604629558,0.1422275926641125,0.07146245885483161,0.0344906515299509,0.016310593128213632,0.007637460403484294,4.415290718818343,2.0493964457973326,0.9512456711424073,0.44152900250851673,0.20493966005425449,0.09512460120219367,0.04415290718818343,0.02049396445797333,0.009512456711424073,0.004415290025085167,0.0020493966005425447,0.0009512460120219365,0.0004415290718818343,0.00020493964457973327,9.512456711424073e-05,4.415290025085167e-05,2.0493966005425454e-05,9.512460120219366e-06,1.0030665611122629,1.0014173828672632,0.9981188753639785,0.9964815590601201,0.9943836777926283,0.9875081173173665,0.9720021202150537,0.9383455857953589,0.8725306861878845,0.7630486010158606,0.6123012364705644,0.4412502482672327,0.28101921616241654,0.1572566635638637,0.0931786599799782,0.04803236596163174,-0.014941700205763908,-0.046428732981730246,35444.9982277299,10211334.282012613,2.799333042430616e-07,1.753493768403228e-07,128.5970867136028,0.7650300418965712,0.7624877210249296,0.054425751316118584,0.047419451263595896,,,464158.65748896543,0.00737782772117581,1000000.0
4-2,3,0.0,4,0.0006255341323844364,0.434420118343,22.789064988345054,12510.0,12510.0,12510.0,12510.0,12510.0,12510.0,12510.0,12510.0,12510.0,12510.0,12510.0,12510.0,12510.0,12510.0,12510.0,12510.0,12510.0,12510.0,44701696.27006316,20755392.01638689,9640503.706871303,4481426.3426890485,2086798.0690647482,975309.640607514,459401.86270063143,219938.8201638689,108789.93706871303,57199.16342689049,33252.88069064748,22137.996406075137,16978.918627006315,14584.28820163869,13472.799370687131,12956.891634268904,12717.428806906473,12606.279964060752,9.879998020407241e-08,9.879998566150586e-08,9.879998887655305e-08,9.880001518283931e-08,9.879999943626797e-08,9.879999658305988e-08,9.879998020407241e-08,9.879998566150587e-08,9.879998887655302e-08,9.880001518283931e-08,9.879999943626797e-08,9.879999658305989e-08,9.879998020407241e-08,9.879998566150586e-08,9.879998887655302e-08,9.880001518283931e-08,9.879999943626797e-08,9.879999658305988e-08,9.877233052060433e-08,9.874043545789373e-08,9.867178106724897e-08,9.852421277186058e-08,9.82077102199464e-08,9.753271908902816e-08,9.610955194788927e-08,9.318029642381446e-08,8.743875552952927e-08,7.719151401101524e-08,6.163064847247795e-08,4.296892973389834e-08,2.6004546083373494e-08,1.405208411588481e-08,7.060490139948492e-09,3.407676894825169e-09,1.611486591872703e-09,7.545810617675034e-10,0.9997201448480966,0.9993972650581535,0.9987023499621617,0.9972084780506528,0.9940051698410827,0.9871733042726744,0.9727689393193598,0.9431205460196648,0.8850077466990486,0.7812905075790183,0.6237919921470596,0.4349082107282758,0.2632039604629558,0.1422275926641125,0.07146245885483161,0.0344906515299509,0.016310593128213632,0.007637460403484294,4.415290718818343,2.0493964457973326,0.9512456711424073,0.44152900250851673,0.20493966005425449,0.09512460120219367,0.04415290718818343,0.02049396445797333,0.009512456711424073,0.004415290025085167,0.0020493966005425447,0.0009512460120219365,0.0004415290718818343,0.00020493964457973327,9.512456711424073e-05,4.415290025085167e-05,2.0493966005425454e-05,9.512460120219366e-06,1.0030665611122629,1.0014173828672632,0.9981188753639785,0.9964815590601201,0.9943836777926283,0.9875081173173665,0.9720021202150537,0.9383455857953589,0.8725306861878845,0.7630486010158606,0.6123012364705644,0.4412502482672327,0.28101921616241654,0.1572566635638637,0.0931786599799782,0.04803236596163174,-0.014941700205763908,-0.046428732981730246,35444.9982277299,10211334.282012613,2.799333042430616e-07,1.753493768403228e-07,128.5970867136028,0.7650300418965712,0.7624877210249296,0.054425751316118584,0.047419451263595896,,,464158.65748896543,0.00737782772117581,1000000.0
4-2,3,0.0,5,0.00045106844330655666,0.585218934911,25.454817272727347,12510.0,12510.0,12510.0,12510.0,12510.0,12510.0,12510.0,12510.0,12510.0,12510.0,12510.0,12510.0,12510.0,12510.0,12510.0,12510.0,12510.0,12510.0,44701696.27006316,20755392.01638689,9640503.706871303,4481426.3426890485,2086798.0690647482,975309.640607514,459401.86270063143,219938.8201638689,108789.93706871303,57199.16342689049,33252.88069064748,22137.996406075137,16978.918627006315,14584.28820163869,13472.799370687131,12956.891634268904,12717.428806906473,12606.279964060752,9.879998020407241e-08,9.879998566150586e-08,9.879998887655305e-08,9.880001518283931e-08,9.879999943626797e-08,9.879999658305988e-08,9.879998020407241e-08,9.879998566150587e-08,9.879998887655302e-08,9.880001518283931e-08,9.879999943626797e-08,9.879999658305989e-08,9.879998020407241e-08,9.879998566150586e-08,9.879998887655302e-08,9.880001518283931e-08,9.879999943626797e-08,9.879999658305988e-08,9.877233052060433e-08,9.874043545789373e-08,9.867178106724897e-08,9.852421277186058e-08,9.82077102199464e-08,9.753271908902816e-08,9.610955194788927e-08,9.318029642381446e-08,8.743875552952927e-08,7.719151401101524e-08,6.163064847247795e-08,4.296892973389834e-08,2.6004546083373494e-08,1.405208411588481e-08,7.060490139948492e-09,3.407676894825169e-09,1.611486591872703e-09,7.545810617675034e-10,0.9997201448480966,0.9993972650581535,0.9987023499621617,0.9972084780506528,0.9940051698410827,0.9871733042726744,0.9727689393193598,0.9431205460196648,0.8850077466990486,0.7812905075790183,0.6237919921470596,0.4349082107282758,0.2632039604629558,0.1422275926641125,0.07146245885483161,0.0344906515299509,0.016310593128213632,0.007637460403484294,4.415290718818343,2.0493964457973326,0.9512456711424073,0.44152900250851673,0.20493966005425449,0.09512460120219367,0.04415290718818343,0.02049396445797333,0.009512456711424073,0.004415290025085167,0.0020493966005425447,0.0009512460120219365,0.0004415290718818343,0.00020493964457973327,9.512456711424073e-05,4.415290025085167e-05,2.0493966005425454e-05,9.512460120219366e-06,1.0030665611122629,1.0014173828672632,0.9981188753639785,0.9964815590601201,0.9943836777926283,0.9875081173173665,0.9720021202150537,0.9383455857953589,0.8725306861878845,0.7630486010158606,0.6123012364705644,0.4412502482672327,0.28101921616241654,0.1572566635638637,0.0931786599799782,0.04803236596163174,-0.014941700205763908,-0.046428732981730246,35444.9982277299,10211334.282012613,2.799333042430616e-07,1.753493768403228e-07,128.5970867136028,0.7650300418965712,0.7624877210249296,0.054425751316118584,0.047419451263595896,,,464158.65748896543,0.00737782772117581,1000000.0
4-2,3,0.0,6,0.0004888611971761074,0.725964497041,28.00211057498065,12510.0,12510.0,12510.0,12510.0,12510.0,12510.0,12510.0,12510.0,12510.0,12510.0,12510.0,12510.0,12510.0,12510.0,12510.0,12510.0,12510.0,12510.0,44701696.27006316,20755392.01638689,9640503.706871303,4481426.3426890485,2086798.0690647482,975309.640607514,459401.86270063143,219938.8201638689,108789.93706871303,57199.16342689049,33252.88069064748,22137.996406075137,16978.918627006315,14584.28820163869,13472.799370687131,12956.891634268904,12717.428806906473,12606.279964060752,9.879998020407241e-08,9.879998566150586e-08,9.879998887655305e-08,9.880001518283931e-08,9.879999943626797e-08,9.879999658305988e-08,9.879998020407241e-08,9.879998566150587e-08,9.879998887655302e-08,9.880001518283931e-08,9.879999943626797e-08,9.879999658305989e-08,9.879998020407241e-08,9.879998566150586e-08,9.879998887655302e-08,9.880001518283931e-08,9.879999943626797e-08,9.879999658305988e-08,9.877233052060433e-08,9.874043545789373e-08,9.867178106724897e-08,9.852421277186058e-08,9.82077102199464e-08,9.753271908902816e-08,9.610955194788927e-08,9.318029642381446e-08,8.743875552952927e-08,7.719151401101524e-08,6.163064847247795e-08,4.296892973389834e-08,2.6004546083373494e-08,1.405208411588481e-08,7.060490139948492e-09,3.407676894825169e-09,1.611486591872703e-09,7.545810617675034e-10,0.9997201448480966,0.9993972650581535,0.9987023499621617,0.9972084780506528,0.9940051698410827,0.9871733042726744,0.9727689393193598,0.9431205460196648,0.8850077466990486,0.7812905075790183,0.6237919921470596,0.4349082107282758,0.2632039604629558,0.1422275926641125,0.07146245885483161,0.0344906515299509,0.016310593128213632,0.007637460403484294,4.415290718818343,2.0493964457973326,0.9512456711424073,0.44152900250851673,0.20493966005425449,0.09512460120219367,0.04415290718818343,0.02049396445797333,0.009512456711424073,0.004415290025085167,0.0020493966005425447,0.0009512460120219365,0.0004415290718818343,0.00020493964457973327,9.512456711424073e-05,4.415290025085167e-05,2.0493966005425454e-05,9.512460120219366e-06,1.0030665611122629,1.0014173828672632,0.9981188753639785,0.9964815590601201,0.9943836777926283,0.9875081173173665,0.9720021202150537,0.9383455857953589,0.8725306861878845,0.7630486010158606,0.6123012364705644,0.4412502482672327,0.28101921616241654,0.1572566635638637,0.0931786599799782,0.04803236596163174,-0.014941700205763908,-0.046428732981730246,35444.9982277299,10211334.282012613,2.799333042430616e-07,1.753493768403228e-07,128.5970867136028,0.7650300418965712,0.7624877210249296,0.054425751316118584,0.047419451263595896,,,464158.65748896543,0.00737782772117581,1000000.0
4-2,3,0.0,7,0.00039537982676592965,0.615378698225,26.00424529914537,12510.0,12510.0,12510.0,12510.0,12510.0,12510.0,12510.0,12510.0,12510.0,12510.0,12510.0,12510.0,12510.0,12510.0,12510.0,12510.0,12510.0,12510.0,44701696.27006316,20755392.01638689,9640503.706871303,4481426.3426890485,2086798.0690647482,975309.640607514,459401.86270063143,219938.8201638689,108789.93706871303,57199.16342689049,33252.88069064748,22137.996406075137,16978.918627006315,14584.28820163869,13472.799370687131,12956.891634268904,12717.428806906473,12606.279964060752,9.879998020407241e-08,9.879998566150586e-08,9.879998887655305e-08,9.880001518283931e-08,9.879999943626797e-08,9.879999658305988e-08,9.879998020407241e-08,9.879998566150587e-08,9.879998887655302e-08,9.880001518283931e-08,9.879999943626797e-08,9.879999658305989e-08,9.879998020407241e-08,9.879998566150586e-08,9.879998887655302e-08,9.880001518283931e-08,9.879999943626797e-08,9.879999658305988e-08,9.877233052060433e-08,9.874043545789373e-08,9.867178106724897e-08,9.852421277186058e-08,9.82077102199464e-08,9.753271908902816e-08,9.610955194788927e-08,9.318029642381446e-08,8.743875552952927e-08,7.719151401101524e-08,6.163064847247795e-08,4.296892973389834e-08,2.6004546083373494e-08,1.405208411588481e-08,7.060490139948492e-09,3.407676894825169e-09,1.611486591872703e-09,7.545810617675034e-10,0.9997201448480966,0.9993972650581535,0.9987023499621617,0.9972084780506528,0.9940051698410827,0.9871733042726744,0.9727689393193598,0.9431205460196648,0.8850077466990486,0.7812905075790183,0.6237919921470596,0.4349082107282758,0.2632039604629558,0.1422275926641125,0.07146245885483161,0.0344906515299509,0.016310593128213632,0.007637460403484294,4.415290718818343,2.0493964457973326,0.9512456711424073,0.44152900250851673,0.20493966005425449,0.09512460120219367,0.04415290718818343,0.02049396445797333,0.009512456711424073,0.004415290025085167,0.0020493966005425447,0.0009512460120219365,0.0004415290718818343,0.00020493964457973327,9.512456711424073e-05,4.415290025085167e-05,2.0493966005425454e-05,9.512460120219366e-06,1.0030665611122629,1.0014173828672632,0.9981188753639785,0.9964815590601201,0.9943836777926283,0.9875081173173665,0.9720021202150537,0.9383455857953589,0.8725306861878845,0.7630486010158606,0.6123012364705644,0.4412502482672327,0.28101921616241654,0.1572566635638637,0.0931786599799782,0.04803236596163174,-0.014941700205763908,-0.046428732981730246,35444.9982277299,10211334.282012613,2.799333042430616e-07,1.753493768403228e-07,128.5970867136028,0.7650300418965712,0.7624877210249296,0.054425751316118584,0.047419451263595896,,,464158.65748896543,0.00737782772117581,1000000.0
4-2,5,0.0,0,0.00043181853138563747,0.68575147929,30.269323224553304,12510.0,12510.0,12510.0,12510.0,12510.0,12510.0,12510.0,12510.0,12510.0,12510.0,12510.0,12510.0,12510.0,12510.0,12510.0,12510.0,12510.0,12510.0,33579055.04461711,15592716.80627418,7244203.692089528,3369165.122079137,1570530.816319744,735679.1530222303,348175.4504461711,168312.0680627418,84826.93692089528,46076.55122079136,28090.20816319744,19741.691530222302,15866.654504461712,14068.020680627418,13233.169369208954,12845.665512207912,12665.802081631973,12582.316915302223,1.1399997598572463e-07,1.1399999206291004e-07,1.1399998211172322e-07,1.1399997672202714e-07,1.1399999934953996e-07,1.1400002402354853e-07,1.1399997598572463e-07,1.1399999206291004e-07,1.139999821117232e-07,1.1399997672202712e-07,1.1399999934953996e-07,1.1400002402354853e-07,1.1399997598572463e-07,1.1399999206291004e-07,1.1399998211172322e-07,1.1399997672202712e-07,1.1399999934953996e-07,1.1400002402354853e-07,1.1395750487694308e-07,1.1390853013754928e-07,1.1380311578426546e-07,1.1357668499926571e-07,1.1309193694347737e-07,1.1206148832537645e-07,1.0990393849154209e-07,1.0552680343703338e-07,9.718763655281669e-08,8.304844777710396e-08,6.32299949559374e-08,4.175999847399862e-08,2.4117152912947442e-08,1.2625396938032788e-08,6.229897982367841e-09,2.9788928056489875e-09,1.4023144440619205e-09,6.552155805053752e-10,0.9996274463357178,0.9991977023532573,0.9982731021197456,0.9962869139544339,0.9920345402522475,0.9829953044766758,0.9640698389735147,0.9256737788086793,0.8525232614297261,0.7284953046929639,0.5546490817255653,0.3663156988929443,0.2115540174847708,0.11074910365840691,0.05464823649061948,0.02613064398173166,0.012301003965466949,0.005747503880964358,3.826585329010094,1.7761434522537534,0.8244129515356678,0.3826586057808947,0.17761437204702057,0.08244130081762349,0.038265853290100946,0.017761434522537537,0.008244129515356677,0.0038265860578089467,0.0017761437204702054,0.0008244130081762348,0.0003826585329010094,0.00017761434522537537,8.244129515356677e-05,3.826586057808946e-05,1.7761437204702056e-05,8.244130081762347e-06,1.0040475344189066,1.0018642745762918,0.9974976040849821,0.995306744038265,0.9924449847625123,0.9831238626393315,0.9622603226390947,0.9183518383449716,0.8370912744815655,0.7109135872939252,0.5492964174310089,0.37858193647732286,0.22972142576326782,0.122759733835478,0.07178140797156551,0.03678419977770453,-0.014508711780072403,-0.04015516743312154,35444.9982277299,7678668.620017477,3.229999589767805e-07,1.9529309213076454e-07,111.77945390116787,0.7309234251930098,0.7290872944258889,0.041915298395437874,0.03533229247431082,,,464158.7761303355,0.006394117367148195,1000000.0
4-2,5,0.0,1,0.0006039127899254659,0.876763313609,33.87398178710188,12510.0,12510.0,12510.0,12510.0,12510.0,12510.0,12510.0,12510.0,12510.0,12510.0,12510.0,12510.0,12510.0,12510.0,12510.0,12510.0,12510.0,12510.0,33579055.04461711,15592716.80627418,7244203.692089528,3369165.122079137,1570530.816319744,735679.1530222303,348175.4504461711,168312.0680627418,84826.93692089528,46076.55122079136,28090.20816319744,19741.691530222302,15866.654504461712,14068.020680627418,13233.169369208954,12845.665512207912,12665.802081631973,12582.316915302223,1.1399997598572463e-07,1.1399999206291004e-07,1.1399998211172322e-07,1.1399997672202714e-07,1.1399999934953996e-07,1.1400002402354853e-07,1.1399997598572463e-07,1.1399999206291004e-07,1.139999821117232e-07,1.1399997672202712e-07,1.1399999934953996e-07,1.1400002402354853e-07,1.1399997598572463e-07,1.1399999206291004e-07,1.1399998211172322e-07,1.1399997672202712e-07,1.1399999934953996e-07,1.1400002402354853e-07,1.1395750487694308e-07,1.1390853013754928e-07,1.1380311578426546e-07,1.1357668499926571e-07,1.1309193694347737e-07,1.1206148832537645e-07,1.0990393849154209e-07,1.0552680343703338e-07,9.718763655281669e-08,8.304844777710396e-08,6.32299949559374e-08,4.175999847399862e-08,2.4117152912947442e-08,1.2625396938032788e-08,6.229897982367841e-09,2.9788928056489875e-09,1.4023144440619205e-09,6.552155805053752e-10,0.9996274463357178,0.9991977023532573,0.9982731021197456,0.9962869139544339,0.9920345402522475,0.9829953044766758,0.9640698389735147,0.9256737788086793,0.8525232614297261,0.7284953046929639,0.5546490817255653,0.3663156988929443,0.2115540174847708,0.11074910365840691,0.05464823649061948,0.02613064398173166,0.012301003965466949,0.005747503880964358,3.826585329010094,1.7761434522537534,0.8244129515356678,0.3826586057808947,0.17761437204702057,0.08244130081762349,0.038265853290100946,0.017761434522537537,0.008244129515356677,0.0038265860578089467,0.0017761437204702054,0.0008244130081762348,0.0003826585329010094,0.00017761434522537537,8.244129515356677e-05,3.826586057808946e-05,1.7761437204702056e-05,8.244130081762347e-06,1.0040475344189066,1.0018642745762918,0.9974976040849821,0.995306744038265,0.9924449847625123,0.9831238626393315,0.9622603226390947,0.9183518383449716,0.8370912744815655,0.7109135872939252,0.5492964174310089,0.37858193647732286,0.22972142576326782,0.122759733835478,0.07178140797156551,0.03678419977770453,-0.014508711780072403,-0.04015516743312154,35444.9982277299,7678668.620017477,3.229999589767805e-07,1.9529309213076454e-07,111.77945390116787,0.7309234251930098,0.7290872944258889,0.041915298395437874,0.03533229247431082,,,464158.7761303355,0.006394117367148195,1000000.0
4-2,5,0.0,2,0.00035001600122191014,0.68575147929,30.269323224553304,12510.0,12510.0,12510.0,12510.0,12510.0,12510.0,12510.0,12510.0,12510.0,12510.0,12510.0,12510.0,12510.0,12510.0,12510.0,12510.0,12510.0,12510.0,33579055.04461711,15592716.80627418,7244203.692089528,3369165.122079137,1570530.816319744,735679.1530222303,348175.4504461711,168312.0680627418,84826.93692089528,46076.55122079136,28090.20816319744,19741.691530222302,15866.654504461712,14068.020680627418,13233.169369208954,12845.665512207912,12665.802081631973,12582.316915302223,1.1399997598572463e-07,1.1399999206291004e-07,1.1399998211172322e-07,1.1399997672202714e-07,1.1399999934953996e-07,1.1400002402354853e-07,1.1399997598572463e-07,1.1399999206291004e-07,1.139999821117232e-07,1.1399997672202712e-07,1.1399999934953996e-07,1.1400002402354853e-07,1.1399997598572463e-07,1.1399999206291004e-07,1.1399998211172322e-07,1.1399997672202712e-07,1.1399999934953996e-07,1.1400002402354853e-07,1.1395750487694308e-07,1.1390853013754928e-07,1.1380311578426546e-07,1.1357668499926571e-07,1.1309193694347737e-07,1.1206148832537645e-07,1.0990393849154209e-07,1.0552680343703338e-07,9.718763655281669e-08,8.304844777710396e-08,6.32299949559374e-08,4.175999847399862e-08,2.4117152912947442e-08,1.2625396938032788e-08,6.229897982367841e-09,2.9788928056489875e-09,1.4023144440619205e-09,6.552155805053752e-10,0.9996274463357178,0.9991977023532573,0.9982731021197456,0.9962869139544339,0.9920345402522475,0.9829953044766758,0.9640698389735147,0.9256737788086793,0.8525232614297261,0.7284953046929639,0.5546490817255653,0.3663156988929443,0.2115540174847708,0.11074910365840691,0.05464823649061948,0.02613064398173166,0.012301003965466949,0.005747503880964358,3.826585329010094,1.7761434522537534,0.8244129515356678,0.3826586057808947,0.17761437204702057,0.08244130081762349,0.038265853290100946,0.017761434522537537,0.008244129515356677,0.0038265860578089467,0.0017761437204702054,0.0008244130081762348,0.0003826585329010094,0.00017761434522537537,8.244129515356677e-05,3.826586057808946e-05,1.7761437204702056e-05,8.244130081762347e-06,1.0040475344189066,1.0018642745762918,0.9974976040849821,0.995306744038265,0.9924449847625123,0.9831238626393315,0.9622603226390947,0.9183518383449716,0.8370912744815655,0.7109135872939252,0.5492964174310089,0.37858193647732286,0.22972142576326782,0.122759733835478,0.07178140797156551,0.03678419977770453,-0.014508711780072403,-0.04015516743312154,35444.9982277299,7678668.620017477,3.229999589767805e-07,1.9529309213076454e-07,111.77945390116787,0.7309234251930098,0.7290872944258889,0.041915298395437874,0.03533229247431082,,,464158.7761303355,0.006394117367148195,1000000.0
4-2,5,0.0,3,0.000352818699331038,0.555059171598,27.66236029526037,12510.0,12510.0,12510.0,12510.0,12510.0,12510.0,12510.0,12510.0,12510.0,12510.0,12510.0,12510.0,12510.0,12510.0,12510.0,12510.0,12510.0,12510.0,33579055.04461711,15592716.80627418,7244203.692089528,3369165.122079137,1570530.816319744,735679.1530222303,348175.4504461711,168312.0680627418,84826.93692089528,46076.55122079136,28090.20816319744,19741.691530222302,15866.654504461712,14068.020680627418,13233.169369208954,12845.665512207912,12665.802081631973,12582.316915302223,1.1399997598572463e-07,1.1399999206291004e-07,1.1399998211172322e-07,1.1399997672202714e-07,1.1399999934953996e-07,1.1400002402354853e-07,1.1399997598572463e-07,1.1399999206291004e-07,1.139999821117232e-07,1.1399997672202712e-07,1.1399999934953996e-07,1.1400002402354853e-07,1.1399997598572463e-07,1.1399999206291004e-07,1.1399998211172322e-07,1.1399997672202712e-07,1.1399999934953996e-07,1.1400002402354853e-07,1.1395750487694308e-07,1.1390853013754928e-07,1.1380311578426546e-07,1.1357668499926571e-07,1.1309193694347737e-07,1.1206148832537645e-07,1.0990393849154209e-07,1.0552680343703338e-07,9.718763655281669e-08,8.304844777710396e-08,6.32299949559374e-08,4.175999847399862e-08,2.4117152912947442e-08,1.2625396938032788e-08,6.229897982367841e-09,2.9788928056489875e-09,1.4023144440619205e-09,6.552155805053752e-10,0.9996274463357178,0.9991977023532573,0.9982731021197456,0.9962869139544339,0.9920345402522475,0.9829953044766758,0.9640698389735147,0.9256737788086793,0.8525232614297261,0.7284953046929639,0.5546490817255653,0.3663156988929443,0.2115540174847708,0.11074910365840691,0.05464823649061948,0.02613064398173166,0.012301003965466949,0.005747503880964358,3.826585329010094,1.7761434522537534,0.8244129515356678,0.3826586057808947,0.17761437204702057,0.08244130081762349,0.038265853290100946,0.017761434522537537,0.008244129515356677,0.0038265860578089467,0.0017761437204702054,0.0008244130081762348,0.0003826585329010094,0.00017761434522537537,8.244129515356677e-05,3.826586057808946e-05,1.7761437204702056e-05,8.244130081762347e-06,1.0040475344189066,1.0018642745762918,0.9974976040849821,0.995306744038265,0.9924449847625123,0.9831238626393315,0.9622603226390947,0.9183518383449716,0.8370912744815655,0.7109135872939252,0.5492964174310089,0.37858193647732286,0.22972142576326782,0.122759733835478,0.07178140797156551,0.03678419977770453,-0.014508711780072403,-0.04015516743312154,35444.9982277299,7678668.620017477,3.229999589767805e-07,1.9529309213076454e-07,111.77945390116787,0.7309234251930098,0.7290872944258889,0.041915298395437874,0.03533229247431082,,,464158.7761303355,0.006394117367148195,1000000.0
4-2,5,0.0,4,0.00032536939375138387,0.886816568047,34.04834877233887,12510.0,12510.0,12510.0,12510.0,12510.0,12510.0,12510.0,12510.0,12510.0,12510.0,12510.0,12510.0,12510.0,12510.0,12510.0,12510.0,12510.0,12510.0,33579055.04461711,15592716.80627418,7244203.692089528,3369165.122079137,1570530.816319744,735679.1530222303,348175.4504461711,168312.0680627418,84826.93692089528,46076.55122079136,28090.20816319744,19741.691530222302,15866.654504461712,14068.020680627418,13233.169369208954,12845.665512207912,12665.802081631973,12582.316915302223,1.1399997598572463e-07,1.1399999206291004e-07,1.1399998211172322e-07,1.1399997672202714e-07,1.1399999934953996e-07,1.1400002402354853e-07,1.1399997598572463e-07,1.1399999206291004e-07,1.139999821117232e-07,1.1399997672202712e-07,1.1399999934953996e-07,1.1400002402354853e-07,1.1399997598572463e-07,1.1399999206291004e-07,1.1399998211172322e-07,1.1399997672202712e-07,1.1399999934953996e-07,1.1400002402354853e-07,1.1395750487694308e-07,1.1390853013754928e-07,1.1380311578426546e-07,1.1357668499926571e-07,1.1309193694347737e-07,1.1206148832537645e-07,1.0990393849154209e-07,1.0552680343703338e-07,9.718763655281669e-08,8.304844777710396e-08,6.32299949559374e-08,4.175999847399862e-08,2.4117152912947442e-08,1.2625396938032788e-08,6.229897982367841e-09,2.9788928056489875e-09,1.4023144440619205e-09,6.552155805053752e-10,0.9996274463357178,0.9991977023532573,0.9982731021197456,0.9962869139544339,0.9920345402522475,0.9829953044766758,0.9640698389735147,0.9256737788086793,0.8525232614297261,0.7284953046929639,0.5546490817255653,0.3663156988929443,0.2115540174847708,0.11074910365840691,0.05464823649061948,0.02613064398173166,0.012301003965466949,0.005747503880964358,3.826585329010094,1.7761434522537534,0.8244129515356678,0.3826586057808947,0.17761437204702057,0.08244130081762349,0.038265853290100946,0.017761434522537537,0.008244129515356677,0.0038265860578089467,0.0017761437204702054,0.0008244130081762348,0.0003826585329010094,0.00017761434522537537,8.244129515356677e-05,3.826586057808946e-05,1.7761437204702056e-05,8.244130081762347e-06,1.0040475344189066,1.0018642745762918,0.9974976040849821,0.995306744038265,0.9924449847625123,0.9831238626393315,0.9622603226390947,0.9183518383449716,0.8370912744815655,0.7109135872939252,0.5492964174310089,0.37858193647732286,0.22972142576326782,0.122759733835478,0.07178140797156551,0.03678419977770453,-0.014508711780072403,-0.04015516743312154,35444.9982277299,7678668.620017477,3.229999589767805e-07,1.9529309213076454e-07,111.77945390116787,0.7309234251930098,0.7290872944258889,0.041915298395437874,0.03533229247431082,,,464158.7761303355,0.006394117367148195,1000000.0
4-2,5,0.0,5,0.0003130339937937029,0.886816568047,34.04834877233887,12510.0,12510.0,12510.0,12510.0,12510.0,12510.0,12510.0,12510.0,12510.0,12510.0,12510.0,12510.0,12510.0,12510.0,12510.0,12510.0,12510.0,12510.0,33579055.04461711,15592716.80627418,7244203.692089528,3369165.122079137,1570530.816319744,735679.1530222303,348175.4504461711,168312.0680627418,84826.93692089528,46076.55122079136,28090.20816319744,19741.691530222302,15866.654504461712,14068.020680627418,13233.169369208954,12845.665512207912,12665.802081631973,12582.316915302223,1.1399997598572463e-07,1.1399999206291004e-07,1.1399998211172322e-07,1.1399997672202714e-07,1.1399999934953996e-07,1.1400002402354853e-07,1.1399997598572463e-07,1.1399999206291004e-07,1.139999821117232e-07,1.1399997672202712e-07,1.1399999934953996e-07,1.1400002402354853e-07,1.1399997598572463e-07,1.1399999206291004e-07,1.1399998211172322e-07,1.1399997672202712e-07,1.1399999934953996e-07,1.1400002402354853e-07,1.1395750487694308e-07,1.1390853013754928e-07,1.1380311578426546e-07,1.1357668499926571e-07,1.1309193694347737e-07,1.1206148832537645e-07,1.0990393849154209e-07,1.0552680343703338e-07,9.718763655281669e-08,8.304844777710396e-08,6.32299949559374e-08,4.175999847399862e-08,2.4117152912947442e-08,1.2625396938032788e-08,6.229897982367841e-09,2.9788928056489875e-09,1.4023144440619205e-09,6.552155805053752e-10,0.9996274463357178,0.9991977023532573,0.9982731021197456,0.9962869139544339,0.9920345402522475,0.9829953044766758,0.9640698389735147,0.9256737788086793,0.8525232614297261,0.7284953046929639,0.5546490817255653,0.3663156988929443,0.2115540174847708,0.11074910365840691,0.05464823649061948,0.02613064398173166,0.012301003965466949,0.005747503880964358,3.826585329010094,1.7761434522537534,0.8244129515356678,0.3826586057808947,0.17761437204702057,0.08244130081762349,0.038265853290100946,0.017761434522537537,0.008244129515356677,0.0038265860578089467,0.0017761437204702054,0.0008244130081762348,0.0003826585329010094,0.00017761434522537537,8.244129515356677e-05,3.826586057808946e-05,1.7761437204702056e-05,8.244130081762347e-06,1.0040475344189066,1.0018642745762918,0.9974976040849821,0.995306744038265,0.9924449847625123,0.9831238626393315,0.9622603226390947,0.9183518383449716,0.8370912744815655,0.7109135872939252,0.5492964174310089,0.37858193647732286,0.22972142576326782,0.122759733835478,0.07178140797156551,0.03678419977770453,-0.014508711780072403,-0.04015516743312154,35444.9982277299,7678668.620017477,3.229999589767805e-07,1.9529309213076454e-07,111.77945390116787,0.7309234251930098,0.7290872944258889,0.041915298395437874,0.03533229247431082,,,464158.7761303355,0.006394117367148195,1000000.0
4-2,5,0.0,6,0.00035562204519318653,0.977295857988,35.594108686868786,12510.0,12510.0,12510.0,12510.0,12510.0,12510.0,12510.0,12510.0,12510.0,12510.0,12510.0,12510.0,12510.0,12510.0,12510.0,12510.0,12510.0,12510.0,33579055.04461711,15592716.80627418,7244203.692089528,3369165.122079137,1570530.816319744,735679.1530222303,348175.4504461711,168312.0680627418,84826.93692089528,46076.55122079136,28090.20816319744,19741.691530222302,15866.654504461712,14068.020680627418,13233.169369208954,12845.665512207912,12665.802081631973,12582.316915302223,1.1399997598572463e-07,1.1399999206291004e-07,1.1399998211172322e-07,1.1399997672202714e-07,1.1399999934953996e-07,1.1400002402354853e-07,1.1399997598572463e-07,1.1399999206291004e-07,1.139999821117232e-07,1.1399997672202712e-07,1.1399999934953996e-07,1.1400002402354853e-07,1.1399997598572463e-07,1.1399999206291004e-07,1.1399998211172322e-07,1.1399997672202712e-07,1.1399999934953996e-07,1.1400002402354853e-07,1.1395750487694308e-07,1.1390853013754928e-07,1.1380311578426546e-07,1.1357668499926571e-07,1.1309193694347737e-07,1.1206148832537645e-07,1.0990393849154209e-07,1.0552680343703338e-07,9.718763655281669e-08,8.304844777710396e-08,6.32299949559374e-08,4.175999847399862e-08,2.4117152912947442e-08,1.2625396938032788e-08,6.229897982367841e-09,2.9788928056489875e-09,1.4023144440619205e-09,6.552155805053752e-10,0.9996274463357178,0.9991977023532573,0.9982731021197456,0.9962869139544339,0.9920345402522475,0.9829953044766758,0.9640698389735147,0.9256737788086793,0.8525232614297261,0.7284953046929639,0.5546490817255653,0.3663156988929443,0.2115540174847708,0.11074910365840691,0.05464823649061948,0.02613064398173166,0.012301003965466949,0.005747503880964358,3.826585329010094,1.7761434522537534,0.8244129515356678,0.3826586057808947,0.17761437204702057,0.08244130081762349,0.038265853290100946,0.017761434522537537,0.008244129515356677,0.0038265860578089467,0.0017761437204702054,0.0008244130081762348,0.0003826585329010094,0.00017761434522537537,8.244129515356677e-05,3.826586057808946e-05,1.7761437204702056e-05,8.244130081762347e-06,1.0040475344189066,1.0018642745762918,0.9974976040849821,0.995306744038265,0.9924449847625123,0.9831238626393315,0.9622603226390947,0.9183518383449716,0.8370912744815655,0.7109135872939252,0.5492964174310089,0.37858193647732286,0.22972142576326782,0.122759733835478,0.07178140797156551,0.03678419977770453,-0.014508711780072403,-0.04015516743312154,35444.9982277299,7678668.620017477,3.229999589767805e-07,1.9529309213076454e-07,111.77945390116787,0.7309234251930098,0.7290872944258889,0.041915298395437874,0.03533229247431082,,,464158.7761303355,0.006394117367148195,1000000.0
4-2,5,0.0,7,0.0002580479382643073,0.997402366864,35.928857187257286,12510.0,12510.0,12510.0,12510.0,12510.0,12510.0,12510.0,12510.0,12510.0,12510.0,12510.0,12510.0,12510.0,12510.0,12510.0,12510.0,12510.0,12510.0,33579055.04461711,15592716.80627418,7244203.692089528,3369165.122079137,1570530.816319744,735679.1530222303,348175.4504461711,168312.0680627418,84826.93692089528,46076.55122079136,28090.20816319744,19741.691530222302,15866.654504461712,14068.020680627418,13233.169369208954,12845.665512207912,12665.802081631973,12582.316915302223,1.1399997598572463e-07,1.1399999206291004e-07,1.1399998211172322e-07,1.1399997672202714e-07,1.1399999934953996e-07,1.1400002402354853e-07,1.1399997598572463e-07,1.1399999206291004e-07,1.139999821117232e-07,1.1399997672202712e-07,1.1399999934953996e-07,1.1400002402354853e-07,1.1399997598572463e-07,1.1399999206291004e-07,1.1399998211172322e-07,1.1399997672202712e-07,1.1399999934953996e-07,1.1400002402354853e-07,1.1395750487694308e-07,1.1390853013754928e-07,1.1380311578426546e-07,1.1357668499926571e-07,1.1309193694347737e-07,1.1206148832537645e-07,1.0990393849154209e-07,1.0552680343703338e-07,9.718763655281669e-08,8.304844777710396e-08,6.32299949559374e-08,4.175999847399862e-08,2.4117152912947442e-08,1.2625396938032788e-08,6.229897982367841e-09,2.9788928056489875e-09,1.4023144440619205e-09,6.552155805053752e-10,0.9996274463357178,0.9991977023532573,0.9982731021197456,0.9962869139544339,0.9920345402522475,0.9829953044766758,0.9640698389735147,0.9256737788086793,0.8525232614297261,0.7284953046929639,0.5546490817255653,0.3663156988929443,0.2115540174847708,0.11074910365840691,0.05464823649061948,0.02613064398173166,0.012301003965466949,0.005747503880964358,3.826585329010094,1.7761434522537534,0.8244129515356678,0.3826586057808947,0.17761437204702057,0.08244130081762349,0.038265853290100946,0.017761434522537537,0.008244129515356677,0.0038265860578089467,0.0017761437204702054,0.0008244130081762348,0.0003826585329010094,0.00017761434522537537,8.244129515356677e-05,3.826586057808946e-05,1.7761437204702056e-05,8.244130081762347e-06,1.0040475344189066,1.0018642745762918,0.9974976040849821,0.995306744038265,0.9924449847625123,0.9831238626393315,0.9622603226390947,0.9183518383449716,0.8370912744815655,0.7109135872939252,0.5492964174310089,0.37858193647732286,0.22972142576326782,0.122759733835478,0.07178140797156551,0.03678419977770453,-0.014508711780072403,-0.04015516743312154,35444.9982277299,7678668.620017477,3.229999589767805e-07,1.9529309213076454e-07,111.77945390116787,0.7309234251930098,0.7290872944258889,0.041915298395437874,0.03533229247431082,,,464158.7761303355,0.006394117367148195,1000000.0
4-2,6,0.0,0,0.0002866251739545463,0.856656804734,35.17042917637927,12510.0,12510.0,12510.0,12510.0,12510.0,12510.0,12510.0,12510.0,12510.0,12510.0,12510.0,12510.0,12510.0,12510.0,12510.0,12510.0,12510.0,12510.0,29514351.374427654,13706049.07052358,6368487.966506795,2962693.0543533172,1381864.2330935253,648107.9151281294,307528.4137442766,149445.39070523583,76069.77966506794,42011.83054353317,26203.54233093525,18865.97915128129,15460.184137442766,13879.353907052358,13145.59779665068,12805.018305435331,12646.935423309353,12573.559791512813,1.215999843928415e-07,1.216000007149202e-07,1.2160000787133774e-07,1.2160001868657147e-07,1.2159999930617597e-07,1.2160002306821072e-07,1.215999843928415e-07,1.2160000071492022e-07,1.216000078713377e-07,1.2160001868657147e-07,1.2159999930617597e-07,1.2160002306821072e-07,1.215999843928415e-07,1.216000007149202e-07,1.2160000787133774e-07,1.2160001868657144e-07,1.2159999930617597e-07,1.2160002306821072e-07,1.2154844282970645e-07,1.2148901205574377e-07,1.2136114173757557e-07,1.2108656143471954e-07,1.204991559998008e-07,1.1925285795407602e-07,1.1665339820188416e-07,1.1142092458707843e-07,1.0160236747894687e-07,8.539078395225761e-08,6.354616932745772e-08,4.0967246132273014e-08,2.3204273757659627e-08,1.1997203702107268e-08,5.879435707018182e-09,2.8015759601522392e-09,1.3166310115507004e-09,6.146924373307334e-10,0.9995761384066586,0.9990872643213495,0.9980356404745062,0.9957774903540484,0.9909470122314447,0.980697658973156,0.959320832024313,0.9162904928618738,0.8355457311026665,0.7022267337997331,0.522583632319398,0.3369016312545657,0.19082464420962247,0.09866121407543067,0.04835061946080695,0.023039272447592334,0.010827557722558554,0.005055035532237735,3.587423450690488,1.6651343607654552,0.7728869707572754,0.35874231453816985,0.16651347379408177,0.0772887211416872,0.035874234506904884,0.016651343607654554,0.007728869707572753,0.003587423145381698,0.0016651347379408176,0.0007728872114168717,0.0003587423450690488,0.00016651343607654553,7.728869707572754e-05,3.5874231453816984e-05,1.6651347379408178e-05,7.728872114168718e-06,1.004583596679508,1.002107188825903,0.9971542224267029,0.9946547503279763,0.991358372553254,0.980667308604664,0.9568765841889757,0.9076572401047258,0.8190035150122394,0.6856635648432619,0.5203486229117082,0.35126368657967255,0.20852830685099555,0.10924485942093476,0.06360806038849987,0.03256059194903216,-0.013962153331329219,-0.037223525900208984,35444.9982277299,6753120.42328144,3.445333325047437e-07,2.0492504430251585e-07,104.7781863057511,0.7150375965307526,0.7134852446277219,0.03718673984772525,0.030845566505385714,,,464158.7281686229,0.005994485034714912,1000000.0
4-2,6,0.0,1,0.00034567964120500093,0.625431952663,30.50124571095579,12510.0,12510.0,12510.0,12510.0,12510.0,12510.0,12510.0,12510.0,12510.0,12510.0,12510.0,12510.0,12510.0,12510.0,12510.0,12510.0,12510.0,12510.0,29514351.374427654,13706049.07052358,6368487.966506795,2962693.0543533172,1381864.2330935253,648107.9151281294,307528.4137442766,149445.39070523583,76069.77966506794,42011.83054353317,26203.54233093525,18865.97915128129,15460.184137442766,13879.353907052358,13145.59779665068,12805.018305435331,12646.935423309353,12573.559791512813,1.215999843928415e-07,1.216000007149202e-07,1.2160000787133774e-07,1.2160001868657147e-07,1.2159999930617597e-07,1.2160002306821072e-07,1.215999843928415e-07,1.2160000071492022e-07,1.216000078713377e-07,1.2160001868657147e-07,1.2159999930617597e-07,1.2160002306821072e-07,1.215999843928415e-07,1.216000007149202e-07,1.2160000787133774e-07,1.2160001868657144e-07,1.2159999930617597e-07,1.2160002306821072e-07,1.2154844282970645e-07,1.2148901205574377e-07,1.2136114173757557e-07,1.2108656143471954e-07,1.204991559998008e-07,1.1925285795407602e-07,1.1665339820188416e-07,1.1142092458707843e-07,1.0160236747894687e-07,8.539078395225761e-08,6.354616932745772e-08,4.0967246132273014e-08,2.3204273757659627e-08,1.1997203702107268e-08,5.879435707018182e-09,2.8015759601522392e-09,1.3166310115507004e-09,6.146924373307334e-10,0.9995761384066586,0.9990872643213495,0.9980356404745062,0.9957774903540484,0.9909470122314447,0.980697658973156,0.959320832024313,0.9162904928618738,0.8355457311026665,0.7022267337997331,0.522583632319398,0.3369016312545657,0.19082464420962247,0.09866121407543067,0.04835061946080695,0.023039272447592334,0.010827557722558554,0.005055035532237735,3.587423450690488,1.6651343607654552,0.7728869707572754,0.35874231453816985,0.16651347379408177,0.0772887211416872,0.035874234506904884,0.016651343607654554,0.007728869707572753,0.003587423145381698,0.0016651347379408176,0.0007728872114168717,0.0003587423450690488,0.00016651343607654553,7.728869707572754e-05,3.5874231453816984e-05,1.6651347379408178e-05,7.728872114168718e-06,1.004583596679508,1.002107188825903,0.9971542224267029,0.9946547503279763,0.991358372553254,0.980667308604664,0.9568765841889757,0.9076572401047258,0.8190035150122394,0.6856635648432619,0.5203486229117082,0.35126368657967255,0.20852830685099555,0.10924485942093476,0.06360806038849987,0.03256059194903216,-0.013962153331329219,-0.037223525900208984,35444.9982277299,6753120.42328144,3.445333325047437e-07,2.0492504430251585e-07,104.7781863057511,0.7150375965307526,0.7134852446277219,0.03718673984772525,0.030845566505385714,,,464158.7281686229,0.005994485034714912,1000000.0
4-2,6,0.0,2,0.0003779820997212009,0.40426035503,25.976037187257262,12510.0,12510.0,12510.0,12510.0,12510.0,12510.0,12510.0,12510.0,12510.0,12510.0,12510.0,12510.0,12510.0,12510.0,12510.0,12510.0,12510.0,12510.0,29514351.374427654,13706049.07052358,6368487.966506795,2962693.0543533172,1381864.2330935253,648107.9151281294,307528.4137442766,149445.39070523583,76069.77966506794,42011.83054353317,26203.54233093525,18865.97915128129,15460.184137442766,13879.353907052358,13145.59779665068,12805.018305435331,12646.935423309353,12573.559791512813,1.215999843928415e-07,1.216000007149202e-07,1.2160000787133774e-07,1.2160001868657147e-07,1.2159999930617597e-07,1.2160002306821072e-07,1.215999843928415e-07,1.2160000071492022e-07,1.216000078713377e-07,1.2160001868657147e-07,1.2159999930617597e-07,1.2160002306821072e-07,1.215999843928415e-07,1.216000007149202e-07,1.2160000787133774e-07,1.2160001868657144e-07,1.2159999930617597e-07,1.2160002306821072e-07,1.2154844282970645e-07,1.2148901205574377e-07,1.2136114173757557e-07,1.2108656143471954e-07,1.204991559998008e-07,1.1925285795407602e-07,1.1665339820188416e-07,1.1142092458707843e-07,1.0160236747894687e-07,8.539078395225761e-08,6.354616932745772e-08,4.0967246132273014e-08,2.3204273757659627e-08,1.1997203702107268e-08,5.879435707018182e-09,2.8015759601522392e-09,1.3166310115507004e-09,6.146924373307334e-10,0.9995761384066586,0.9990872643213495,0.9980356404745062,0.9957774903540484,0.9909470122314447,0.980697658973156,0.959320832024313,0.9162904928618738,0.8355457311026665,0.7022267337997331,0.522583632319398,0.3369016312545657,0.19082464420962247,0.09866121407543067,0.04835061946080695,0.023039272447592334,0.010827557722558554,0.005055035532237735,3.587423450690488,1.6651343607654552,0.7728869707572754,0.35874231453816985,0.16651347379408177,0.0772887211416872,0.035874234506904884,0.016651343607654554,0.007728869707572753,0.003587423145381698,0.0016651347379408176,0.0007728872114168717,0.0003587423450690488,0.00016651343607654553,7.728869707572754e-05,3.5874231453816984e-05,1.6651347379408178e-05,7.728872114168718e-06,1.004583596679508,1.002107188825903,0.9971542224267029,0.9946547503279763,0.991358372553254,0.980667308604664,0.9568765841889757,0.9076572401047258,0.8190035150122394,0.6856635648432619,0.5203486229117082,0.35126368657967255,0.20852830685099555,0.10924485942093476,0.06360806038849987,0.03256059194903216,-0.013962153331329219,-0.037223525900208984,35444.9982277299,6753120.42328144,3.445333325047437e-07,2.0492504430251585e-07,104.7781863057511,0.7150375965307526,0.7134852446277219,0.03718673984772525,0.030845566505385714,,,464158.7281686229,0.005994485034714912,1000000.0
4-2,6,0.0,3,0.00033226492899863537,0.886816568047,35.729602571872675,12510.0,12510.0,12510.0,12510.0,12510.0,12510.0,12510.0,12510.0,12510.0,12510.0,12510.0,12510.0,12510.0,12510.0,12510.0,12510.0,12510.0,12510.0,29514351.374427654,13706049.07052358,6368487.966506795,2962693.0543533172,1381864.2330935253,648107.9151281294,307528.4137442766,149445.39070523583,76069.77966506794,42011.83054353317,26203.54233093525,18865.97915128129,15460.184137442766,13879.353907052358,13145.59779665068,12805.018305435331,12646.935423309353,12573.559791512813,1.215999843928415e-07,1.216000007149202e-07,1.2160000787133774e-07,1.2160001868657147e-07,1.2159999930617597e-07,1.2160002306821072e-07,1.215999843928415e-07,1.2160000071492022e-07,1.216000078713377e-07,1.2160001868657147e-07,1.2159999930617597e-07,1.2160002306821072e-07,1.215999843928415e-07,1.216000007149202e-07,1.2160000787133774e-07,1.2160001868657144e-07,1.2159999930617597e-07,1.2160002306821072e-07,1.2154844282970645e-07,1.2148901205574377e-07,1.2136114173757557e-07,1.2108656143471954e-07,1.204991559998008e-07,1.1925285795407602e-07,1.1665339820188416e-07,1.1142092458707843e-07,1.0160236747894687e-07,8.539078395225761e-08,6.354616932745772e-08,4.0967246132273014e-08,2.3204273757659627e-08,1.1997203702107268e-08,5.879435707018182e-09,2.8015759601522392e-09,1.3166310115507004e-09,6.146924373307334e-10,0.9995761384066586,0.9990872643213495,0.9980356404745062,0.9957774903540484,0.9909470122314447,0.980697658973156,0.959320832024313,0.9162904928618738,0.8355457311026665,0.7022267337997331,0.522583632319398,0.3369016312545657,0.19082464420962247,0.09866121407543067,0.04835061946080695,0.023039272447592334,0.010827557722558554,0.005055035532237735,3.587423450690488,1.6651343607654552,0.7728869707572754,0.35874231453816985,0.16651347379408177,0.0772887211416872,0.035874234506904884,0.016651343607654554,0.007728869707572753,0.003587423145381698,0.0016651347379408176,0.0007728872114168717,0.0003587423450690488,0.00016651343607654553,7.728869707572754e-05,3.5874231453816984e-05,1.6651347379408178e-05,7.728872114168718e-06,1.004583596679508,1.002107188825903,0.9971542224267029,0.9946547503279763,0.991358372553254,0.980667308604664,0.9568765841889757,0.9076572401047258,0.8190035150122394,0.6856635648432619,0.5203486229117082,0.35126368657967255,0.20852830685099555,0.10924485942093476,0.06360806038849987,0.03256059194903216,-0.013962153331329219,-0.037223525900208984,35444.9982277299,6753120.42328144,3.445333325047437e-07,2.0492504430251585e-07,104.7781863057511,0.7150375965307526,0.7134852446277219,0.03718673984772525,0.030845566505385714,,,464158.7281686229,0.005994485034714912,1000000.0
4-2,6,0.0,4,0.0003833116825230562,0.575165680473,29.452580691530777,12510.0,12510.0,12510.0,12510.0,12510.0,12510.0,12510.0,12510.0,12510.0,12510.0,12510.0,12510.0,12510.0,12510.0,12510.0,12510.0,12510.0,12510.0,29514351.374427654,13706049.07052358,6368487.966506795,2962693.0543533172,1381864.2330935253,648107.9151281294,307528.4137442766,149445.39070523583,76069.77966506794,42011.83054353317,26203.54233093525,18865.97915128129,15460.184137442766,13879.353907052358,13145.59779665068,12805.018305435331,12646.935423309353,12573.559791512813,1.215999843928415e-07,1.216000007149202e-07,1.2160000787133774e-07,1.2160001868657147e-07,1.2159999930617597e-07,1.2160002306821072e-07,1.215999843928415e-07,1.2160000071492022e-07,1.216000078713377e-07,1.2160001868657147e-07,1.2159999930617597e-07,1.2160002306821072e-07,1.215999843928415e-07,1.216000007149202e-07,1.2160000787133774e-07,1.2160001868657144e-07,1.2159999930617597e-07,1.2160002306821072e-07,1.2154844282970645e-07,1.2148901205574377e-07,1.2136114173757557e-07,1.2108656143471954e-07,1.204991559998008e-07,1.1925285795407602e-07,1.1665339820188416e-07,1.1142092458707843e-07,1.0160236747894687e-07,8.539078395225761e-08,6.354616932745772e-08,4.0967246132273014e-08,2.3204273757659627e-08,1.1997203702107268e-08,5.879435707018182e-09,2.8015759601522392e-09,1.3166310115507004e-09,6.146924373307334e-10,0.9995761384066586,0.9990872643213495,0.9980356404745062,0.9957774903540484,0.9909470122314447,0.980697658973156,0.959320832024313,0.9162904928618738,0.8355457311026665,0.7022267337997331,0.522583632319398,0.3369016312545657,0.19082464420962247,0.09866121407543067,0.04835061946080695,0.023039272447592334,0.010827557722558554,0.005055035532237735,3.587423450690488,1.6651343607654552,0.7728869707572754,0.35874231453816985,0.16651347379408177,0.0772887211416872,0.035874234506904884,0.016651343607654554,0.007728869707572753,0.003587423145381698,0.0016651347379408176,0.0007728872114168717,0.0003587423450690488,0.00016651343607654553,7.728869707572754e-05,3.5874231453816984e-05,1.6651347379408178e-05,7.728872114168718e-06,1.004583596679508,1.002107188825903,0.9971542224267029,0.9946547503279763,0.991358372553254,0.980667308604664,0.9568765841889757,0.9076572401047258,0.8190035150122394,0.6856635648432619,0.5203486229117082,0.35126368657967255,0.20852830685099555,0.10924485942093476,0.06360806038849987,0.03256059194903216,-0.013962153331329219,-0.037223525900208984,35444.9982277299,6753120.42328144,3.445333325047437e-07,2.0492504430251585e-07,104.7781863057511,0.7150375965307526,0.7134852446277219,0.03718673984772525,0.030845566505385714,,,464158.7281686229,0.005994485034714912,1000000.0
4-2,6,0.0,5,0.00029402171243427926,0.595272189349,29.871121693861774,12510.0,12510.0,12510.0,12510.0,12510.0,12510.0,12510.0,12510.0,12510.0,12510.0,12510.0,12510.0,12510.0,12510.0,12510.0,12510.0,12510.0,12510.0,29514351.374427654,13706049.07052358,6368487.966506795,2962693.0543533172,1381864.2330935253,648107.9151281294,307528.4137442766,149445.39070523583,76069.77966506794,42011.83054353317,26203.54233093525,18865.97915128129,15460.184137442766,13879.353907052358,13145.59779665068,12805.018305435331,12646.935423309353,12573.559791512813,1.215999843928415e-07,1.216000007149202e-07,1.2160000787133774e-07,1.2160001868657147e-07,1.2159999930617597e-07,1.2160002306821072e-07,1.215999843928415e-07,1.2160000071492022e-07,1.216000078713377e-07,1.2160001868657147e-07,1.2159999930617597e-07,1.2160002306821072e-07,1.215999843928415e-07,1.216000007149202e-07,1.2160000787133774e-07,1.2160001868657144e-07,1.2159999930617597e-07,1.2160002306821072e-07,1.2154844282970645e-07,1.2148901205574377e-07,1.2136114173757557e-07,1.2108656143471954e-07,1.204991559998008e-07,1.1925285795407602e-07,1.1665339820188416e-07,1.1142092458707843e-07,1.0160236747894687e-07,8.539078395225761e-08,6.354616932745772e-08,4.0967246132273014e-08,2.3204273757659627e-08,1.1997203702107268e-08,5.879435707018182e-09,2.8015759601522392e-09,1.3166310115507004e-09,6.146924373307334e-10,0.9995761384066586,0.9990872643213495,0.9980356404745062,0.9957774903540484,0.9909470122314447,0.980697658973156,0.959320832024313,0.9162904928618738,0.8355457311026665,0.7022267337997331,0.522583632319398,0.3369016312545657,0.19082464420962247,0.09866121407543067,0.04835061946080695,0.023039272447592334,0.010827557722558554,0.005055035532237735,3.587423450690488,1.6651343607654552,0.7728869707572754,0.35874231453816985,0.16651347379408177,0.0772887211416872,0.035874234506904884,0.016651343607654554,0.007728869707572753,0.003587423145381698,0.0016651347379408176,0.0007728872114168717,0.0003587423450690488,0.00016651343607654553,7.728869707572754e-05,3.5874231453816984e-05,1.6651347379408178e-05,7.728872114168718e-06,1.004583596679508,1.002107188825903,0.9971542224267029,0.9946547503279763,0.991358372553254,0.980667308604664,0.9568765841889757,0.9076572401047258,0.8190035150122394,0.6856635648432619,0.5203486229117082,0.35126368657967255,0.20852830685099555,0.10924485942093476,0.06360806038849987,0.03256059194903216,-0.013962153331329219,-0.037223525900208984,35444.9982277299,6753120.42328144,3.445333325047437e-07,2.0492504430251585e-07,104.7781863057511,0.7150375965307526,0.7134852446277219,0.03718673984772525,0.030845566505385714,,,464158.7281686229,0.005994485034714912,1000000.0
4-2,6,0.0,6,0.00025827307275754847,0.796337278107,34.01091128205138,12510.0,12510.0,12510.0,12510.0,12510.0,12510.0,12510.0,12510.0,12510.0,12510.0,12510.0,12510.0,12510.0,12510.0,12510.0,12510.0,12510.0,12510.0,29514351.374427654,13706049.07052358,6368487.966506795,2962693.0543533172,1381864.2330935253,648107.9151281294,307528.4137442766,149445.39070523583,76069.77966506794,42011.83054353317,26203.54233093525,18865.97915128129,15460.184137442766,13879.353907052358,13145.59779665068,12805.018305435331,12646.935423309353,12573.559791512813,1.215999843928415e-07,1.216000007149202e-07,1.2160000787133774e-07,1.2160001868657147e-07,1.2159999930617597e-07,1.2160002306821072e-07,1.215999843928415e-07,1.2160000071492022e-07,1.216000078713377e-07,1.2160001868657147e-07,1.2159999930617597e-07,1.2160002306821072e-07,1.215999843928415e-07,1.216000007149202e-07,1.2160000787133774e-07,1.2160001868657144e-07,1.2159999930617597e-07,1.2160002306821072e-07,1.2154844282970645e-07,1.2148901205574377e-07,1.2136114173757557e-07,1.2108656143471954e-07,1.204991559998008e-07,1.1925285795407602e-07,1.1665339820188416e-07,1.1142092458707843e-07,1.0160236747894687e-07,8.539078395225761e-08,6.354616932745772e-08,4.0967246132273014e-08,2.3204273757659627e-08,1.1997203702107268e-08,5.879435707018182e-09,2.8015759601522392e-09,1.3166310115507004e-09,6.146924373307334e-10,0.9995761384066586,0.9990872643213495,0.9980356404745062,0.9957774903540484,0.9909470122314447,0.980697658973156,0.959320832024313,0.9162904928618738,0.8355457311026665,0.7022267337997331,0.522583632319398,0.3369016312545657,0.19082464420962247,0.09866121407543067,0.04835061946080695,0.023039272447592334,0.010827557722558554,0.005055035532237735,3.587423450690488,1.6651343607654552,0.7728869707572754,0.35874231453816985,0.16651347379408177,0.0772887211416872,0.035874234506904884,0.016651343607654554,0.007728869707572753,0.003587423145381698,0.0016651347379408176,0.0007728872114168717,0.0003587423450690488,0.00016651343607654553,7.728869707572754e-05,3.5874231453816984e-05,1.6651347379408178e-05,7.728872114168718e-06,1.004583596679508,1.002107188825903,0.9971542224267029,0.9946547503279763,0.991358372553254,0.980667308604664,0.9568765841889757,0.9076572401047258,0.8190035150122394,0.6856635648432619,0.5203486229117082,0.35126368657967255,0.20852830685099555,0.10924485942093476,0.06360806038849987,0.03256059194903216,-0.013962153331329219,-0.037223525900208984,35444.9982277299,6753120.42328144,3.445333325047437e-07,2.0492504430251585e-07,104.7781863057511,0.7150375965307526,0.7134852446277219,0.03718673984772525,0.030845566505385714,,,464158.7281686229,0.005994485034714912,1000000.0
4-2,6,0.0,7,0.0004089490916704938,0.464579881657,27.183383636363715,12510.0,12510.0,12510.0,12510.0,12510.0,12510.0,12510.0,12510.0,12510.0,12510.0,12510.0,12510.0,12510.0,12510.0,12510.0,12510.0,12510.0,12510.0,29514351.374427654,13706049.07052358,6368487.966506795,2962693.0543533172,1381864.2330935253,648107.9151281294,307528.4137442766,149445.39070523583,76069.77966506794,42011.83054353317,26203.54233093525,18865.97915128129,15460.184137442766,13879.353907052358,13145.59779665068,12805.018305435331,12646.935423309353,12573.559791512813,1.215999843928415e-07,1.216000007149202e-07,1.2160000787133774e-07,1.2160001868657147e-07,1.2159999930617597e-07,1.2160002306821072e-07,1.215999843928415e-07,1.2160000071492022e-07,1.216000078713377e-07,1.2160001868657147e-07,1.2159999930617597e-07,1.2160002306821072e-07,1.215999843928415e-07,1.216000007149202e-07,1.2160000787133774e-07,1.2160001868657144e-07,1.2159999930617597e-07,1.2160002306821072e-07,1.2154844282970645e-07,1.2148901205574377e-07,1.2136114173757557e-07,1.2108656143471954e-07,1.204991559998008e-07,1.1925285795407602e-07,1.1665339820188416e-07,1.1142092458707843e-07,1.0160236747894687e-07,8.539078395225761e-08,6.354616932745772e-08,4.0967246132273014e-08,2.3204273757659627e-08,1.1997203702107268e-08,5.879435707018182e-09,2.8015759601522392e-09,1.3166310115507004e-09,6.146924373307334e-10,0.9995761384066586,0.9990872643213495,0.9980356404745062,0.9957774903540484,0.9909470122314447,0.980697658973156,0.959320832024313,0.9162904928618738,0.8355457311026665,0.7022267337997331,0.522583632319398,0.3369016312545657,0.19082464420962247,0.09866121407543067,0.04835061946080695,0.023039272447592334,0.010827557722558554,0.005055035532237735,3.587423450690488,1.6651343607654552,0.7728869707572754,0.35874231453816985,0.16651347379408177,0.0772887211416872,0.035874234506904884,0.016651343607654554,0.007728869707572753,0.003587423145381698,0.0016651347379408176,0.0007728872114168717,0.0003587423450690488,0.00016651343607654553,7.728869707572754e-05,3.5874231453816984e-05,1.6651347379408178e-05,7.728872114168718e-06,1.004583596679508,1.002107188825903,0.9971542224267029,0.9946547503279763,0.991358372553254,0.980667308604664,0.9568765841889757,0.9076572401047258,0.8190035150122394,0.6856635648432619,0.5203486229117082,0.35126368657967255,0.20852830685099555,0.10924485942093476,0.06360806038849987,0.03256059194903216,-0.013962153331329219,-0.037223525900208984,35444.9982277299,6753120.42328144,3.445333325047437e-07,2.0492504430251585e-07,104.7781863057511,0.7150375965307526,0.7134852446277219,0.03718673984772525,0.030845566505385714,,,464158.7281686229,0.005994485034714912,1000000.0
4-2,3,7.0,0,0.0003122803635089582,0.615378698225,26.003345260295333,12510.0,12510.0,12510.0,12510.0,12510.0,12510.0,12510.0,12510.0,12510.0,12510.0,12510.0,12510.0,12510.0,12510.0,12510.0,12510.0,12510.0,12510.0,44701696.27006316,20755392.01638689,9640503.706871303,4481426.3426890485,2086798.0690647482,975309.640607514,459401.86270063143,219938.8201638689,108789.93706871303,57199.16342689049,33252.88069064748,22137.996406075137,16978.918627006315,14584.28820163869,13472.799370687131,12956.891634268904,12717.428806906473,12606.279964060752,9.879998020407241e-08,9.879998566150586e-08,9.879998887655305e-08,9.880001518283931e-08,9.879999943626797e-08,9.879999658305988e-08,9.879998020407241e-08,9.879998566150587e-08,9.879998887655302e-08,9.880001518283931e-08,9.879999943626797e-08,9.879999658305989e-08,9.879998020407241e-08,9.879998566150586e-08,9.879998887655302e-08,9.880001518283931e-08,9.879999943626797e-08,9.879999658305988e-08,9.877233052060433e-08,9.874043545789373e-08,9.867178106724897e-08,9.852421277186058e-08,9.82077102199464e-08,9.753271908902816e-08,9.610955194788927e-08,9.318029642381446e-08,8.743875552952927e-08,7.719151401101524e-08,6.163064847247795e-08,4.296892973389834e-08,2.6004546083373494e-08,1.405208411588481e-08,7.060490139948492e-09,3.407676894825169e-09,1.611486591872703e-09,7.545810617675034e-10,0.9997201448480966,0.9993972650581535,0.9987023499621617,0.9972084780506528,0.9940051698410827,0.9871733042726744,0.9727689393193598,0.9431205460196648,0.8850077466990486,0.7812905075790183,0.6237919921470596,0.4349082107282758,0.2632039604629558,0.1422275926641125,0.07146245885483161,0.0344906515299509,0.016310593128213632,0.007637460403484294,4.415290718818343,2.0493964457973326,0.9512456711424073,0.44152900250851673,0.20493966005425449,0.09512460120219367,0.04415290718818343,0.02049396445797333,0.009512456711424073,0.004415290025085167,0.0020493966005425447,0.0009512460120219365,0.0004415290718818343,0.00020493964457973327,9.512456711424073e-05,4.415290025085167e-05,2.0493966005425454e-05,9.512460120219366e-06,1.0030665611122629,1.0014173828672632,0.9981188753639785,0.9964815590601201,0.9943836777926283,0.9875081173173665,0.9720021202150537,0.9383455857953589,0.8725306861878845,0.7630486010158606,0.6123012364705644,0.4412502482672327,0.28101921616241654,0.1572566635638637,0.0931786599799782,0.04803236596163174,-0.014941700205763908,-0.046428732981730246,35444.9982277299,10211334.282012613,2.799333042430616e-07,1.753493768403228e-07,128.5970867136028,0.7650300418965712,0.7624877210249296,0.054425751316118584,0.047419451263595896,,,464158.65748896543,0.00737782772117581,1000000.0
4-2,3,7.0,1,0.00017850654488759356,0.474633136095,23.48954810411817,12510.0,12510.0,12510.0,12510.0,12510.0,12510.0,12510.0,12510.0,12510.0,12510.0,12510.0,12510.0,12510.0,12510.0,12510.0,12510.0,12510.0,12510.0,42846294.582832925,19894192.095223024,9240766.408096723,4295889.195863309,2000677.1440647482,935336.2957122303,440847.8458283294,211326.82095223022,104792.5640809672,55343.7919586331,32391.671440647486,21738.2629571223,16793.378458283292,14498.168209522302,13432.825640809671,12938.337919586329,12708.816714406476,12602.282629571222,1.0091712205857698e-07,1.0091712453224965e-07,1.0091714790378297e-07,1.009171233058948e-07,1.0091716241793901e-07,1.0091713411249651e-07,1.0091712205857696e-07,1.0091712453224967e-07,1.0091714790378297e-07,1.009171233058948e-07,1.0091716241793901e-07,1.0091713411249652e-07,1.0091712205857698e-07,1.0091712453224967e-07,1.00917147903783e-07,1.009171233058948e-07,1.0091716241793901e-07,1.0091713411249652e-07,1.0088765689223657e-07,1.0085366514561784e-07,1.00780527902311e-07,1.0062324393540908e-07,1.002861392138235e-07,9.956738070985968e-08,9.805338299554337e-08,9.494309235682684e-08,8.886979004639834e-08,7.810565398155967e-08,6.194190594926012e-08,4.2841042649369934e-08,2.5740277798863044e-08,1.383900475507263e-08,6.932936834977008e-09,3.3409724584520875e-09,1.578747975522774e-09,7.38985053615625e-10,0.9997080260936961,0.9993711732579981,0.9986462161851599,0.9970879137171307,0.9937471170512882,0.9866251314555544,0.9716228623585663,0.9408025921952053,0.8806213006646709,0.7739583870698518,0.6137896118475221,0.42451703594370066,0.2550635340544313,0.13713237291704797,0.068699294212982,0.03310610081824373,0.015643998876866322,0.007322691633234924,4.322662266976543,2.00640218791422,0.9312893168299301,0.4322663064748421,0.20064018659159213,0.09312898504692953,0.043226622669765444,0.020064021879142205,0.009312893168299299,0.004322663064748421,0.0020064018659159215,0.000931289850469295,0.00043226622669765435,0.00020064021879142202,9.3128931682993e-05,4.32266306474842e-05,2.0064018659159216e-05,9.31289850469295e-06,1.003195749650802,1.001476414228268,0.9980375923970968,0.9963282042484742,0.9941320616260096,0.9869397177608619,0.970730210812297,0.9356857378865193,0.8676812740758493,0.7556835487962985,0.6031142340685758,0.4318260597009722,0.27306377357752787,0.1517427961045854,0.08970671974293332,0.046186802216231726,-0.014965059735459363,-0.04554099043680176,35444.9982277299,9788852.66220235,2.859318715211191e-07,1.7818517527476542e-07,125.95024548566091,0.7600830636267546,0.7576507353672124,0.05238089169167498,0.04542605357829786,,,464158.6359819416,0.007223046679032932,1000000.0
4-2,3,7.0,2,-3.991386488020455e-05,0.454526627219,23.13606778554785,12510.0,12510.0,12510.0,12510.0,12510.0,12510.0,12510.0,12510.0,12510.0,12510.0,12510.0,12510.0,12510.0,12510.0,12510.0,12510.0,12510.0,12510.0,41104083.808384486,19085525.936870504,8865420.97036051,4121665.9263317343,1919810.7298489208,897801.330842526,423425.7380838449,203240.15936870506,101039.10970360512,53601.559263317344,31583.00729848921,21362.91330842526,16619.15738083845,14417.30159368705,13395.291097036052,12920.915592633171,12700.730072984892,12598.529133084252,1.0303426881026931e-07,1.0303428087448349e-07,1.0303428132413302e-07,1.0303429719017115e-07,1.0303431527967645e-07,1.0303429019798642e-07,1.0303426881026931e-07,1.0303428087448352e-07,1.0303428132413301e-07,1.0303429719017115e-07,1.0303431527967645e-07,1.0303429019798642e-07,1.0303426881026931e-07,1.0303428087448352e-07,1.0303428132413302e-07,1.0303429719017115e-07,1.0303431527967645e-07,1.0303429019798644e-07,1.0300291040051068e-07,1.0296674493871714e-07,1.0288888959782084e-07,1.0272156950168618e-07,1.0236291613386055e-07,1.0159860623751912e-07,9.999014894016062e-08,9.669223283760196e-08,9.027725225740804e-08,7.898725311973587e-08,6.222251822796217e-08,4.2697998430680456e-08,2.5475661398403032e-08,1.3630667766730445e-08,6.809507257811356e-09,3.2767336794290973e-09,1.5472923493619742e-09,7.240159778037513e-10,0.9996956506789368,0.9993445294595822,0.9985888994959375,0.9969648195114313,0.9934837326380687,0.9860659596168561,0.9704552678903925,0.9384472043376763,0.8761865574954324,0.7666112670613799,0.6039009242606728,0.4144057123956865,0.24725425523536015,0.13229255012062774,0.0660897244130766,0.03180235871732309,0.015017252700345533,0.007026941966723043,4.2338402616101085,1.9651744811630154,0.9121533194576283,0.423383992914417,0.1965174247324107,0.09121536389179044,0.04233840261610109,0.01965174481163016,0.009121533194576283,0.004233839929144169,0.001965174247324107,0.0009121536389179043,0.0004233840261610109,0.00019651744811630156,9.121533194576284e-05,4.2338399291441694e-05,1.9651742473241074e-05,9.121536389179041e-06,1.0033275545985452,1.0015366486192114,0.997954685702144,0.9961715323925997,0.9938745756156564,0.9863574558059724,0.9694302252011884,0.9329832521044548,0.8627985840653949,0.7483463640208363,0.5940600243184377,0.42263610851463085,0.2653889276007195,0.14648031011548213,0.08641145769798086,0.04444275952333321,-0.014954479859966341,-0.04465309930734061,35444.9982277299,9392144.35168508,2.919304723243099e-07,1.8100157018408175e-07,123.41953483329499,0.7552012089923916,0.7528750574719213,0.0504457655836192,0.04354538963389785,,,464158.67689052364,0.007074627254413037,1000000.0
4-2,3,7.0,3,-0.00023954485546745215,0.40426035503,22.273332921522986,12510.0,12510.0,12510.0,12510.0,12510.0,12510.0,12510.0,12510.0,12510.0,12510.0,12510.0,12510.0,12510.0,12510.0,12510.0,12510.0,12510.0,12510.0,39466044.466251805,18325222.836719424,8512516.347590726,3957862.049273381,1843782.0937178258,862510.6024948041,407045.34466251795,195637.12836719424,97510.06347590727,51963.52049273381,30822.72093717826,21010.00602494804,16455.35344662518,14341.271283671944,13360.000634759073,12904.535204927339,12693.127209371783,12595.00006024948,1.0515141543858844e-07,1.0515140682368674e-07,1.0515142668806671e-07,1.0515144441265129e-07,1.0515139486732794e-07,1.0515145162523706e-07,1.0515141543858844e-07,1.0515140682368674e-07,1.051514266880667e-07,1.0515144441265129e-07,1.0515139486732791e-07,1.0515145162523703e-07,1.0515141543858844e-07,1.0515140682368674e-07,1.0515142668806671e-07,1.0515144441265129e-07,1.0515139486732794e-07,1.0515145162523703e-07,1.0511808440111235e-07,1.0507962357111266e-07,1.0499689607759218e-07,1.0481908200253551e-07,1.0443794616084993e-07,1.0362631714453988e-07,1.0191972583843496e-07,9.842750880727677e-08,9.166108219462133e-08,7.983667441383627e-08,6.247365877545719e-08,4.254106216272528e-08,2.521121777564944e-08,1.3427035019772677e-08,6.69002808264392e-09,3.2148346306894024e-09,1.5170478626722264e-09,7.096371322517035e-10,0.99968301865137,0.9993173343586889,0.9985303992980241,0.9968392026189248,0.993215033358538,0.9854958304700082,0.9692663233616586,0.9360550826706074,0.8717055496216451,0.7592541867568555,0.5941305757691727,0.4045694234858775,0.2397610880509121,0.12769239542640204,0.06362279898008412,0.030573375845159664,0.014427272834433841,0.006748714556798242,4.1485949931815105,1.9256075175392344,0.893787794306788,0.4148594666975098,0.19256081503604144,0.08937879723465474,0.0414859499318151,0.019256075175392347,0.00893787794306788,0.004148594666975098,0.0019256081503604145,0.0008937879723465473,0.00041485949931815096,0.00019256075175392345,8.93787794306788e-05,4.148594666975097e-05,1.925608150360415e-05,8.937879723465474e-06,1.0034613380108073,1.0015975729667836,0.9978698919486106,0.9960115700902321,0.9936111373942165,0.9857617048602911,0.9681029208939584,0.9302392230498047,0.8578854674348992,0.7410405837352574,0.5851391151692695,0.41367528004148646,0.2579839117143017,0.14145570609562874,0.0832818831793194,0.04279313372493121,-0.014914434969602652,-0.043768219100102666,35444.9982277299,9019158.521871375,2.979290161091775e-07,1.8379892763473427e-07,120.99343269870636,0.7503836770605861,0.7481599271437206,0.04861291152857558,0.041769613786034804,,,464158.7402759298,0.006932189307471953,1000000.0
4-2,3,7.0,4,0.0001271495389620419,0.424366863905,22.615051686091753,12510.0,12510.0,12510.0,12510.0,12510.0,12510.0,12510.0,12510.0,12510.0,12510.0,12510.0,12510.0,12510.0,12510.0,12510.0,12510.0,12510.0,12510.0,37924041.225019984,17609482.8253749,8180300.831427657,3803661.1462517986,1772206.6642885692,829289.728672262,391625.31225019984,188479.72825374897,94187.90831427657,50421.51146251799,30106.96664288569,20677.797286722624,16301.153122501999,14269.697282537489,13326.779083142766,12889.115114625181,12685.969666428859,12591.677972867228,1.0726855198533388e-07,1.0726855947094089e-07,1.0726856994883756e-07,1.0726859050521336e-07,1.0726858984224988e-07,1.0726855096318848e-07,1.0726855198533388e-07,1.0726855947094092e-07,1.0726856994883754e-07,1.0726859050521336e-07,1.0726858984224988e-07,1.0726855096318847e-07,1.0726855198533388e-07,1.0726855947094089e-07,1.0726856994883754e-07,1.0726859050521336e-07,1.0726858984224988e-07,1.0726855096318848e-07,1.0723316731793058e-07,1.0719235452544143e-07,1.0710452588276795e-07,1.0691579092196378e-07,1.0651138128076122e-07,1.0565038360122443e-07,1.0384198699231526e-07,1.0014880345572193e-07,9.302120174545474e-08,8.065435328192475e-08,6.269651206225055e-08,4.237142706057862e-08,2.494740726311564e-08,1.32280446364984e-08,6.574336054213751e-09,3.155154067863103e-09,1.4879444354014634e-09,6.958149512683989e-10,0.9996701300917333,0.999289587313605,0.9984707163883341,0.9967110634940951,0.992941003861408,0.9849148017062395,0.9680562016583654,0.9336268143216023,0.8671804032609163,0.7518916106015663,0.5844815537749922,0.3950032575262371,0.23256962829633918,0.12331707167263567,0.061288558776810616,0.02941358745372681,0.013871203467759273,0.006486663099487406,4.0667150580546645,1.8876019260272583,0.8761472421284716,0.40667143985065446,0.1887601797283458,0.08761477795077982,0.04066715058054665,0.018876019260272586,0.008761472421284716,0.0040667143985065445,0.0018876017972834576,0.0008761477795077982,0.00040667150580546646,0.00018876019260272584,8.761472421284715e-05,4.0667143985065436e-05,1.887601797283458e-05,8.761477795077982e-06,1.0035981098815485,1.0016599905457184,0.9977836009727419,0.9958481333651488,0.9933415261357652,0.9851521598662067,0.9667477368589985,0.9274553291585921,0.8529457313214532,0.7337692970051748,0.5763515331226063,0.40493791355046405,0.25083753893585303,0.1366562562138931,0.08030804050215146,0.04123138562032658,-0.014848985749742027,-0.042889171243078034,35444.9982277299,8668037.366853222,3.039275992489468e-07,1.865776770352477e-07,118.6617185227373,0.7456294750008519,0.743504307328346,0.04687541689408395,0.04009150506871022,,,464158.5761182048,0.006795366438358515,1000000.0
4-2,3,7.0,5,6.399358963668001e-05,0.424366863905,22.615051686091753,12510.0,12510.0,12510.0,12510.0,12510.0,12510.0,12510.0,12510.0,12510.0,12510.0,12510.0,12510.0,12510.0,12510.0,12510.0,12510.0,12510.0,12510.0,36470699.41467946,16934899.736154277,7867186.174523582,3658329.159201439,1704748.2734964024,797977.7681726619,377091.8941467946,181733.89736154277,91056.76174523581,48968.191592014395,29432.38273496403,20364.677681726618,16155.818941467945,14202.23897361543,13295.46761745236,12874.581915920144,12679.223827349639,12588.546776817266,1.0938569550369576e-07,1.0938570838066694e-07,1.0938572560926591e-07,1.093857030072302e-07,1.0938574276344228e-07,1.0938573897979218e-07,1.0938569550369576e-07,1.0938570838066695e-07,1.0938572560926591e-07,1.093857030072302e-07,1.0938574276344226e-07,1.0938573897979218e-07,1.0938569550369576e-07,1.0938570838066694e-07,1.0938572560926591e-07,1.093857030072302e-07,1.0938574276344226e-07,1.0938573897979218e-07,1.0934817456023392e-07,1.0930490393345072e-07,1.0921178598243932e-07,1.0901164832678173e-07,1.0858303443210367e-07,1.0767088469535414e-07,1.0575683189779036e-07,1.0185593417943576e-07,9.435756733585232e-08,8.14407228041302e-08,6.289220351134966e-08,4.21901950078348e-08,2.4684631713060248e-08,1.3033632177446325e-08,6.4622732911496535e-09,3.097580134026248e-09,1.4599217034077897e-09,6.825170036671812e-10,0.9996569849166379,0.9992612888062578,0.99840985077479,0.9965804061210471,0.99266167316636,0.9843228715147696,0.9668250625532404,0.9311630896512799,0.8626131683114181,0.7445280376243237,0.5749579599908227,0.38570105574392083,0.2256659940716493,0.11915297135608179,0.05907784818499428,0.02831796156963496,0.01334654468238167,0.006239542832848336,3.988004405930191,1.851067588782963,0.859189452776075,0.39880049176647836,0.18510674047912917,0.08591897226637471,0.03988004405930191,0.018510675887829633,0.00859189452776075,0.003988004917664783,0.0018510674047912917,0.000859189722663747,0.00039880044059301904,0.00018510675887829634,8.591894527760749e-05,3.9880049176647825e-05,1.851067404791292e-05,8.591897226637472e-06,1.0037369500760516,1.001723200301452,0.9976955498802909,0.9956815465571793,0.9930661565374042,0.9845292166272532,0.9653654799779083,0.924632115305597,0.8479814279304971,0.726535810698806,0.5676974307210543,0.39641888946097303,0.24393992045373203,0.13206987287012062,0.07748012926644066,0.03975155622475057,-0.01476141117820795,-0.0420178947108256,35444.9982277299,8337105.841660807,3.099261887519317e-07,1.8933817666872656e-07,116.41548055365136,0.7409376569586428,0.7389073830792472,0.045226973725188205,0.03850445049445566,,,464158.7650241177,0.006663842627201196,1000000.0
4-2,3,7.0,6,-0.00011424841956342302,0.40426035503,22.273332921522986,12510.0,12510.0,12510.0,12510.0,12510.0,12510.0,12510.0,12510.0,12510.0,12510.0,12510.0,12510.0,12510.0,12510.0,12510.0,12510.0,12510.0,12510.0,35099357.36369625,16298379.785151878,7571739.995974421,3521194.5695931255,1641096.9536722624,768433.0858994083,363378.4736369624,175368.6978515188,88102.29995974421,47596.84569593126,28795.86953672262,20069.230858994088,16018.684736369625,14138.586978515186,13265.922999597442,12860.868456959312,12672.858695367226,12585.59230858994,1.1150283437566195e-07,1.1150284565130806e-07,1.1150286203039872e-07,1.1150284800398366e-07,1.1150285848431955e-07,1.1150287999262129e-07,1.1150283437566195e-07,1.1150284565130806e-07,1.115028620303987e-07,1.1150284800398363e-07,1.1150285848431955e-07,1.1150287999262126e-07,1.1150283437566195e-07,1.1150284565130806e-07,1.1150286203039872e-07,1.1150284800398363e-07,1.1150285848431957e-07,1.1150287999262129e-07,1.1146309289425572e-07,1.1141726042029211e-07,1.1131863742618067e-07,1.111067038543319e-07,1.1065287777079895e-07,1.0968762625836148e-07,1.0766413572057014e-07,1.0354874314506205e-07,9.567012208334116e-08,8.219627089504979e-08,6.306185697679582e-08,4.1998421226451706e-08,2.442324694408718e-08,1.284372213227914e-08,6.353691177935862e-09,3.0420054723875384e-09,1.432921371490644e-09,6.697150127226477e-10,0.999643583218052,0.9992324390421068,0.9983478038064364,0.9964472284184384,0.9923770500140123,0.9837201179522903,0.9655730845176639,0.9286645783810747,0.8580059770776008,0.7371674568537764,0.5655626934951098,0.37665772605363157,0.21903700547919086,0.11518739326567551,0.05698231473380184,0.027281863439746912,0.012850983292882602,0.006006257531347765,3.9122829303583537,1.8159208249510914,0.8428757792971873,0.39122832225726506,0.18159210062472736,0.0842876011306937,0.03912282930358354,0.01815920824951092,0.008428757792971872,0.00391228322257265,0.0018159210062472736,0.0008428760113069369,0.0003912282930358353,0.00018159208249510917,8.428757792971872e-05,3.91228322257265e-05,1.8159210062472737e-05,8.428760113069368e-06,1.0038780928832367,1.0017873556624473,0.99760573037881,0.9955115300791739,0.9927846557781912,0.9838924350234777,0.9639565103534764,0.9217718702888522,0.8429957089798492,0.7193425884105835,0.5591763970720951,0.3881126422681671,0.23728120498595118,0.12768564090765366,0.07478955191279546,0.038348142684014874,-0.01465495049047938,-0.04115649692967952,35444.9982277299,8024846.537207992,3.159247389420375e-07,1.9208076820607e-07,114.24691564354092,0.7363072988693723,0.7343682236845159,0.04366176245269092,0.037002377616861024,,,464158.7704331616,0.006537315594121981,1000000.0
4-2,3,7.0,7,3.9783186621135044e-05,0.434420118343,22.78765814296821,12510.0,12510.0,12510.0,12510.0,12510.0,12510.0,12510.0,12510.0,12510.0,12510.0,12510.0,12510.0,12510.0,12510.0,12510.0,12510.0,12510.0,12510.0,33803949.77152358,15697111.03347802,7292654.582293366,3391653.6496914476,1580969.3007394085,740524.492911303,350424.3977152359,169356.01033478015,85311.44582293365,46301.43649691446,28194.593007394084,19790.14492911303,15889.143977152358,14078.460103347803,13238.014458229338,12847.914364969145,12666.84593007394,12582.80144929113,1.1361998635219025e-07,1.1361997570417478e-07,1.136200019403427e-07,1.1362000304421507e-07,1.1362001698492991e-07,1.1362002402310706e-07,1.1361998635219025e-07,1.1361997570417479e-07,1.136200019403427e-07,1.1362000304421507e-07,1.1362001698492991e-07,1.1362002402310706e-07,1.1361998635219025e-07,1.1361997570417478e-07,1.136200019403427e-07,1.1362000304421507e-07,1.1362001698492991e-07,1.1362002402310706e-07,1.1357793842468852e-07,1.1352942490836095e-07,1.1342509537946916e-07,1.1320091949828388e-07,1.1272095688817995e-07,1.1170059189880146e-07,1.0956380179845105e-07,1.0522708847655616e-07,9.695885863697149e-08,8.292146870872309e-08,6.320657735454717e-08,4.1797078530773356e-08,2.4163560549153383e-08,1.2658230909285843e-08,6.248444917296053e-09,2.9883318090259098e-09,1.4068882922707393e-09,6.573816213114634e-10,0.9996299249027245,0.9992030380639265,0.9982845752724429,0.9963115337554772,0.9920871328784506,0.9831065682232628,0.9643004309016006,0.9261319396030265,0.853360825393056,0.7298139983014638,0.5562979044698666,0.36786718617726244,0.21266998285189975,0.11140849864502073,0.054994233502802255,0.026301106574191917,0.012382398186556716,0.005785790198194034,3.8393829256613676,1.782083988353447,0.8271700415661477,0.38393831176478227,0.1782083723901829,0.08271702417375235,0.038393829256613686,0.017820839883534473,0.008271700415661476,0.0038393831176478216,0.0017820837239018285,0.0008271702417375233,0.0003839382925661368,0.00017820839883534473,8.271700415661476e-05,3.839383117647822e-05,1.782083723901829e-05,8.271702417375234e-06,1.0040216986127564,1.0018526123968279,0.9975142891533721,0.9953382999335698,0.9924971361903747,0.9832418211634284,0.9625207513931748,0.9188755272776259,0.8379913733950541,0.7121923057969202,0.5507879742801283,0.3800138392832366,0.2308517779808117,0.12349280717471167,0.07222809624862236,0.03701609327275612,-0.014532262879999536,-0.04030644082730906,35444.9982277299,7729878.825320085,3.219233203968539e-07,1.9480582338277707e-07,112.1489939730005,0.7317373298666543,0.7298858340845283,0.042174405421353124,0.03557965859775632,,,464158.73443373654,0.0064155013792348255,1000000.0
4-2,5,7.0,0,0.00036937297945079805,0.695804733728,30.469220085470166,12510.0,12510.0,12510.0,12510.0,12510.0,12510.0,12510.0,12510.0,12510.0,12510.0,12510.0,12510.0,12510.0,12510.0,12510.0,12510.0,12510.0,12510.0,33579055.04461711,15592716.80627418,7244203.692089528,3369165.122079137,1570530.816319744,735679.1530222303,348175.4504461711,168312.0680627418,84826.93692089528,46076.55122079136,28090.20816319744,19741.691530222302,15866.654504461712,14068.020680627418,13233.169369208954,12845.665512207912,12665.802081631973,12582.316915302223,1.1399997598572463e-07,1.1399999206291004e-07,1.1399998211172322e-07,1.1399997672202714e-07,1.1399999934953996e-07,1.1400002402354853e-07,1.1399997598572463e-07,1.1399999206291004e-07,1.139999821117232e-07,1.1399997672202712e-07,1.1399999934953996e-07,1.1400002402354853e-07,1.1399997598572463e-07,1.1399999206291004e-07,1.1399998211172322e-07,1.1399997672202712e-07,1.1399999934953996e-07,1.1400002402354853e-07,1.1395750487694308e-07,1.1390853013754928e-07,1.1380311578426546e-07,1.1357668499926571e-07,1.1309193694347737e-07,1.1206148832537645e-07,1.0990393849154209e-07,1.0552680343703338e-07,9.718763655281669e-08,8.304844777710396e-08,6.32299949559374e-08,4.175999847399862e-08,2.4117152912947442e-08,1.2625396938032788e-08,6.229897982367841e-09,2.9788928056489875e-09,1.4023144440619205e-09,6.552155805053752e-10,0.9996274463357178,0.9991977023532573,0.9982731021197456,0.9962869139544339,0.9920345402522475,0.9829953044766758,0.9640698389735147,0.9256737788086793,0.8525232614297261,0.7284953046929639,0.5546490817255653,0.3663156988929443,0.2115540174847708,0.11074910365840691,0.05464823649061948,0.02613064398173166,0.012301003965466949,0.005747503880964358,3.826585329010094,1.7761434522537534,0.8244129515356678,0.3826586057808947,0.17761437204702057,0.08244130081762349,0.038265853290100946,0.017761434522537537,0.008244129515356677,0.0038265860578089467,0.0017761437204702054,0.0008244130081762348,0.0003826585329010094,0.00017761434522537537,8.244129515356677e-05,3.826586057808946e-05,1.7761437204702056e-05,8.244130081762347e-06,1.0040475344189066,1.0018642745762918,0.9974976040849821,0.995306744038265,0.9924449847625123,0.9831238626393315,0.9622603226390947,0.9183518383449716,0.8370912744815655,0.7109135872939252,0.5492964174310089,0.37858193647732286,0.22972142576326782,0.122759733835478,0.07178140797156551,0.03678419977770453,-0.014508711780072403,-0.04015516743312154,35444.9982277299,7678668.620017477,3.229999589767805e-07,1.9529309213076454e-07,111.77945390116787,0.7309234251930098,0.7290872944258889,0.041915298395437874,0.03533229247431082,,,464158.7761303355,0.006394117367148195,1000000.0
4-2,5,7.0,1,7.746371300352638e-05,0.54500591716,27.463845392385473,12510.0,12510.0,12510.0,12510.0,12510.0,12510.0,12510.0,12510.0,12510.0,12510.0,12510.0,12510.0,12510.0,12510.0,12510.0,12510.0,12510.0,12510.0,32185434.093244597,14945859.56528857,6943957.179703438,3229803.7071151077,1505844.4326530776,705654.6377186333,334239.24093244603,161843.49565288567,81824.47179703438,44682.93707115109,27443.344326530772,19441.446377186334,15727.29240932446,14003.334956528857,13203.144717970343,12831.729370711511,12659.333443265308,12579.314463771863,1.164428466043634e-07,1.1644284677494592e-07,1.164428524210392e-07,1.1644283458372479e-07,1.1644287971300654e-07,1.1644288456688987e-07,1.1644284660436337e-07,1.1644284677494595e-07,1.1644285242103918e-07,1.1644283458372476e-07,1.1644287971300654e-07,1.1644288456688987e-07,1.1644284660436337e-07,1.1644284677494595e-07,1.1644285242103918e-07,1.1644283458372476e-07,1.1644287971300657e-07,1.1644288456688987e-07,1.1639758700007157e-07,1.1634538165380043e-07,1.1623307288955747e-07,1.1599181650561888e-07,1.154755152272587e-07,1.1437855960100956e-07,1.12084591101638e-07,1.0744217605118184e-07,9.86401089166198e-08,8.384202639775404e-08,6.33625988304229e-08,4.151530676891465e-08,2.3820418464289396e-08,1.2417625806036106e-08,6.1130700166597135e-09,2.919565930060525e-09,1.3735965048398398e-09,6.416228902654235e-10,0.9996113148586481,0.9991629788875408,0.9981984335910702,0.9961266995971177,0.991692368926876,0.9822717809374221,0.9625717196906618,0.9227031030840382,0.8471117536691093,0.7200273567496324,0.5441517676872205,0.35652935706059774,0.20456746944038376,0.10664137944030329,0.05249845644931307,0.02507295481510541,0.011796311704290583,0.005510194054810169,3.7463068650035076,1.7388817352676025,0.8071174810104358,0.3746307989448632,0.1738881617127132,0.0807117610380295,0.03746306865003508,0.017388817352676025,0.008071174810104357,0.0037463079894486315,0.0017388816171271318,0.0008071176103802949,0.0003746306865003508,0.00017388817352676026,8.071174810104356e-05,3.7463079894486314e-05,1.738881617127132e-05,8.071176103802948e-06,1.0042165544225912,1.0019409536501946,0.9973896013352377,0.9951019538322399,0.9921043730398349,0.9823534543810464,0.9605657822624991,0.914959762590323,0.8312940754478344,0.702729101202964,0.5398085409024969,0.36952943594449117,0.22262059876246632,0.11818304609061592,0.06900053535880168,0.03534305501328916,-0.014347541107744277,-0.03919283906194397,35444.9982277299,7361336.904334204,3.299214115714527e-07,1.984124994032667e-07,109.45116581029652,0.7257362974717713,0.7239961249482173,0.040303859292764505,0.0337972512586037,,,464158.7318654014,0.006259973796748978,1000000.0
4-2,5,7.0,2,-1.5012438839185623e-05,0.484686390533,26.279166146076218,12510.0,12510.0,12510.0,12510.0,12510.0,12510.0,12510.0,12510.0,12510.0,12510.0,12510.0,12510.0,12510.0,12510.0,12510.0,12510.0,12510.0,12510.0,30876846.998244606,14338464.192582734,6662031.947322142,3098942.254696243,1445105.1984684255,677461.960748713,321153.3699824461,155769.54192582733,79005.21947322143,43374.32254696243,26835.951984684252,19159.51960748713,15596.43369982446,13942.595419258274,13174.952194732214,12818.643225469625,12653.259519846843,12576.495196074871,1.1888569605658214e-07,1.1888570870132712e-07,1.1888568998425098e-07,1.1888573559410887e-07,1.188857306385458e-07,1.1888573683900958e-07,1.1888569605658216e-07,1.1888570870132714e-07,1.1888568998425095e-07,1.1888573559410887e-07,1.1888573063854583e-07,1.1888573683900958e-07,1.1888569605658216e-07,1.1888570870132712e-07,1.1888568998425098e-07,1.1888573559410887e-07,1.1888573063854583e-07,1.1888573683900958e-07,1.188375285718078e-07,1.1878198349088072e-07,1.1866244578586483e-07,1.1840581037122727e-07,1.1785655954991887e-07,1.166903950279176e-07,1.142546997891317e-07,1.0933788441253395e-07,1.0006085800961058e-07,8.459677233313784e-08,6.346528231098084e-08,4.126058765338907e-08,2.3526712952349676e-08,1.2215453190698348e-08,6.000272282497501e-09,2.8624930307123338e-09,1.3460178115532149e-09,6.285797639459004e-10,0.9995948420510451,0.9991275216207275,0.9981221945348028,0.9959631387190122,0.9913431907841319,0.981534018550393,0.9610466488311057,0.9196890493139097,0.8416560312924614,0.7115805097254229,0.5338343127480747,0.3470608733263145,0.19789355433602734,0.10274955101110476,0.05047093795134106,0.024077682796910572,0.011321945908256891,0.00528725968866306,3.6693281873612316,1.7031512170079466,0.7905330047728132,0.3669327689609468,0.17031512687919131,0.07905330381615494,0.036693281873612316,0.01703151217007947,0.00790533004772813,0.0036693276896094676,0.0017031512687919127,0.0007905330381615493,0.0003669328187361231,0.0001703151217007947,7.905330047728131e-05,3.669327689609467e-05,1.703151268791913e-05,7.905330381615493e-06,1.0043888694200078,1.0020191046209064,0.9972794242891663,0.9948926247217642,0.9917555825459186,0.9815647086013701,0.9588368982484177,0.9115239907175283,0.8254797745951432,0.6946084135813884,0.5304948462289332,0.360737090365685,0.21579791795691428,0.11383166142391055,0.06636895603092441,0.03398324630401994,-0.01417162003886041,-0.0382490531215419,35444.9982277299,7063366.120706309,3.368428459899426e-07,2.015095403671525e-07,107.19929365681556,0.7206264654342046,0.718977691426811,0.038781475471255274,0.03235263811969052,,,464158.7397655842,0.006131344544246318,1000000.0
4-2,5,7.0,3,0.0002025987088540258,0.40426035503,24.746136744366815,12510.0,12510.0,12510.0,12510.0,12510.0,12510.0,12510.0,12510.0,12510.0,12510.0,12510.0,12510.0,12510.0,12510.0,12510.0,12510.0,12510.0,12510.0,29646500.057029583,13767390.759892086,6396961.320672263,2975908.3770935256,1387997.838388489,650954.9922364828,308849.90057029575,150058.80759892086,76354.51320672262,42143.98377093525,26264.87838388489,18894.449922364827,15473.399005702957,13885.488075989208,13148.445132067225,12806.339837709353,12647.548783838849,12573.844499223647,1.213285522899183e-07,1.2132855218475449e-07,1.2132854922091987e-07,1.213285771040349e-07,1.21328575702331e-07,1.2132858897843314e-07,1.213285522899183e-07,1.2132855218475449e-07,1.2132854922091987e-07,1.213285771040349e-07,1.21328575702331e-07,1.2132858897843314e-07,1.213285522899183e-07,1.2132855218475449e-07,1.2132854922091987e-07,1.2132857710403488e-07,1.21328575702331e-07,1.2132858897843314e-07,1.212773550090849e-07,1.2121830470109524e-07,1.2109127716710132e-07,1.2081854107226236e-07,1.2023504339265654e-07,1.189969060414832e-07,1.1641412561746608e-07,1.112137164605621e-07,1.0144995806751476e-07,8.531346026502722e-08,6.353959759050254e-08,4.099702842193358e-08,2.3236323905743495e-08,1.2018733219449702e-08,5.891314208853262e-09,2.8075540165383807e-09,1.3195124460860106e-09,6.160536664278129e-10,0.9995780277612556,0.9990913310867559,0.9980443839859447,0.9957962415455083,0.990987017663857,0.9807820814815177,0.9594948873970816,0.9166326842111336,0.8361589973584096,0.7031604779463784,0.5236985369909177,0.3379008094227573,0.19151571058244873,0.09905939700943632,0.048556702001984066,0.023140088539330705,0.010875529020659719,0.005077563924668406,3.5954491121932324,1.6688597680716424,0.7746162163087515,0.3595449084851637,0.16688598032755345,0.07746163004839916,0.035954491121932323,0.016688597680716427,0.007746162163087513,0.0035954490848516363,0.0016688598032755344,0.0007746163004839915,0.0003595449112193232,0.00016688597680716426,7.746162163087515e-05,3.595449084851636e-05,1.6688598032755346e-05,7.746163004839915e-06,1.0045638844456417,1.002098261716231,0.9971668655612262,0.9946788933930577,0.991398682795019,0.980758021939252,0.9570743195747085,0.9080460962792838,0.8196518059755338,0.6865543624241095,0.5213538467065622,0.3521973399073062,0.2092409606770893,0.10969224330508887,0.06387677880010756,0.03269888751527006,-0.013983664503570026,-0.03732494044003348,35444.9982277299,6783212.2969775675,3.43764252112757e-07,2.0458467669965553e-07,105.01669738817132,0.7155923558949446,0.714030604030985,0.037341856099215844,0.030991860935372595,,,464158.7208979134,0.006007895269772775,1000000.0
4-2,5,7.0,4,-3.8192331792131844e-05,0.40426035503,24.746136744366815,12510.0,12510.0,12510.0,12510.0,12510.0,12510.0,12510.0,12510.0,12510.0,12510.0,12510.0,12510.0,12510.0,12510.0,12510.0,12510.0,12510.0,12510.0,28488275.981019985,13229792.244451638,6147429.0372502,2860088.1638057553,1334238.4019856115,626001.8626783054,297267.65981019987,144682.82244451638,73859.19037250201,40985.78163805755,25727.284019856117,18644.918626783052,15357.576598101998,13831.728224445164,13123.491903725022,12794.757816380574,12642.17284019856,12571.34918626783,1.2377141996184616e-07,1.237714127449415e-07,1.2377142090706441e-07,1.2377139812104203e-07,1.237714177331717e-07,1.2377145205157163e-07,1.2377141996184613e-07,1.2377141274494154e-07,1.2377142090706441e-07,1.2377139812104203e-07,1.2377141773317166e-07,1.237714520515716e-07,1.2377141996184616e-07,1.237714127449415e-07,1.2377142090706441e-07,1.2377139812104203e-07,1.237714177331717e-07,1.2377145205157163e-07,1.2371706846424222e-07,1.2365437535351244e-07,1.235195464297561e-07,1.2323002313474307e-07,1.2261092015377532e-07,1.2129800755008e-07,1.1856271187462499e-07,1.130695177495422e-07,1.0280746953231657e-07,8.599292645084507e-08,6.358704558386319e-08,4.072572274809573e-08,2.294949315380695e-08,1.182731231772762e-08,5.786018324701572e-09,2.7546338559215486e-09,1.2940196296935708e-09,6.0401455357283e-10,0.9995608719878896,0.999054406919712,0.9979650029428244,0.995626008960733,0.9906238645347167,0.9800160339036742,0.9579167138195004,0.9135350016772211,0.8306236510729813,0.6947721990402697,0.5137457964725356,0.3290397104748082,0.18541835555317512,0.09555770638330215,0.04674761170469303,0.022255819177445665,0.01045491482115231,0.004880079724047807,3.5244859899720757,1.6359216960444107,0.759327646390257,0.352448730593188,0.1635921981719586,0.07593277866551724,0.03524485989972077,0.01635921696044411,0.007593276463902569,0.0035244873059318794,0.0016359219817195859,0.0007593277866551724,0.00035244859899720757,0.0001635921696044411,7.59327646390257e-05,3.524487305931879e-05,1.635921981719586e-05,7.593277866551723e-06,1.0047416728899352,1.0021784827939229,0.997051951943762,0.9944606561409,0.9910336475545591,0.9799333990387495,0.9552785655660347,0.9045281487598515,0.8138135560134945,0.6785693642230264,0.5123837494087926,0.343902528285696,0.20293774248442986,0.10575247558998768,0.061514867069888624,0.031484601690124236,-0.013786032175346463,-0.03642134904935996,35444.9982277299,6519481.118714249,3.5068567055755254e-07,2.076383739767193e-07,102.89713908589444,0.7106323696165424,0.7091534112594038,0.0359792263621282,0.029708912625058825,,,464158.7008816554,0.005889319113449555,1000000.0
4-2,5,7.0,5,-0.00014909281801791784,0.454526627219,25.697711414141487,12510.0,12510.0,12510.0,12510.0,12510.0,12510.0,12510.0,12510.0,12510.0,12510.0,12510.0,12510.0,12510.0,12510.0,12510.0,12510.0,12510.0,12510.0,27396661.784179855,12723104.5323741,5912244.25931255,2750924.687769784,1283569.7762589927,602483.5680941328,286351.51784179854,139615.945323741,71507.3425931255,39894.14687769784,25220.59776258993,18409.735680941325,15248.415178417985,13781.059453237409,13099.973425931255,12783.841468776978,12637.105977625899,12568.997356809412,1.262142626051232e-07,1.262142810108822e-07,1.262143018771448e-07,1.2621428633894907e-07,1.262142785366223e-07,1.2621431420745253e-07,1.2621426260512316e-07,1.2621428101088224e-07,1.262143018771448e-07,1.2621428633894907e-07,1.262142785366223e-07,1.2621431420745253e-07,1.2621426260512316e-07,1.262142810108822e-07,1.262143018771448e-07,1.2621428633894905e-07,1.262142785366223e-07,1.2621431420745253e-07,1.26156630020627e-07,1.2609018074498967e-07,1.2594723900774525e-07,1.2564031907291667e-07,1.2498416183108952e-07,1.2359359365281567e-07,1.2070026904542284e-07,1.1490510961369767e-07,1.0413347969546752e-07,8.663603123950405e-08,6.36090762588551e-08,4.0447679742959405e-08,2.266642456980644e-08,1.1641039323341572e-08,5.684216422346466e-09,2.703624386778517e-09,1.2694828461633915e-09,5.924347597796527e-10,0.9995433750250834,0.9990167494129938,0.9978840522395035,0.9954524382090073,0.990253743714299,0.9792359482274784,0.9563124369156951,0.9103970540686319,0.8250529309810671,0.6864201648840494,0.5039768637618788,0.32046824480207103,0.1795868715782236,0.0922323466893408,0.045036230742530284,0.0214209061842486,0.010058155550087296,0.004693879323433122,3.456270524507028,1.6042585501244477,0.7446308407998076,0.3456270555169594,0.16042589263744933,0.07446310929752475,0.03456270524507029,0.01604258550124448,0.007446308407998075,0.003456270555169593,0.001604258926374493,0.0007446310929752473,0.00034562705245070284,0.00016042585501244478,7.446308407998074e-05,3.456270555169593e-05,1.6042589263744936e-05,7.446310929752474e-06,1.0049231699324253,1.0022605249169736,0.996935084266708,0.9942378797690292,0.9906600934256353,0.979090310733028,0.9534500562945158,0.9009725251940353,0.8079686260551586,0.6706557299774047,0.5035824791872248,0.3358449471272955,0.19687678916235107,0.10200092095607971,0.05927483552357771,0.030335490093534645,-0.013580758147201166,-0.03553888222166175,35444.9982277299,6270914.667270575,3.576071296731445e-07,2.1067106960067279e-07,100.83513304398618,0.7057449176592661,0.70434461746185,0.034688303697928025,0.02849832124086583,,,464158.77031096787,0.005775332115388377,1000000.0
4-2,5,7.0,6,6.563038613570963e-06,0.434420118343,25.31660347319354,12510.0,12510.0,12510.0,12510.0,12510.0,12510.0,12510.0,12510.0,12510.0,12510.0,12510.0,12510.0,12510.0,12510.0,12510.0,12510.0,12510.0,12510.0,26366628.46082814,12245005.665064748,5690331.925474821,2647922.352653078,1235759.624467626,580292.3008250679,276051.18460828136,134834.95665064748,69288.2192547482,38864.12352653077,24742.49624467626,18187.82300825068,15145.411846082814,13733.249566506474,13077.782192547482,12773.541235265307,12632.324962446763,12566.778230082507,1.286571225624637e-07,1.2865714056058739e-07,1.286571452783391e-07,1.2865712286472877e-07,1.2865715133854684e-07,1.2865716108059202e-07,1.286571225624637e-07,1.2865714056058739e-07,1.2865714527833908e-07,1.286571228647288e-07,1.2865715133854682e-07,1.2865716108059197e-07,1.286571225624637e-07,1.2865714056058739e-07,1.2865714527833908e-07,1.2865712286472877e-07,1.2865715133854684e-07,1.28657161080592e-07,1.2859607946756639e-07,1.285256991490897e-07,1.283742969474313e-07,1.2804928759137754e-07,1.2735471279679675e-07,1.2588355701445192e-07,1.2282667990183788e-07,1.1672031892031271e-07,1.0542807539108369e-07,8.72435912836287e-08,6.360708737858844e-08,4.016382769000007e-08,2.2387275323367347e-08,1.1459763449033141e-08,5.585751082065215e-09,2.654428905888826e-09,1.245849932833496e-09,5.812886771654304e-10,0.9995255366070566,0.9989783589863342,0.997801534222636,0.9952755412229269,0.9898766720061847,0.9784418990529201,0.9546823172747771,0.9072199056479623,0.8194498266147501,0.6781092981175816,0.49439216333349045,0.312177164121017,0.17400727513160577,0.08907211367437856,0.04341578596339056,0.020631806827203156,0.009683487624836198,0.004518121434385654,3.390645048840453,1.573797914187011,0.730492360330353,0.33906457085451097,0.1573798120599519,0.07304925893595991,0.03390645048840453,0.015737979141870116,0.007304923603303529,0.003390645708545109,0.001573798120599519,0.0007304925893595991,0.00033906450488404525,0.00015737979141870113,7.30492360330353e-05,3.390645708545109e-05,1.5737981205995193e-05,7.30492589359599e-06,1.005107065741326,1.00234335102828,0.9968157710222965,0.9940107466988302,0.9902786283530851,0.9782293911792515,0.951589264689721,0.8973806029414035,0.8021197734420227,0.6628154753920441,0.49494837732054364,0.32801774000462913,0.19104740178422297,0.098426725495953,0.05714887850277073,0.02924705384751114,-0.013369604005498914,-0.034677932897632345,35444.9982277299,6036372.8090977995,3.645285466457362e-07,2.1368314064174506e-07,98.83542122385299,0.7009285023666989,0.6996029616785471,0.03346426310483883,0.02735502418862072,,,464158.71950363385,0.005665673215691622,1000000.0
4-2,5,7.0,7,-0.00035451400948359447,0.484686390533,26.279166146076218,12510.0,12510.0,12510.0,12510.0,12510.0,12510.0,12510.0,12510.0,12510.0,12510.0,12510.0,12510.0,12510.0,12510.0,12510.0,12510.0,12510.0,12510.0,25393640.07684173,11793385.245432455,5480707.207494805,2550622.151406075,1190598.5020055955,559329.8099364028,266321.3007684173,130318.75245432455,67191.97207494803,37891.121514060746,24290.885020055954,17978.198099364028,15048.113007684173,13688.087524543247,13056.81972074948,12763.811215140608,12627.80885020056,12564.68198099364,1.3109997339514096e-07,1.3109998790281878e-07,1.31100005580505e-07,1.3110000841742454e-07,1.3109994760439718e-07,1.3110002349208168e-07,1.3109997339514096e-07,1.3109998790281878e-07,1.3110000558050497e-07,1.3110000841742454e-07,1.3109994760439718e-07,1.3110002349208168e-07,1.3109997339514096e-07,1.3109998790281878e-07,1.3110000558050497e-07,1.3110000841742454e-07,1.3109994760439718e-07,1.3110002349208168e-07,1.3103538790593145e-07,1.3096092173864853e-07,1.308007629813803e-07,1.3045700408046392e-07,1.2972243844260307e-07,1.2816783345902692e-07,1.2494177026816184e-07,1.1851499289805854e-07,1.0669141897163538e-07,8.781648869649514e-08,6.358242639523249e-08,3.987501390983893e-08,2.2112177627277416e-08,1.1283333770269338e-08,5.4904693466712025e-09,2.6069527259929654e-09,1.223073161135341e-09,5.705523628615454e-10,0.9995073569617376,0.9989392358733602,0.997717447853647,0.9950953142969043,0.9894926795398056,0.9776339473102239,0.953026663793302,0.9040046059036313,0.8138170437080496,0.6698435015876277,0.48499200462761954,0.30415718355876076,0.16866653024124087,0.08606662708949597,0.0418800084893944,0.019885221652254866,0.00932931845881469,0.004352038601244081,3.3274654778125625,1.5444726021608122,0.7168806844178707,0.33274652441370395,0.15444734088627632,0.07168808992859806,0.03327465477812563,0.015444726021608126,0.007168806844178705,0.003327465244137039,0.001544473408862763,0.0007168808992859804,0.0003327465477812562,0.00015444726021608123,7.168806844178706e-05,3.3274652441370394e-05,1.5444734088627633e-05,7.168808992859804e-06,1.0052939692032363,1.0024274429853293,0.9966942400097984,0.9937790915120477,0.9898887067805635,0.9773503290586554,0.9496972832369206,0.8937547053344019,0.7962698753156037,0.6550502625225256,0.4864789253624071,0.320413581048987,0.18543941085121496,0.09501993599298864,0.05512972447644238,0.028215174449046643,-0.013154066920094465,-0.03383868758067981,35444.9982277299,5814819.759556753,3.7144995488287716e-07,2.166750008161056e-07,96.93227884931382,0.6961815733633624,0.6949270088345867,0.032302642858240804,0.026274416083540676,,,464158.7579089842,0.005560104254452457,1000000.0
4-2,6,7.0,0,0.0005015285058511758,0.615378698225,30.29188840714849,12510.0,12510.0,12510.0,12510.0,12510.0,12510.0,12510.0,12510.0,12510.0,12510.0,12510.0,12510.0,12510.0,12510.0,12510.0,12510.0,12510.0,12510.0,29514351.374427654,13706049.07052358,6368487.966506795,2962693.0543533172,1381864.2330935253,648107.9151281294,307528.4137442766,149445.39070523583,76069.77966506794,42011.83054353317,26203.54233093525,18865.97915128129,15460.184137442766,13879.353907052358,13145.59779665068,12805.018305435331,12646.935423309353,12573.559791512813,1.215999843928415e-07,1.216000007149202e-07,1.2160000787133774e-07,1.2160001868657147e-07,1.2159999930617597e-07,1.2160002306821072e-07,1.215999843928415e-07,1.2160000071492022e-07,1.216000078713377e-07,1.2160001868657147e-07,1.2159999930617597e-07,1.2160002306821072e-07,1.215999843928415e-07,1.216000007149202e-07,1.2160000787133774e-07,1.2160001868657144e-07,1.2159999930617597e-07,1.2160002306821072e-07,1.2154844282970645e-07,1.2148901205574377e-07,1.2136114173757557e-07,1.2108656143471954e-07,1.204991559998008e-07,1.1925285795407602e-07,1.1665339820188416e-07,1.1142092458707843e-07,1.0160236747894687e-07,8.539078395225761e-08,6.354616932745772e-08,4.0967246132273014e-08,2.3204273757659627e-08,1.1997203702107268e-08,5.879435707018182e-09,2.8015759601522392e-09,1.3166310115507004e-09,6.146924373307334e-10,0.9995761384066586,0.9990872643213495,0.9980356404745062,0.9957774903540484,0.9909470122314447,0.980697658973156,0.959320832024313,0.9162904928618738,0.8355457311026665,0.7022267337997331,0.522583632319398,0.3369016312545657,0.19082464420962247,0.09866121407543067,0.04835061946080695,0.023039272447592334,0.010827557722558554,0.005055035532237735,3.587423450690488,1.6651343607654552,0.7728869707572754,0.35874231453816985,0.16651347379408177,0.0772887211416872,0.035874234506904884,0.016651343607654554,0.007728869707572753,0.003587423145381698,0.0016651347379408176,0.0007728872114168717,0.0003587423450690488,0.00016651343607654553,7.728869707572754e-05,3.5874231453816984e-05,1.6651347379408178e-05,7.728872114168718e-06,1.004583596679508,1.002107188825903,0.9971542224267029,0.9946547503279763,0.991358372553254,0.980667308604664,0.9568765841889757,0.9076572401047258,0.8190035150122394,0.6856635648432619,0.5203486229117082,0.35126368657967255,0.20852830685099555,0.10924485942093476,0.06360806038849987,0.03256059194903216,-0.013962153331329219,-0.037223525900208984,35444.9982277299,6753120.42328144,3.445333325047437e-07,2.0492504430251585e-07,104.7781863057511,0.7150375965307526,0.7134852446277219,0.03718673984772525,0.030845566505385714,,,464158.7281686229,0.005994485034714912,1000000.0
4-2,6,7.0,1,0.0004867692219480129,0.484686390533,27.585367443667522,12510.0,12510.0,12510.0,12510.0,12510.0,12510.0,12510.0,12510.0,12510.0,12510.0,12510.0,12510.0,12510.0,12510.0,12510.0,12510.0,12510.0,12510.0,28289501.792089533,13137524.266366906,6104600.3168737,2840207.8558920864,1325011.8624492406,621719.2676435572,295279.9179208953,143760.14266366904,73430.903168737,40786.97855892086,25635.018624492404,18602.09267643557,15337.699179208952,13822.50142663669,13119.209031687371,12792.76978558921,12641.250186244923,12570.920926764355,1.2420568607708425e-07,1.24205703226609e-07,1.2420572893285643e-07,1.2420572736922212e-07,1.2420569595319378e-07,1.2420573197814073e-07,1.2420568607708425e-07,1.2420570322660903e-07,1.242057289328564e-07,1.2420572736922212e-07,1.2420569595319376e-07,1.2420573197814073e-07,1.2420568607708428e-07,1.24205703226609e-07,1.2420572893285643e-07,1.2420572736922212e-07,1.2420569595319378e-07,1.2420573197814073e-07,1.2415076064417124e-07,1.2408743030730847e-07,1.2395119733565173e-07,1.2365864992692666e-07,1.2303301720184866e-07,1.2170651120775057e-07,1.189435160529088e-07,1.1339732951067534e-07,1.0304551433792596e-07,8.610990109603227e-08,6.359277894560096e-08,4.067675843341406e-08,2.2898891970012556e-08,1.17938249850486e-08,5.767668742105347e-09,2.745427885109793e-09,1.2895892800441127e-09,6.019231483226835e-10,0.9995577864858868,0.9990477657931315,0.9979507257886447,0.9955953927899864,0.9905585750931499,0.9798783781506152,0.9576334208974163,0.9129800529673407,0.8296357601478325,0.6932844637675709,0.5119956734477423,0.3274950180284181,0.18436267044812338,0.09495397295509993,0.04643641474237678,0.022103875105119374,0.010382690344008759,0.00484617850348982,3.5121631657325607,1.6302016268133772,0.7566725185320943,0.35121626897146646,0.16302020726537092,0.07566728301553506,0.03512163165732561,0.016302016268133775,0.007566725185320942,0.0035121626897146644,0.0016302020726537093,0.0007566728301553505,0.00035121631657325606,0.00016302016268133774,7.566725185320941e-05,3.512162689714664e-05,1.6302020726537095e-05,7.5667283015535055e-06,1.00477412677757,1.0021932954155304,0.9970314820401676,0.9944212779603863,0.9909675805073554,0.9797846520113307,0.9549559856639149,0.9038989990842072,0.8127749708523879,0.677157176244986,0.5108066340203212,0.3424528030986469,0.20184284472937009,0.10507215146809656,0.0611079749084702,0.03127568722865881,-0.013750051714948697,-0.03626292113040859,35444.9982277299,6474217.398308534,3.5191616766794166e-07,2.0817905124821475e-07,102.52650578575869,0.7097582236609122,0.7082935162458356,0.03574462633001893,0.02948856815197366,,,464158.75207406183,0.005868727441029197,1000000.0
4-2,6,7.0,2,0.0001815727780538521,0.474633136095,27.38165844599852,12510.0,12510.0,12510.0,12510.0,12510.0,12510.0,12510.0,12510.0,12510.0,12510.0,12510.0,12510.0,12510.0,12510.0,12510.0,12510.0,12510.0,12510.0,27139372.182330932,12603681.866769783,5856815.858660271,2725194.414784972,1271627.124463629,596940.4342517985,283778.62182330934,138421.71866769786,70953.05858660271,39636.84414784972,25101.171244636294,18354.304342517986,15222.686218233093,13769.11718667698,13094.430585866028,12781.268441478496,12635.911712446363,12568.443043425179,1.2681140096380738e-07,1.2681141662376828e-07,1.2681140851223733e-07,1.26811455602777e-07,1.2681143338435009e-07,1.268114526282769e-07,1.2681140096380738e-07,1.268114166237683e-07,1.268114085122373e-07,1.26811455602777e-07,1.2681143338435006e-07,1.268114526282769e-07,1.2681140096380738e-07,1.268114166237683e-07,1.2681140851223733e-07,1.2681145560277696e-07,1.268114333843501e-07,1.2681145262827688e-07,1.267529467514034e-07,1.2668554778331892e-07,1.2654054277925679e-07,1.2622932784668588e-07,1.255638891938254e-07,1.2415388215498814e-07,1.2122109040459623e-07,1.1535070917675444e-07,1.0445281323685855e-07,8.678780226465414e-08,6.361075576747553e-08,4.037879668147528e-08,2.259782109266122e-08,1.1596272438754367e-08,5.6598463969329886e-09,2.6914344284756825e-09,1.263624271723414e-09,5.896710680199571e-10,0.9995390460797711,0.9990074328968125,0.9978640270922121,0.9954095018204463,0.9901622104787389,0.9790431351568937,0.9559163409857238,0.9096240090037305,0.8236862476515971,0.6843845601497348,0.5016168816157062,0.31841600931611336,0.17820023216296424,0.09144501928528158,0.04463199694203233,0.02122390611859473,0.009964592608093324,0.0046499827562772504,3.43999539709351,1.5967043413784132,0.7411246577130297,0.34399945922984954,0.15967044735201394,0.07411247232764526,0.03439995397093511,0.01596704341378414,0.007411246577130296,0.003439994592298495,0.0015967044735201393,0.0007411247232764524,0.00034399953970935105,0.00015967043413784134,7.411246577130295e-05,3.439994592298495e-05,1.5967044735201395e-05,7.411247232764525e-06,1.0049680157775929,1.0022807990713467,0.9969062150490604,0.9941828459982389,0.9905676757648436,0.9788813324999044,0.9529979398217225,0.9000978311079137,0.8065392498710899,0.6687324730598245,0.5014566515228758,0.3339105784011558,0.19543076642091428,0.1011112628121893,0.058744919758634495,0.030063993906461306,-0.013529617726987908,-0.035326423500738946,35444.9982277299,6212329.214751524,3.592990280931096e-07,2.1140923706774646e-07,100.33927401839107,0.704561069613467,0.703179388718916,0.034383099542055845,0.028212827049911647,,,464158.76964481344,0.005748136085387726,1000000.0
4-2,6,7.0,3,-2.5829773026721647e-05,0.454526627219,26.977174599844673,12510.0,12510.0,12510.0,12510.0,12510.0,12510.0,12510.0,12510.0,12510.0,12510.0,12510.0,12510.0,12510.0,12510.0,12510.0,12510.0,12510.0,12510.0,26058009.07356115,12101760.279293368,5623841.785928057,2617060.076319744,1221435.8409984014,573643.2604709911,272964.99073561147,133402.50279293366,68623.31785928058,38555.500763197444,24599.25840998401,18121.332604709914,15114.549907356115,13718.925027929336,13071.133178592805,12770.455007631976,12630.89258409984,12566.1133260471,1.2941712244257953e-07,1.2941712441030938e-07,1.2941714664492543e-07,1.2941713098689253e-07,1.2941709479794024e-07,1.2941716543862142e-07,1.2941712244257953e-07,1.294171244103094e-07,1.294171466449254e-07,1.294171309868925e-07,1.2941709479794024e-07,1.2941716543862142e-07,1.2941712244257953e-07,1.2941712441030938e-07,1.294171466449254e-07,1.294171309868925e-07,1.2941709479794024e-07,1.2941716543862142e-07,1.2935499151779603e-07,1.2928334153996587e-07,1.2912926363431528e-07,1.287984947074676e-07,1.2809159917911275e-07,1.2659483865261882e-07,1.2348592885840005e-07,1.1728085865459129e-07,1.0582445898374345e-07,8.742550134655273e-08,6.360178325728292e-08,4.007446780410211e-08,2.2301249877382388e-08,1.1404362982066847e-08,5.555773464248056e-09,2.6394783755750985e-09,1.2386746948123127e-09,5.779056269766377e-10,0.9995199172751577,0.9989662660876365,0.9977755419735844,0.99521982696798,0.9897579556943618,0.9781920213100236,0.9541699469727348,0.9062236484467017,0.8177004494936679,0.6755326801009617,0.4914480838608285,0.3096534193766452,0.17232070576501285,0.08812097343401004,0.04292919144239149,0.020395123546993375,0.009571182978154959,0.004465448034022354,3.370733542681155,1.564556007422677,0.7262025486127826,0.33707339838899325,0.15645567016816972,0.07262027600348732,0.03370733542681155,0.015645560074226773,0.007262025486127826,0.003370733983889933,0.0015645567016816973,0.0007262027600348732,0.0003370733542681155,0.00015645560074226773,7.262025486127826e-05,3.3707339838899325e-05,1.5645567016816973e-05,7.262027600348731e-06,1.0051647420133343,1.00236925624991,0.9967781341556066,0.9939391716940911,0.9901582216270643,0.9779578498798518,0.95100413247701,0.8962561331597154,0.8002996780705196,0.6603915281712744,0.49229590566741166,0.32562843697320254,0.18927951604221072,0.09734937955738587,0.05650954941236108,0.0289201496849536,-0.013302945665833121,-0.034414493310204484,35444.9982277299,5966099.665425031,3.666818500362376e-07,2.146160802294382e-07,98.23296662358095,0.6994443234467709,0.6981412668964734,0.033096383887114444,0.027012327935732588,,,464158.73474775674,0.005632404107910868,1000000.0
4-2,6,7.0,4,9.134724816518676e-05,0.414313609467,26.17793200466208,12510.0,12510.0,12510.0,12510.0,12510.0,12510.0,12510.0,12510.0,12510.0,12510.0,12510.0,12510.0,12510.0,12510.0,12510.0,12510.0,12510.0,12510.0,25040040.93066027,11629261.5917514,5404529.723130296,2515261.9470895287,1174186.0760359713,551711.8980839648,262785.3093066027,128677.51591751396,66430.19723130295,37537.519470895284,24126.760760359713,17902.01898083965,15012.753093066029,13671.67515917514,13049.201972313029,12760.275194708951,12626.167607603596,12563.920189808396,1.320228420606686e-07,1.320228424257734e-07,1.3202283625931557e-07,1.3202288528508286e-07,1.3202280451351777e-07,1.3202287415095658e-07,1.320228420606686e-07,1.3202284242577345e-07,1.3202283625931557e-07,1.3202288528508286e-07,1.3202280451351777e-07,1.3202287415095655e-07,1.3202284206066858e-07,1.320228424257734e-07,1.3202283625931557e-07,1.3202288528508288e-07,1.320228045135178e-07,1.3202287415095658e-07,1.3195688347223209e-07,1.318808208755902e-07,1.3171723970120332e-07,1.313662513719322e-07,1.306162086441136e-07,1.2902927158163676e-07,1.2573784173649916e-07,1.191876105131124e-07,1.0716056352131179e-07,8.802407241208631e-08,6.356747804558611e-08,3.976477983231216e-08,2.2009325956031208e-08,1.121791256039234e-08,5.455274111966627e-09,2.5894467647894262e-09,1.2146815903359938e-09,5.665985079278176e-10,0.9995004001776739,0.9989242653197452,0.9976852750117259,0.9950263629541746,0.989345811319588,0.977325121964116,0.952394599100652,0.9027802183559461,0.8116820283335681,0.6667334396003542,0.4814886206956577,0.30119613807865314,0.16670846962919675,0.08496948220683352,0.04132068562177781,0.019613620465860283,0.009200543760692667,0.004291669239680102,3.304205763227059,1.5336765648971473,0.7118697370138312,0.33042053320761866,0.15336773349452745,0.0711869843326962,0.03304205763227059,0.015336765648971474,0.00711869737013831,0.003304205332076186,0.0015336773349452746,0.000711869843326962,0.0003304205763227059,0.00015336765648971476,7.11869737013831e-05,3.3042053320761855e-05,1.5336773349452748e-05,7.11869843326962e-06,1.0053652111343498,1.0024594280970867,0.9966477114982304,0.9936904848929888,0.9897394012642291,0.9770135253039509,0.9489742639726444,0.892376387168424,0.7940602738141713,0.652136613260458,0.4833218535261459,0.317597538715658,0.18337632417538785,0.09377450558886302,0.054393359912623396,0.027839278847755722,-0.013071786682713693,-0.03352731942761294,35444.9982277299,5734304.916289927,3.740647139599127e-07,2.1780007937072917e-07,96.2376753258645,0.6944060496753036,0.6931773534667856,0.03187920025896888,0.0258816076477831,,,464158.69336235337,0.005521238388712952,1000000.0
4-2,6,7.0,5,-1.7013794733523868e-05,0.484686390533,27.585367443667522,12510.0,12510.0,12510.0,12510.0,12510.0,12510.0,12510.0,12510.0,12510.0,12510.0,12510.0,12510.0,12510.0,12510.0,12510.0,12510.0,12510.0,12510.0,24080606.12298641,11183930.975719424,5197823.313848921,2419319.784172662,1129652.1452310153,531041.4563327339,253190.96122986407,124224.20975719424,64363.13313848921,36578.097841726616,23681.42145231015,17695.314563327338,14916.80961229864,13627.142097571943,13028.531331384891,12750.680978417266,12621.714214523103,12561.853145633273,1.346285636466716e-07,1.346285664116077e-07,1.3462858866895446e-07,1.34628572094879e-07,1.3462857800762265e-07,1.3462860182128268e-07,1.3462856364667163e-07,1.3462856641160771e-07,1.3462858866895446e-07,1.34628572094879e-07,1.3462857800762265e-07,1.3462860182128268e-07,1.346285636466716e-07,1.3462856641160771e-07,1.3462858866895446e-07,1.34628572094879e-07,1.3462857800762265e-07,1.3462860182128268e-07,1.3455862340834796e-07,1.344779750524992e-07,1.3430456771969264e-07,1.3393242458766435e-07,1.3313767346857012e-07,1.314570908428084e-07,1.279766542616015e-07,1.210707955946219e-07,1.0846137830918617e-07,8.858453108994533e-08,6.350938804400402e-08,3.9450649332397564e-08,2.1722159730966572e-08,1.1036741086083254e-08,5.358174267641068e-09,2.5412396804187825e-09,1.19159137886184e-09,5.557234602021787e-10,0.9994804948041548,0.9988814308647683,0.9975932233081741,0.9948291250781146,0.9889257944998265,0.9764425171503717,0.9505906532396211,0.8992949923010033,0.805634073576213,0.6579920570465212,0.47173779136557564,0.2930331950172644,0.1613488188730565,0.08197919193717018,0.0397996764328903,0.01887593131885743,0.008850954206724014,0.004127826128209315,3.240253210747686,1.5039923907416697,0.6980914132498196,0.3240253645471494,0.15039925844483665,0.06980916496642946,0.03240253210747686,0.015039923907416701,0.006980914132498195,0.0032402536454714938,0.0015039925844483664,0.0006980916496642944,0.00032402532107476864,0.000150399239074167,6.980914132498196e-05,3.240253645471494e-05,1.5039925844483668e-05,6.980916496642945e-06,1.0055690489138909,1.002551015103382,0.996514797001927,0.9934367121765479,0.9893110175689124,0.9760490217088282,0.9469094919207421,0.8884603691650099,0.787824133540882,0.6439693578443482,0.47453154269161857,0.3098098555706592,0.177709737692485,0.09037534280942516,0.05238843246632996,0.026816916442268024,-0.012837639744706308,-0.032664917827415006,35444.9982277299,5515837.709520714,3.814476191305807e-07,2.2096169385490793e-07,94.34307233835132,0.6894444325632727,0.6882860586337206,0.030726716004770248,0.024815626829180364,,,464158.7121556163,0.0054143732878973476,1000000.0
4-2,6,7.0,6,-0.00014633030399721083,0.434420118343,26.576525454545532,12510.0,12510.0,12510.0,12510.0,12510.0,12510.0,12510.0,12510.0,12510.0,12510.0,12510.0,12510.0,12510.0,12510.0,12510.0,12510.0,12510.0,12510.0,23175305.125506792,10763726.160231015,5002783.426343725,2328789.1974492404,1087632.5514180656,511537.4128345325,244137.95125506795,120022.16160231015,62412.73426343725,35672.7919744924,23261.225514180656,17500.274128345325,14826.279512550678,13585.121616023102,13009.027342634374,12741.627919744924,12617.512255141806,12559.902741283453,1.3723427681364084e-07,1.3723428794214144e-07,1.3723428486406879e-07,1.372342996599413e-07,1.372342429905317e-07,1.3723430515263144e-07,1.3723427681364084e-07,1.3723428794214144e-07,1.3723428486406876e-07,1.3723429965994129e-07,1.372342429905317e-07,1.3723430515263146e-07,1.3723427681364084e-07,1.3723428794214144e-07,1.3723428486406879e-07,1.3723429965994129e-07,1.3723424299053174e-07,1.3723430515263146e-07,1.3716019792692752e-07,1.3707478918524262e-07,1.3689111572054575e-07,1.3649709206269452e-07,1.3565576836914129e-07,1.3387814563353337e-07,1.3020218371171673e-07,1.229302550932351e-07,1.097270633986051e-07,8.910795479819197e-08,6.342900092514935e-08,3.913291857613755e-08,2.1439832126061063e-08,1.0860671961310458e-08,5.264318283781587e-09,2.4947593469296735e-09,1.1693559434093772e-09,5.452564535182404e-10,0.9994602012818276,0.9988377630744435,0.9974993920516078,0.994628109743165,0.9884979536667146,0.9755443107656983,0.9487584788203209,0.8957692493370389,0.7995601354813799,0.6493125626683443,0.4621951456352299,0.2851540548306349,0.15622796741353168,0.07913963867316719,0.038360081003051966,0.01817883250114253,0.008520875824629683,0.0039731789577817905,3.1787294380314495,1.4754354942613472,0.6848366049404473,0.31787295347883743,0.14754362946590724,0.06848368025246243,0.031787294380314496,0.014754354942613478,0.006848366049404472,0.0031787295347883737,0.0014754362946590724,0.0006848368025246241,0.000317872943803145,0.00014754354942613475,6.848366049404471e-05,3.1787295347883736e-05,1.4754362946590726e-05,6.848368025246241e-06,1.0057757487273802,1.002643602242351,0.9963791588365556,0.9931777442372134,0.9888732518762868,0.9750642496314299,0.9448108197965244,0.8845107580534144,0.7815941215557594,0.6358912181070266,0.4659222503461322,0.3022573509956157,0.17226881301623997,0.0871417101827916,0.0504874429796871,0.025848988785766025,-0.012601804996659638,-0.031827201885634836,35444.9982277299,5309697.445942321,3.88830447439216e-07,2.2410131780268396e-07,92.53946430760723,0.684557762068766,0.6834658703753811,0.029634521391954632,0.02380982701319005,,,464158.6763902272,0.005311570645556596,1000000.0
4-2,6,7.0,7,0.00010444122897904196,0.464579881657,27.17960480186488,12510.0,12510.0,12510.0,12510.0,12510.0,12510.0,12510.0,12510.0,12510.0,12510.0,12510.0,12510.0,12510.0,12510.0,12510.0,12510.0,12510.0,12510.0,22320140.16166987,10366795.602916867,4818543.681919265,2243272.4661518782,1047939.0063021582,493113.3330814468,235586.30161669865,116052.85602916867,60570.33681919265,34817.624661518785,22864.29006302158,17316.03333081447,14740.763016166986,13545.428560291686,12990.603368191927,12733.076246615188,12613.542900630215,12558.060333308144,1.3983998320269568e-07,1.3983998223951273e-07,1.398399916948416e-07,1.3984001421044654e-07,1.3983996714929977e-07,1.3984002731256067e-07,1.398399832026957e-07,1.3983998223951273e-07,1.398399916948416e-07,1.398400142104465e-07,1.3983996714929977e-07,1.3984002731256067e-07,1.398399832026957e-07,1.3983998223951273e-07,1.398399916948416e-07,1.3984001421044649e-07,1.3983996714929977e-07,1.3984002731256067e-07,1.397616056397774e-07,1.396712321025539e-07,1.3947693629645084e-07,1.3906017199147005e-07,1.3817059710150395e-07,1.3629236671545574e-07,1.324142620217078e-07,1.2476583208351305e-07,1.1095789547463128e-07,8.959538681901621e-08,6.332772976008637e-08,3.8812343416444606e-08,2.116239589279429e-08,1.0689533434618454e-08,5.173552691250095e-09,2.4499174349147127e-09,1.1479277421690262e-09,5.351748712845439e-10,0.9994395196486496,0.9987932625973178,0.997403779891642,0.9944233256598298,0.9880622823229533,0.9746305784882645,0.9468984405538402,0.8922042901136723,0.7934632584701756,0.6406992113443533,0.45285858578953114,0.2775481681628533,0.1513329407521435,0.07644118129470165,0.036996231396665163,0.017519430677601405,0.008208867361527943,0.0038270506776172056,3.1194986270998615,1.4479431148147368,0.672075710164719,0.3119498549668094,0.1447943582267259,0.06720758322461723,0.031194986270998617,0.014479431148147372,0.006720757101647189,0.0031194985496680937,0.0014479435822672589,0.0006720758322461722,0.00031194986270998614,0.00014479431148147368,6.72075710164719e-05,3.119498549668094e-05,1.4479435822672593e-05,6.720758322461721e-06,1.0059859618195006,1.0027377487469344,0.9962411722115458,0.9929138571096434,0.9884259703873752,0.9740591215008116,0.9426785016638135,0.880529310284091,0.7753735187634394,0.6279036351505276,0.45749088498703294,0.2949321265711209,0.16704284677263104,0.08406371629934561,0.048683705556499035,0.02493176474175307,-0.012365339089605243,-0.031013891010669058,35444.9982277299,5114973.480846774,3.9621329555085386e-07,2.2721940416251892e-07,90.81812103206498,0.6797441951108653,0.6787151017867603,0.028598552281622676,0.022859991299464682,,,464158.7269511027,0.005212596881780908,1000000.0
4-2,3,21.0,0,0.00026910980781069986,0.896869822485,30.849560108780196,12510.0,12510.0,12510.0,12510.0,12510.0,12510.0,12510.0,12510.0,12510.0,12510.0,12510.0,12510.0,12510.0,12510.0,12510.0,12510.0,12510.0,12510.0,44701696.27006316,20755392.01638689,9640503.706871303,4481426.3426890485,2086798.0690647482,975309.640607514,459401.86270063143,219938.8201638689,108789.93706871303,57199.16342689049,33252.88069064748,22137.996406075137,16978.918627006315,14584.28820163869,13472.799370687131,12956.891634268904,12717.428806906473,12606.279964060752,9.879998020407241e-08,9.879998566150586e-08,9.879998887655305e-08,9.880001518283931e-08,9.879999943626797e-08,9.879999658305988e-08,9.879998020407241e-08,9.879998566150587e-08,9.879998887655302e-08,9.880001518283931e-08,9.879999943626797e-08,9.879999658305989e-08,9.879998020407241e-08,9.879998566150586e-08,9.879998887655302e-08,9.880001518283931e-08,9.879999943626797e-08,9.879999658305988e-08,9.877233052060433e-08,9.874043545789373e-08,9.867178106724897e-08,9.852421277186058e-08,9.82077102199464e-08,9.753271908902816e-08,9.610955194788927e-08,9.318029642381446e-08,8.743875552952927e-08,7.719151401101524e-08,6.163064847247795e-08,4.296892973389834e-08,2.6004546083373494e-08,1.405208411588481e-08,7.060490139948492e-09,3.407676894825169e-09,1.611486591872703e-09,7.545810617675034e-10,0.9997201448480966,0.9993972650581535,0.9987023499621617,0.9972084780506528,0.9940051698410827,0.9871733042726744,0.9727689393193598,0.9431205460196648,0.8850077466990486,0.7812905075790183,0.6237919921470596,0.4349082107282758,0.2632039604629558,0.1422275926641125,0.07146245885483161,0.0344906515299509,0.016310593128213632,0.007637460403484294,4.415290718818343,2.0493964457973326,0.9512456711424073,0.44152900250851673,0.20493966005425449,0.09512460120219367,0.04415290718818343,0.02049396445797333,0.009512456711424073,0.004415290025085167,0.0020493966005425447,0.0009512460120219365,0.0004415290718818343,0.00020493964457973327,9.512456711424073e-05,4.415290025085167e-05,2.0493966005425454e-05,9.512460120219366e-06,1.0030665611122629,1.0014173828672632,0.9981188753639785,0.9964815590601201,0.9943836777926283,0.9875081173173665,0.9720021202150537,0.9383455857953589,0.8725306861878845,0.7630486010158606,0.6123012364705644,0.4412502482672327,0.28101921616241654,0.1572566635638637,0.0931786599799782,0.04803236596163174,-0.014941700205763908,-0.046428732981730246,35444.9982277299,10211334.282012613,2.799333042430616e-07,1.753493768403228e-07,128.5970867136028,0.7650300418965712,0.7624877210249296,0.054425751316118584,0.047419451263595896,,,464158.65748896543,0.00737782772117581,1000000.0
4-2,3,21.0,1,0.0003809581410614592,0.49473964497,23.839391872571937,12510.0,12510.0,12510.0,12510.0,12510.0,12510.0,12510.0,12510.0,12510.0,12510.0,12510.0,12510.0,12510.0,12510.0,12510.0,12510.0,12510.0,12510.0,41104083.808384486,19085525.936870504,8865420.97036051,4121665.9263317343,1919810.7298489208,897801.330842526,423425.7380838449,203240.15936870506,101039.10970360512,53601.559263317344,31583.00729848921,21362.91330842526,16619.15738083845,14417.30159368705,13395.291097036052,12920.915592633171,12700.730072984892,12598.529133084252,1.0303426881026931e-07,1.0303428087448349e-07,1.0303428132413302e-07,1.0303429719017115e-07,1.0303431527967645e-07,1.0303429019798642e-07,1.0303426881026931e-07,1.0303428087448352e-07,1.0303428132413301e-07,1.0303429719017115e-07,1.0303431527967645e-07,1.0303429019798642e-07,1.0303426881026931e-07,1.0303428087448352e-07,1.0303428132413302e-07,1.0303429719017115e-07,1.0303431527967645e-07,1.0303429019798644e-07,1.0300291040051068e-07,1.0296674493871714e-07,1.0288888959782084e-07,1.0272156950168618e-07,1.0236291613386055e-07,1.0159860623751912e-07,9.999014894016062e-08,9.669223283760196e-08,9.027725225740804e-08,7.898725311973587e-08,6.222251822796217e-08,4.2697998430680456e-08,2.5475661398403032e-08,1.3630667766730445e-08,6.809507257811356e-09,3.2767336794290973e-09,1.5472923493619742e-09,7.240159778037513e-10,0.9996956506789368,0.9993445294595822,0.9985888994959375,0.9969648195114313,0.9934837326380687,0.9860659596168561,0.9704552678903925,0.9384472043376763,0.8761865574954324,0.7666112670613799,0.6039009242606728,0.4144057123956865,0.24725425523536015,0.13229255012062774,0.0660897244130766,0.03180235871732309,0.015017252700345533,0.007026941966723043,4.2338402616101085,1.9651744811630154,0.9121533194576283,0.423383992914417,0.1965174247324107,0.09121536389179044,0.04233840261610109,0.01965174481163016,0.009121533194576283,0.004233839929144169,0.001965174247324107,0.0009121536389179043,0.0004233840261610109,0.00019651744811630156,9.121533194576284e-05,4.2338399291441694e-05,1.9651742473241074e-05,9.121536389179041e-06,1.0033275545985452,1.0015366486192114,0.997954685702144,0.9961715323925997,0.9938745756156564,0.9863574558059724,0.9694302252011884,0.9329832521044548,0.8627985840653949,0.7483463640208363,0.5940600243184377,0.42263610851463085,0.2653889276007195,0.14648031011548213,0.08641145769798086,0.04444275952333321,-0.014954479859966341,-0.04465309930734061,35444.9982277299,9392144.35168508,2.919304723243099e-07,1.8100157018408175e-07,123.41953483329499,0.7552012089923916,0.7528750574719213,0.0504457655836192,0.04354538963389785,,,464158.67689052364,0.007074627254413037,1000000.0
4-2,3,21.0,2,0.00018234906509747306,0.434420118343,22.787054778554847,12510.0,12510.0,12510.0,12510.0,12510.0,12510.0,12510.0,12510.0,12510.0,12510.0,12510.0,12510.0,12510.0,12510.0,12510.0,12510.0,12510.0,12510.0,37924041.225019984,17609482.8253749,8180300.831427657,3803661.1462517986,1772206.6642885692,829289.728672262,391625.31225019984,188479.72825374897,94187.90831427657,50421.51146251799,30106.96664288569,20677.797286722624,16301.153122501999,14269.697282537489,13326.779083142766,12889.115114625181,12685.969666428859,12591.677972867228,1.0726855198533388e-07,1.0726855947094089e-07,1.0726856994883756e-07,1.0726859050521336e-07,1.0726858984224988e-07,1.0726855096318848e-07,1.0726855198533388e-07,1.0726855947094092e-07,1.0726856994883754e-07,1.0726859050521336e-07,1.0726858984224988e-07,1.0726855096318847e-07,1.0726855198533388e-07,1.0726855947094089e-07,1.0726856994883754e-07,1.0726859050521336e-07,1.0726858984224988e-07,1.0726855096318848e-07,1.0723316731793058e-07,1.0719235452544143e-07,1.0710452588276795e-07,1.0691579092196378e-07,1.0651138128076122e-07,1.0565038360122443e-07,1.0384198699231526e-07,1.0014880345572193e-07,9.302120174545474e-08,8.065435328192475e-08,6.269651206225055e-08,4.237142706057862e-08,2.494740726311564e-08,1.32280446364984e-08,6.574336054213751e-09,3.155154067863103e-09,1.4879444354014634e-09,6.958149512683989e-10,0.9996701300917333,0.999289587313605,0.9984707163883341,0.9967110634940951,0.992941003861408,0.9849148017062395,0.9680562016583654,0.9336268143216023,0.8671804032609163,0.7518916106015663,0.5844815537749922,0.3950032575262371,0.23256962829633918,0.12331707167263567,0.061288558776810616,0.02941358745372681,0.013871203467759273,0.006486663099487406,4.0667150580546645,1.8876019260272583,0.8761472421284716,0.40667143985065446,0.1887601797283458,0.08761477795077982,0.04066715058054665,0.018876019260272586,0.008761472421284716,0.0040667143985065445,0.0018876017972834576,0.0008761477795077982,0.00040667150580546646,0.00018876019260272584,8.761472421284715e-05,4.0667143985065436e-05,1.887601797283458e-05,8.761477795077982e-06,1.0035981098815485,1.0016599905457184,0.9977836009727419,0.9958481333651488,0.9933415261357652,0.9851521598662067,0.9667477368589985,0.9274553291585921,0.8529457313214532,0.7337692970051748,0.5763515331226063,0.40493791355046405,0.25083753893585303,0.1366562562138931,0.08030804050215146,0.04123138562032658,-0.014848985749742027,-0.042889171243078034,35444.9982277299,8668037.366853222,3.039275992489468e-07,1.865776770352477e-07,118.6617185227373,0.7456294750008519,0.743504307328346,0.04687541689408395,0.04009150506871022,,,464158.5761182048,0.006795366438358515,1000000.0
4-2,3,21.0,3,-7.120714399616223e-05,0.444473372781,22.96014266511273,12510.0,12510.0,12510.0,12510.0,12510.0,12510.0,12510.0,12510.0,12510.0,12510.0,12510.0,12510.0,12510.0,12510.0,12510.0,12510.0,12510.0,12510.0,35099357.36369625,16298379.785151878,7571739.995974421,3521194.5695931255,1641096.9536722624,768433.0858994083,363378.4736369624,175368.6978515188,88102.29995974421,47596.84569593126,28795.86953672262,20069.230858994088,16018.684736369625,14138.586978515186,13265.922999597442,12860.868456959312,12672.858695367226,12585.59230858994,1.1150283437566195e-07,1.1150284565130806e-07,1.1150286203039872e-07,1.1150284800398366e-07,1.1150285848431955e-07,1.1150287999262129e-07,1.1150283437566195e-07,1.1150284565130806e-07,1.115028620303987e-07,1.1150284800398363e-07,1.1150285848431955e-07,1.1150287999262126e-07,1.1150283437566195e-07,1.1150284565130806e-07,1.1150286203039872e-07,1.1150284800398363e-07,1.1150285848431957e-07,1.1150287999262129e-07,1.1146309289425572e-07,1.1141726042029211e-07,1.1131863742618067e-07,1.111067038543319e-07,1.1065287777079895e-07,1.0968762625836148e-07,1.0766413572057014e-07,1.0354874314506205e-07,9.567012208334116e-08,8.219627089504979e-08,6.306185697679582e-08,4.1998421226451706e-08,2.442324694408718e-08,1.284372213227914e-08,6.353691177935862e-09,3.0420054723875384e-09,1.432921371490644e-09,6.697150127226477e-10,0.999643583218052,0.9992324390421068,0.9983478038064364,0.9964472284184384,0.9923770500140123,0.9837201179522903,0.9655730845176639,0.9286645783810747,0.8580059770776008,0.7371674568537764,0.5655626934951098,0.37665772605363157,0.21903700547919086,0.11518739326567551,0.05698231473380184,0.027281863439746912,0.012850983292882602,0.006006257531347765,3.9122829303583537,1.8159208249510914,0.8428757792971873,0.39122832225726506,0.18159210062472736,0.0842876011306937,0.03912282930358354,0.01815920824951092,0.008428757792971872,0.00391228322257265,0.0018159210062472736,0.0008428760113069369,0.0003912282930358353,0.00018159208249510917,8.428757792971872e-05,3.91228322257265e-05,1.8159210062472737e-05,8.428760113069368e-06,1.0038780928832367,1.0017873556624473,0.99760573037881,0.9955115300791739,0.9927846557781912,0.9838924350234777,0.9639565103534764,0.9217718702888522,0.8429957089798492,0.7193425884105835,0.5591763970720951,0.3881126422681671,0.23728120498595118,0.12768564090765366,0.07478955191279546,0.038348142684014874,-0.01465495049047938,-0.04115649692967952,35444.9982277299,8024846.537207992,3.159247389420375e-07,1.9208076820607e-07,114.24691564354092,0.7363072988693723,0.7343682236845159,0.04366176245269092,0.037002377616861024,,,464158.7704331616,0.006537315594121981,1000000.0
4-2,3,21.0,4,-0.0002742682476055338,0.454526627219,23.13200514374521,12510.0,12510.0,12510.0,12510.0,12510.0,12510.0,12510.0,12510.0,12510.0,12510.0,12510.0,12510.0,12510.0,12510.0,12510.0,12510.0,12510.0,12510.0,32578984.205660272,15128528.640480418,7028742.512473222,3269158.871801759,1524110.9351566748,714133.5156906475,338174.7420566027,163670.18640480418,82672.32512473222,45076.488718017594,27626.009351566747,19526.235156906474,15766.647420566029,14021.60186404804,13211.623251247323,12835.664887180177,12661.160093515668,12580.162351569064,1.1573713028179743e-07,1.1573713320121214e-07,1.157371565056162e-07,1.1573711588947956e-07,1.1573718119952452e-07,1.1573715994588014e-07,1.1573713028179743e-07,1.1573713320121217e-07,1.157371565056162e-07,1.1573711588947959e-07,1.1573718119952452e-07,1.1573715994588014e-07,1.1573713028179743e-07,1.1573713320121217e-07,1.157371565056162e-07,1.1573711588947956e-07,1.1573718119952452e-07,1.1573715994588011e-07,1.1569268839586611e-07,1.156414284852576e-07,1.1553116349544179e-07,1.1529422786336802e-07,1.1478720301656686e-07,1.1370970732097048e-07,1.1145570024057055e-07,1.0689085784617495e-07,9.822377671738868e-08,8.361679416622478e-08,6.332743506570809e-08,4.1587081382945035e-08,2.3905844834475183e-08,1.247706702720634e-08,6.146396888052652e-09,2.9364676563308615e-09,1.3817725235399045e-09,6.454917733804208e-10,0.9996160101272331,0.999173085479937,0.9982201652745425,0.9961733276079343,0.991791936064868,0.982482267355984,0.9630072904797068,0.9235657985440358,0.8486797125746072,0.7224717284822673,0.5471658667454072,0.3593234999233744,0.2065529426578065,0.10780521931120081,0.053106513704217324,0.025371875165223334,0.011938881776961589,0.005577221470461687,3.7691502679592976,1.7494846628652878,0.812038800375906,0.3769151478870631,0.17494843133359878,0.08120391305727921,0.03769150267959298,0.01749484662865288,0.00812038800375906,0.0037691514788706303,0.0017494843133359875,0.000812039130572792,0.0003769150267959298,0.00017494846628652878,8.12038800375906e-05,3.76915147887063e-05,1.749484313335988e-05,8.120391305727921e-06,1.0041675275580237,1.0019187592483547,0.9974210718483913,0.9951615491444752,0.9922034894069203,0.9825778576675415,0.9610588841766035,0.9159443410134571,0.8329708178960988,0.705087047196626,0.5425314503729126,0.3721174884734815,0.22464279350252525,0.11948145304912572,0.06978813125952144,0.035750754677788876,-0.014395762246582677,-0.03946902059702345,35444.9982277299,7450949.119461139,3.27921897929828e-07,1.9751366260826518e-07,110.11558260427277,0.7272267825364508,0.725459352189574,0.04075994228561295,0.03423111122856598,,,464158.69950757583,0.006298143502642436,1000000.0
4-2,3,21.0,5,-0.0003220455980836131,0.474633136095,23.48256075369082,12510.0,12510.0,12510.0,12510.0,12510.0,12510.0,12510.0,12510.0,12510.0,12510.0,12510.0,12510.0,12510.0,12510.0,12510.0,12510.0,12510.0,12510.0,30320738.948118307,14080346.938449241,6542219.844719423,3043333.8043557154,1419293.4791758594,665481.153067634,315592.28948118305,153188.3693844924,77807.09844719425,42818.238043557154,26577.834791758592,19039.711530676337,15540.82289481183,13916.783693844924,13162.970984471942,12813.082380435571,12650.678347917587,12575.297115306763,1.199714205788195e-07,1.1997141116039997e-07,1.1997143481784916e-07,1.1997141438934613e-07,1.1997143320659045e-07,1.1997144550453926e-07,1.199714205788195e-07,1.1997141116039997e-07,1.1997143481784914e-07,1.1997141438934613e-07,1.1997143320659045e-07,1.1997144550453926e-07,1.199714205788195e-07,1.1997141116039997e-07,1.1997143481784914e-07,1.199714143893461e-07,1.1997143320659045e-07,1.1997144550453923e-07,1.1992192170367636e-07,1.1986481986970397e-07,1.1974202604144085e-07,1.19478257052526e-07,1.1891397563954381e-07,1.1771617084147264e-07,1.1521578325349596e-07,1.101740462583062e-07,1.006821581384228e-07,8.491993953687841e-08,6.350172296970402e-08,4.11444747889555e-08,2.339722488792882e-08,1.2127358494668596e-08,5.951381796247658e-09,2.8378200325056624e-09,1.3341089352403243e-09,6.229506339928639e-10,0.9995874111108767,0.9991115275742362,0.9980878050116126,0.9958893763207652,0.9911857553187211,0.9812015713107226,0.9603602482793044,0.9183358367853586,0.8392177545537156,0.7078347785522116,0.5293070297856177,0.34295223014045256,0.19502332117970694,0.10108540340877127,0.04960665682863219,0.023654135003326842,0.011120221702636431,0.005192490857912469,3.6361212821338533,1.6877382494801563,0.7833786590152243,0.36361221857345405,0.16877383020808157,0.0783378931062898,0.036361212821338536,0.016877382494801564,0.007833786590152244,0.00363612218573454,0.0016877383020808153,0.0007833789310628979,0.00036361212821338536,0.00016877382494801565,7.833786590152243e-05,3.63612218573454e-05,1.6877383020808156e-05,7.83378931062898e-06,1.004466064519922,1.002053951391833,0.9972295744186344,0.9947981699962334,0.9915979276647722,0.9812085600401534,0.9580578437481471,0.9099832522218989,0.822890941927346,0.6910203980938938,0.5264109257685945,0.35691098468531024,0.21285172116793838,0.11196648304266787,0.06524466461175926,0.03340343099882226,-0.01408943071088764,-0.03783586148421244,35444.9982277299,6936739.3192193555,3.3991902399234726e-07,2.0287894406609867e-07,106.22109379965877,0.7183798362117568,0.7167702839242283,0.03813178156025583,0.03173785729162986,,,464158.6769764563,0.006075857864716045,1000000.0
4-2,3,21.0,6,-0.0004524157564487982,0.454526627219,23.13200514374521,12510.0,12510.0,12510.0,12510.0,12510.0,12510.0,12510.0,12510.0,12510.0,12510.0,12510.0,12510.0,12510.0,12510.0,12510.0,12510.0,12510.0,12510.0,28289501.792089533,13137524.266366906,6104600.3168737,2840207.8558920864,1325011.8624492406,621719.2676435572,295279.9179208953,143760.14266366904,73430.903168737,40786.97855892086,25635.018624492404,18602.09267643557,15337.699179208952,13822.50142663669,13119.209031687371,12792.76978558921,12641.250186244923,12570.920926764355,1.2420568607708425e-07,1.24205703226609e-07,1.2420572893285643e-07,1.2420572736922212e-07,1.2420569595319378e-07,1.2420573197814073e-07,1.2420568607708425e-07,1.2420570322660903e-07,1.242057289328564e-07,1.2420572736922212e-07,1.2420569595319376e-07,1.2420573197814073e-07,1.2420568607708428e-07,1.24205703226609e-07,1.2420572893285643e-07,1.2420572736922212e-07,1.2420569595319378e-07,1.2420573197814073e-07,1.2415076064417124e-07,1.2408743030730847e-07,1.2395119733565173e-07,1.2365864992692666e-07,1.2303301720184866e-07,1.2170651120775057e-07,1.189435160529088e-07,1.1339732951067534e-07,1.0304551433792596e-07,8.610990109603227e-08,6.359277894560096e-08,4.067675843341406e-08,2.2898891970012556e-08,1.17938249850486e-08,5.767668742105347e-09,2.745427885109793e-09,1.2895892800441127e-09,6.019231483226835e-10,0.9995577864858868,0.9990477657931315,0.9979507257886447,0.9955953927899864,0.9905585750931499,0.9798783781506152,0.9576334208974163,0.9129800529673407,0.8296357601478325,0.6932844637675709,0.5119956734477423,0.3274950180284181,0.18436267044812338,0.09495397295509993,0.04643641474237678,0.022103875105119374,0.010382690344008759,0.00484617850348982,3.5121631657325607,1.6302016268133772,0.7566725185320943,0.35121626897146646,0.16302020726537092,0.07566728301553506,0.03512163165732561,0.016302016268133775,0.007566725185320942,0.0035121626897146644,0.0016302020726537093,0.0007566728301553505,0.00035121631657325606,0.00016302016268133774,7.566725185320941e-05,3.512162689714664e-05,1.6302020726537095e-05,7.5667283015535055e-06,1.00477412677757,1.0021932954155304,0.9970314820401676,0.9944212779603863,0.9909675805073554,0.9797846520113307,0.9549559856639149,0.9038989990842072,0.8127749708523879,0.677157176244986,0.5108066340203212,0.3424528030986469,0.20184284472937009,0.10507215146809656,0.0611079749084702,0.03127568722865881,-0.013750051714948697,-0.03626292113040859,35444.9982277299,6474217.398308534,3.5191616766794166e-07,2.0817905124821475e-07,102.52650578575869,0.7097582236609122,0.7082935162458356,0.03574462633001893,0.02948856815197366,,,464158.75207406183,0.005868727441029197,1000000.0
4-2,3,21.0,7,-0.0004307963556249377,0.424366863905,22.61522458430465,12510.0,12510.0,12510.0,12510.0,12510.0,12510.0,12510.0,12510.0,12510.0,12510.0,12510.0,12510.0,12510.0,12510.0,12510.0,12510.0,12510.0,12510.0,26455810.534005594,12286404.684252597,5709547.368064747,2656841.657273382,1239898.4756546763,582213.6801846843,276943.00534005597,135248.94684252597,69480.37368064748,38953.31657273381,24783.88475654676,18207.03680184684,15154.33005340056,13737.38946842526,13079.703736806476,12774.433165727338,12632.738847565468,12566.970368018468,1.284399862898325e-07,1.2843998135995762e-07,1.284399892403879e-07,1.2843995998422816e-07,1.28440047106856e-07,1.2844002364560193e-07,1.284399862898325e-07,1.2843998135995762e-07,1.284399892403879e-07,1.2843995998422816e-07,1.2844004710685603e-07,1.2844002364560193e-07,1.284399862898325e-07,1.2843998135995762e-07,1.284399892403879e-07,1.2843995998422813e-07,1.2844004710685603e-07,1.2844002364560193e-07,1.2837925164606038e-07,1.283092039512603e-07,1.281585686369992e-07,1.2783518781235107e-07,1.2714414665947594e-07,1.2568023844904524e-07,1.226381274325819e-07,1.1655978410648924e-07,1.0531426063129155e-07,8.719099735989038e-08,6.360820153097913e-08,4.0189271296735646e-08,2.2411925476596493e-08,1.1475679626634322e-08,5.5943730300039775e-09,2.658731294288961e-09,1.2479149259218614e-09,5.822624865904334e-10,0.9995271360148301,0.9989818014039505,0.9978089331441626,0.9952914017417062,0.989910464247168,0.978513043534065,0.954828250727477,0.9075039008284055,0.819949154886534,0.6788463447870667,0.49523651667661045,0.3129030200712815,0.17449336553199757,0.08934663104997909,0.04355631811470777,0.020700187812386757,0.00971593326249449,0.004533341477708235,3.3963771580455986,1.5764588044594865,0.731727418256324,0.3396378522452208,0.1576458336314988,0.0731727541539073,0.033963771580455986,0.01576458804459487,0.007317274182563239,0.0033963785224522076,0.001576458336314988,0.0007317275415390727,0.00033963771580455983,0.00015764588044594866,7.31727418256324e-05,3.3963785224522075e-05,1.576458336314988e-05,7.3172754153907275e-06,1.0050905751891723,1.0023359329801522,0.9968264979786898,0.9940312742440565,0.9903130225840897,0.9783066130089342,0.9517556945573595,0.8977011355935236,0.8026398348064827,0.6635094925235876,0.4957092562319474,0.32870437175215095,0.19155638556269494,0.09873745933784939,0.057333438428859296,0.029341459486571964,-0.013388559596224425,-0.03475356910227179,35444.9982277299,6056681.002952782,3.639133081229341e-07,2.1341622106209616e-07,99.00932102331448,0.701353784587845,0.7000217562911968,0.03357048234345526,0.027454045710956887,,,464158.71553800727,0.0056752499921735085,1000000.0
4-2,5,21.0,0,0.00025146552568293623,0.886816568047,34.052069362859456,12510.0,12510.0,12510.0,12510.0,12510.0,12510.0,12510.0,12510.0,12510.0,12510.0,12510.0,12510.0,12510.0,12510.0,12510.0,12510.0,12510.0,12510.0,33579055.04461711,15592716.80627418,7244203.692089528,3369165.122079137,1570530.816319744,735679.1530222303,348175.4504461711,168312.0680627418,84826.93692089528,46076.55122079136,28090.20816319744,19741.691530222302,15866.654504461712,14068.020680627418,13233.169369208954,12845.665512207912,12665.802081631973,12582.316915302223,1.1399997598572463e-07,1.1399999206291004e-07,1.1399998211172322e-07,1.1399997672202714e-07,1.1399999934953996e-07,1.1400002402354853e-07,1.1399997598572463e-07,1.1399999206291004e-07,1.139999821117232e-07,1.1399997672202712e-07,1.1399999934953996e-07,1.1400002402354853e-07,1.1399997598572463e-07,1.1399999206291004e-07,1.1399998211172322e-07,1.1399997672202712e-07,1.1399999934953996e-07,1.1400002402354853e-07,1.1395750487694308e-07,1.1390853013754928e-07,1.1380311578426546e-07,1.1357668499926571e-07,1.1309193694347737e-07,1.1206148832537645e-07,1.0990393849154209e-07,1.0552680343703338e-07,9.718763655281669e-08,8.304844777710396e-08,6.32299949559374e-08,4.175999847399862e-08,2.4117152912947442e-08,1.2625396938032788e-08,6.229897982367841e-09,2.9788928056489875e-09,1.4023144440619205e-09,6.552155805053752e-10,0.9996274463357178,0.9991977023532573,0.9982731021197456,0.9962869139544339,0.9920345402522475,0.9829953044766758,0.9640698389735147,0.9256737788086793,0.8525232614297261,0.7284953046929639,0.5546490817255653,0.3663156988929443,0.2115540174847708,0.11074910365840691,0.05464823649061948,0.02613064398173166,0.012301003965466949,0.005747503880964358,3.826585329010094,1.7761434522537534,0.8244129515356678,0.3826586057808947,0.17761437204702057,0.08244130081762349,0.038265853290100946,0.017761434522537537,0.008244129515356677,0.0038265860578089467,0.0017761437204702054,0.0008244130081762348,0.0003826585329010094,0.00017761434522537537,8.244129515356677e-05,3.826586057808946e-05,1.7761437204702056e-05,8.244130081762347e-06,1.0040475344189066,1.0018642745762918,0.9974976040849821,0.995306744038265,0.9924449847625123,0.9831238626393315,0.9622603226390947,0.9183518383449716,0.8370912744815655,0.7109135872939252,0.5492964174310089,0.37858193647732286,0.22972142576326782,0.122759733835478,0.07178140797156551,0.03678419977770453,-0.014508711780072403,-0.04015516743312154,35444.9982277299,7678668.620017477,3.229999589767805e-07,1.9529309213076454e-07,111.77945390116787,0.7309234251930098,0.7290872944258889,0.041915298395437874,0.03533229247431082,,,464158.7761303355,0.006394117367148195,1000000.0
4-2,5,21.0,1,0.00038255151229422675,0.444473372781,25.506120101010175,12510.0,12510.0,12510.0,12510.0,12510.0,12510.0,12510.0,12510.0,12510.0,12510.0,12510.0,12510.0,12510.0,12510.0,12510.0,12510.0,12510.0,12510.0,30876846.998244606,14338464.192582734,6662031.947322142,3098942.254696243,1445105.1984684255,677461.960748713,321153.3699824461,155769.54192582733,79005.21947322143,43374.32254696243,26835.951984684252,19159.51960748713,15596.43369982446,13942.595419258274,13174.952194732214,12818.643225469625,12653.259519846843,12576.495196074871,1.1888569605658214e-07,1.1888570870132712e-07,1.1888568998425098e-07,1.1888573559410887e-07,1.188857306385458e-07,1.1888573683900958e-07,1.1888569605658216e-07,1.1888570870132714e-07,1.1888568998425095e-07,1.1888573559410887e-07,1.1888573063854583e-07,1.1888573683900958e-07,1.1888569605658216e-07,1.1888570870132712e-07,1.1888568998425098e-07,1.1888573559410887e-07,1.1888573063854583e-07,1.1888573683900958e-07,1.188375285718078e-07,1.1878198349088072e-07,1.1866244578586483e-07,1.1840581037122727e-07,1.1785655954991887e-07,1.166903950279176e-07,1.142546997891317e-07,1.0933788441253395e-07,1.0006085800961058e-07,8.459677233313784e-08,6.346528231098084e-08,4.126058765338907e-08,2.3526712952349676e-08,1.2215453190698348e-08,6.000272282497501e-09,2.8624930307123338e-09,1.3460178115532149e-09,6.285797639459004e-10,0.9995948420510451,0.9991275216207275,0.9981221945348028,0.9959631387190122,0.9913431907841319,0.981534018550393,0.9610466488311057,0.9196890493139097,0.8416560312924614,0.7115805097254229,0.5338343127480747,0.3470608733263145,0.19789355433602734,0.10274955101110476,0.05047093795134106,0.024077682796910572,0.011321945908256891,0.00528725968866306,3.6693281873612316,1.7031512170079466,0.7905330047728132,0.3669327689609468,0.17031512687919131,0.07905330381615494,0.036693281873612316,0.01703151217007947,0.00790533004772813,0.0036693276896094676,0.0017031512687919127,0.0007905330381615493,0.0003669328187361231,0.0001703151217007947,7.905330047728131e-05,3.669327689609467e-05,1.703151268791913e-05,7.905330381615493e-06,1.0043888694200078,1.0020191046209064,0.9972794242891663,0.9948926247217642,0.9917555825459186,0.9815647086013701,0.9588368982484177,0.9115239907175283,0.8254797745951432,0.6946084135813884,0.5304948462289332,0.360737090365685,0.21579791795691428,0.11383166142391055,0.06636895603092441,0.03398324630401994,-0.01417162003886041,-0.0382490531215419,35444.9982277299,7063366.120706309,3.368428459899426e-07,2.015095403671525e-07,107.19929365681556,0.7206264654342046,0.718977691426811,0.038781475471255274,0.03235263811969052,,,464158.7397655842,0.006131344544246318,1000000.0
4-2,5,21.0,2,-0.0001565821802173556,0.524899408284,27.061808958819036,12510.0,12510.0,12510.0,12510.0,12510.0,12510.0,12510.0,12510.0,12510.0,12510.0,12510.0,12510.0,12510.0,12510.0,12510.0,12510.0,12510.0,12510.0,28488275.981019985,13229792.244451638,6147429.0372502,2860088.1638057553,1334238.4019856115,626001.8626783054,297267.65981019987,144682.82244451638,73859.19037250201,40985.78163805755,25727.284019856117,18644.918626783052,15357.576598101998,13831.728224445164,13123.491903725022,12794.757816380574,12642.17284019856,12571.34918626783,1.2377141996184616e-07,1.237714127449415e-07,1.2377142090706441e-07,1.2377139812104203e-07,1.237714177331717e-07,1.2377145205157163e-07,1.2377141996184613e-07,1.2377141274494154e-07,1.2377142090706441e-07,1.2377139812104203e-07,1.2377141773317166e-07,1.237714520515716e-07,1.2377141996184616e-07,1.237714127449415e-07,1.2377142090706441e-07,1.2377139812104203e-07,1.237714177331717e-07,1.2377145205157163e-07,1.2371706846424222e-07,1.2365437535351244e-07,1.235195464297561e-07,1.2323002313474307e-07,1.2261092015377532e-07,1.2129800755008e-07,1.1856271187462499e-07,1.130695177495422e-07,1.0280746953231657e-07,8.599292645084507e-08,6.358704558386319e-08,4.072572274809573e-08,2.294949315380695e-08,1.182731231772762e-08,5.786018324701572e-09,2.7546338559215486e-09,1.2940196296935708e-09,6.0401455357283e-10,0.9995608719878896,0.999054406919712,0.9979650029428244,0.995626008960733,0.9906238645347167,0.9800160339036742,0.9579167138195004,0.9135350016772211,0.8306236510729813,0.6947721990402697,0.5137457964725356,0.3290397104748082,0.18541835555317512,0.09555770638330215,0.04674761170469303,0.022255819177445665,0.01045491482115231,0.004880079724047807,3.5244859899720757,1.6359216960444107,0.759327646390257,0.352448730593188,0.1635921981719586,0.07593277866551724,0.03524485989972077,0.01635921696044411,0.007593276463902569,0.0035244873059318794,0.0016359219817195859,0.0007593277866551724,0.00035244859899720757,0.0001635921696044411,7.59327646390257e-05,3.524487305931879e-05,1.635921981719586e-05,7.593277866551723e-06,1.0047416728899352,1.0021784827939229,0.997051951943762,0.9944606561409,0.9910336475545591,0.9799333990387495,0.9552785655660347,0.9045281487598515,0.8138135560134945,0.6785693642230264,0.5123837494087926,0.343902528285696,0.20293774248442986,0.10575247558998768,0.061514867069888624,0.031484601690124236,-0.013786032175346463,-0.03642134904935996,35444.9982277299,6519481.118714249,3.5068567055755254e-07,2.076383739767193e-07,102.89713908589444,0.7106323696165424,0.7091534112594038,0.0359792263621282,0.029708912625058825,,,464158.7008816554,0.005889319113449555,1000000.0
4-2,5,21.0,3,0.00011402927524430114,0.454526627219,25.698154040404113,12510.0,12510.0,12510.0,12510.0,12510.0,12510.0,12510.0,12510.0,12510.0,12510.0,12510.0,12510.0,12510.0,12510.0,12510.0,12510.0,12510.0,12510.0,26366628.46082814,12245005.665064748,5690331.925474821,2647922.352653078,1235759.624467626,580292.3008250679,276051.18460828136,134834.95665064748,69288.2192547482,38864.12352653077,24742.49624467626,18187.82300825068,15145.411846082814,13733.249566506474,13077.782192547482,12773.541235265307,12632.324962446763,12566.778230082507,1.286571225624637e-07,1.2865714056058739e-07,1.286571452783391e-07,1.2865712286472877e-07,1.2865715133854684e-07,1.2865716108059202e-07,1.286571225624637e-07,1.2865714056058739e-07,1.2865714527833908e-07,1.286571228647288e-07,1.2865715133854682e-07,1.2865716108059197e-07,1.286571225624637e-07,1.2865714056058739e-07,1.2865714527833908e-07,1.2865712286472877e-07,1.2865715133854684e-07,1.28657161080592e-07,1.2859607946756639e-07,1.285256991490897e-07,1.283742969474313e-07,1.2804928759137754e-07,1.2735471279679675e-07,1.2588355701445192e-07,1.2282667990183788e-07,1.1672031892031271e-07,1.0542807539108369e-07,8.72435912836287e-08,6.360708737858844e-08,4.016382769000007e-08,2.2387275323367347e-08,1.1459763449033141e-08,5.585751082065215e-09,2.654428905888826e-09,1.245849932833496e-09,5.812886771654304e-10,0.9995255366070566,0.9989783589863342,0.997801534222636,0.9952755412229269,0.9898766720061847,0.9784418990529201,0.9546823172747771,0.9072199056479623,0.8194498266147501,0.6781092981175816,0.49439216333349045,0.312177164121017,0.17400727513160577,0.08907211367437856,0.04341578596339056,0.020631806827203156,0.009683487624836198,0.004518121434385654,3.390645048840453,1.573797914187011,0.730492360330353,0.33906457085451097,0.1573798120599519,0.07304925893595991,0.03390645048840453,0.015737979141870116,0.007304923603303529,0.003390645708545109,0.001573798120599519,0.0007304925893595991,0.00033906450488404525,0.00015737979141870113,7.30492360330353e-05,3.390645708545109e-05,1.5737981205995193e-05,7.30492589359599e-06,1.005107065741326,1.00234335102828,0.9968157710222965,0.9940107466988302,0.9902786283530851,0.9782293911792515,0.951589264689721,0.8973806029414035,0.8021197734420227,0.6628154753920441,0.49494837732054364,0.32801774000462913,0.19104740178422297,0.098426725495953,0.05714887850277073,0.02924705384751114,-0.013369604005498914,-0.034677932897632345,35444.9982277299,6036372.8090977995,3.645285466457362e-07,2.1368314064174506e-07,98.83542122385299,0.7009285023666989,0.6996029616785471,0.03346426310483883,0.02735502418862072,,,464158.71950363385,0.005665673215691622,1000000.0
4-2,5,21.0,4,-0.0002389859462600612,0.434420118343,25.313637995338063,12510.0,12510.0,12510.0,12510.0,12510.0,12510.0,12510.0,12510.0,12510.0,12510.0,12510.0,12510.0,12510.0,12510.0,12510.0,12510.0,12510.0,12510.0,24473554.752690647,11366322.770072743,5282481.292904876,2458613.101717826,1147890.512007194,539507.2184520864,257120.44752690644,126048.12770072743,65209.71292904876,36971.03101717826,23863.80512007194,17779.972184520862,14956.104475269065,13645.381277007275,13036.997129290488,12754.610310171782,12623.538051200718,12562.699721845207,1.335428313670638e-07,1.3354282710322492e-07,1.3354285902172776e-07,1.3354288200929514e-07,1.3354288644373738e-07,1.3354287686063092e-07,1.335428313670638e-07,1.3354282710322494e-07,1.3354285902172773e-07,1.3354288200929514e-07,1.3354288644373738e-07,1.3354287686063092e-07,1.335428313670638e-07,1.3354282710322494e-07,1.3354285902172773e-07,1.3354288200929514e-07,1.335428864437374e-07,1.3354287686063092e-07,1.334745690799836e-07,1.3339584722232096e-07,1.332266021201452e-07,1.328633845101689e-07,1.3208750242240777e-07,1.3044630774646836e-07,1.2704540638017263e-07,1.2028899463831239e-07,1.0792365152453283e-07,8.835557162133102e-08,6.353638492374349e-08,3.958202179355012e-08,2.1841229979854103e-08,1.1111600511090673e-08,5.398229564964622e-09,2.5611104530160666e-09,1.201105349153578e-09,5.602038272654426e-10,0.9994888360057862,0.9988993801906684,0.997631794736916,0.9949117655025677,0.9891017480594685,0.976812173086594,0.9513457598556379,0.9007521949893444,0.8081574133961995,0.6616269642524348,0.47577513573148533,0.2963993492132046,0.1635522457946095,0.08320626986952816,0.04042319899775634,0.019178187668870313,0.008994154470815731,0.0041949360417784555,3.266597174470768,1.5162202557162117,0.7037670334169482,0.3266596578952745,0.15162199078540914,0.070376724649642,0.03266597174470768,0.015162202557162118,0.0070376703341694805,0.0032665965789527443,0.0015162199078540915,0.0007037672464964197,0.0003266597174470768,0.00015162202557162115,7.037670334169481e-05,3.2665965789527446e-05,1.5162199078540917e-05,7.0376724649641975e-06,1.0054841745218694,1.0025130670370146,0.9965707015684515,0.9935431647241924,0.9894905614869263,0.9764531101192819,0.9477737812106746,0.8900963345714512,0.7904221709929082,0.6473617442433852,0.4781719966331206,0.3130255905914634,0.18004268754567043,0.09177096568913967,0.05321081344846057,0.02723606682748958,-0.012935470752232447,-0.03302123952746154,35444.9982277299,5605313.3118192535,3.783714201317406e-07,2.19647048796931e-07,95.1208733333308,0.6915025538198865,0.6903153308216535,0.031199349409749798,0.025252227137079163,,,464158.7386643726,0.005458391651761669,1000000.0
4-2,5,21.0,5,-0.0005243786632354821,0.40426035503,24.748941056721126,12510.0,12510.0,12510.0,12510.0,12510.0,12510.0,12510.0,12510.0,12510.0,12510.0,12510.0,12510.0,12510.0,12510.0,12510.0,12510.0,12510.0,12510.0,22777362.0712518,10579016.6962502,4917049.2007194245,2288994.7158185453,1069160.5795971225,502963.87160710624,240158.52071251796,118175.06696250198,61555.392007194234,35274.84715818545,23076.505795971225,17414.538716071063,14786.48520712518,13566.65066962502,13000.453920071943,12737.648471581855,12615.665057959712,12559.045387160711,1.3842854837183346e-07,1.3842856403033813e-07,1.3842855628183852e-07,1.3842857693889134e-07,1.3842858480359263e-07,1.3842859332310978e-07,1.3842854837183346e-07,1.3842856403033813e-07,1.3842855628183852e-07,1.3842857693889134e-07,1.3842858480359263e-07,1.3842859332310978e-07,1.3842854837183346e-07,1.3842856403033813e-07,1.3842855628183852e-07,1.3842857693889134e-07,1.3842858480359263e-07,1.3842859332310978e-07,1.3835251932445237e-07,1.3826486816088803e-07,1.3807636512645363e-07,1.3767202582693902e-07,1.368088640348513e-07,1.3498551957521072e-07,1.3121772305947813e-07,1.2377453098824962e-07,1.1029550111612041e-07,8.93357633048659e-08,6.338509203202765e-08,3.898629796825436e-08,2.1312065592196243e-08,1.0781631991555484e-08,5.222342888620578e-09,2.4740087649377753e-09,1.159436650335273e-09,5.405891725325924e-10,0.9994507704640745,0.9988174704361289,0.9974557911687828,0.9945347187070609,0.9882992319032993,0.9751274381596691,0.9479094059919903,0.8941401065254354,0.7967684130979475,0.6453563655740154,0.45789019747590914,0.2816347188998405,0.1539571558241716,0.07788589058247092,0.037725907348105,0.017872095629718962,0.008375702547131597,0.003905184323232913,3.1513054261229128,1.4627063487788672,0.6789282807832723,0.3151305396338977,0.14627064436552556,0.06789283953644482,0.03151305426122913,0.014627063487788677,0.006789282807832721,0.003151305396338976,0.0014627064436552554,0.0006789283953644482,0.00031513054261229125,0.00014627063487788675,6.789282807832722e-05,3.151305396338977e-05,1.4627064436552559e-05,6.789283953644481e-06,1.005871959943936,1.002686809242725,0.9963163574253056,0.9930574807054509,0.9886694432672076,0.9746059909347906,0.9438373640067255,0.8826896795921417,0.77874185828313,0.6322190253556563,0.4620360005370845,0.29887218217935896,0.16984740956998579,0.08571216289602823,0.04964907292993992,0.02542251860779743,-0.012493437155265852,-0.03145141503816166,35444.9982277299,5219084.026545305,3.9221426378928345e-07,2.2553309091253326e-07,91.74075579994812,0.6823425592724753,0.6812798837473424,0.02915295608613188,0.023367780448067615,,,464158.73126521613,0.005265743182333312,1000000.0
4-2,5,21.0,6,-0.0002474844562398151,0.434420118343,25.313637995338063,12510.0,12510.0,12510.0,12510.0,12510.0,12510.0,12510.0,12510.0,12510.0,12510.0,12510.0,12510.0,12510.0,12510.0,12510.0,12510.0,12510.0,12510.0,21251670.52628617,9870854.048960032,4588346.981899281,2136424.7572310152,998344.6138776978,470093.8176633173,224901.6052628617,111093.44048960031,58268.36981899281,33749.147572310154,22368.34613877698,17085.838176633173,14633.916052628616,13495.834404896003,12967.583698189928,12722.391475723101,12608.583461387769,12555.75838176633,1.4331426058000658e-07,1.433142729537796e-07,1.4331429862151215e-07,1.4331431839482934e-07,1.433142731647251e-07,1.4331431117982078e-07,1.4331426058000658e-07,1.4331427295377963e-07,1.4331429862151215e-07,1.4331431839482934e-07,1.433142731647251e-07,1.4331431117982078e-07,1.4331426058000658e-07,1.4331427295377963e-07,1.4331429862151218e-07,1.4331431839482932e-07,1.4331427316472514e-07,1.4331431117982075e-07,1.4322989726383156e-07,1.4313264109641864e-07,1.4292355618576615e-07,1.4247513034617414e-07,1.415184388081626e-07,1.3950047239808292e-07,1.3534250156227785e-07,1.271759523945238e-07,1.1254525735050121e-07,9.019113597139271e-08,6.316254687403304e-08,3.838167548908243e-08,2.0800136991478847e-08,1.0468722181359738e-08,5.057093772672617e-09,2.392532853136261e-09,1.1205396036848632e-09,5.222966836530151e-10,0.9994113403939456,0.9987326324613909,0.9972735279068147,0.9941444228458509,0.9874692567815743,0.9733882907412332,0.9443756749295831,0.8873920913344017,0.7853037584737386,0.6293239711256007,0.440727538710915,0.26781467372734175,0.1451365475235939,0.07304731040107926,0.03528673566639863,0.01669430437888879,0.007818757887408165,0.0036444140110869585,3.043874586164766,1.412841409904927,0.6557828676672725,0.30438739576128243,0.1412841711485097,0.06557830963545104,0.03043874586164766,0.014128414099049271,0.006557828676672724,0.0030438739576128236,0.0014128417114850967,0.0006557830963545103,0.00030438745861647654,0.0001412841409904927,6.557828676672723e-05,3.0438739576128237e-05,1.4128417114850971e-05,6.557830963545103e-06,1.006271197341413,1.0028652590200373,0.9960532320489008,0.9925539029928387,0.9878146027658623,0.972687794941292,0.939784981650643,0.8751751043265283,0.7670984183537488,0.617395687362329,0.4465203573363983,0.2855057515840027,0.16039230029794105,0.08018638600226424,0.04641930681752626,0.023781771681717245,-0.012050698684651806,-0.02996693388213507,35444.9982277299,4871678.232846077,4.060571328309295e-07,2.3134406393462314e-07,88.6379442869966,0.6734368670386647,0.6724861109576383,0.027298304468972356,0.021673966386944174,,,464158.7444210784,0.0050862301479858854,1000000.0
4-2,5,21.0,7,-0.0006607630645343953,0.434420118343,25.313637995338063,12510.0,12510.0,12510.0,12510.0,12510.0,12510.0,12510.0,12510.0,12510.0,12510.0,12510.0,12510.0,12510.0,12510.0,12510.0,12510.0,12510.0,12510.0,19874367.908093527,9231566.864179855,4291615.848201439,1998695.8812158273,934415.8084732214,440420.7954198562,211128.57908093525,104700.56864179859,55301.0584820144,32371.858812158276,21729.058084732213,16789.10795419856,14496.185790809353,13431.905686417987,12937.910584820143,12708.618588121582,12602.19058084732,12552.791079541987,1.4819998021644217e-07,1.4819999303864066e-07,1.4820002601717468e-07,1.481999914350222e-07,1.4819999915440194e-07,1.4820002188191968e-07,1.4819998021644217e-07,1.4819999303864066e-07,1.4820002601717466e-07,1.481999914350222e-07,1.4819999915440192e-07,1.4820002188191968e-07,1.4819998021644217e-07,1.4819999303864066e-07,1.4820002601717466e-07,1.4819999143502218e-07,1.4819999915440194e-07,1.4820002188191968e-07,1.4810669514890786e-07,1.4799916235191215e-07,1.4776802502010225e-07,1.472723956410466e-07,1.46215891038283e-07,1.4399045164131512e-07,1.3941868797936905e-07,1.3049252557247783e-07,1.1467476671173427e-07,9.092858469838443e-08,6.287729523451796e-08,3.777233991093219e-08,2.0305527202248298e-08,1.0171781986794472e-08,4.9015920606048406e-09,2.3161662185665994e-09,1.084148340398955e-09,5.051975201601635e-10,0.9993705460189801,0.9986448670974218,0.9970850140267699,0.9937409187072573,0.9866119559551965,0.9715953467000255,0.9407470080343584,0.8805164082460795,0.7737837151151701,0.6135532385523232,0.42427324961729157,0.25487405083534875,0.13701437188178167,0.06863550920776594,0.03307416464310744,0.0156286528503756,0.007315440935120632,0.003408889646201849,2.9435269490412455,1.3662641630942869,0.6341635980336975,0.29435273058454764,0.13662644003616967,0.06341638924473235,0.029435269490412454,0.013662641630942874,0.006341635980336975,0.002943527305845476,0.0013662644003616965,0.0006341638924473233,0.00029435269490412454,0.0001366264163094287,6.341635980336975e-05,2.943527305845476e-05,1.3662644003616969e-05,6.341638924473233e-06,1.006680932714013,1.003047698517186,0.9957810798845106,0.9920324069385664,0.9869263983489507,0.9706998794755464,0.9356215051596593,0.8675655034810692,0.7555088131292749,0.6028972296502726,0.431604818928486,0.2728782698795733,0.15161468705919212,0.07513733026131142,0.0434832260523752,0.022292848179098712,-0.011612523644512152,-0.0285652095810511,35444.9982277299,4558061.627194255,4.1989998470169696e-07,2.370825398893989e-07,85.76702563311612,0.6647743716597305,0.663924122790225,0.025612531456514286,0.020147134253444415,,,464158.7110363192,0.00491855182921993,1000000.0
4-2,6,21.0,0,0.0003007738144801128,0.846603550296,34.9774823931625,12510.0,12510.0,12510.0,12510.0,12510.0,12510.0,12510.0,12510.0,12510.0,12510.0,12510.0,12510.0,12510.0,12510.0,12510.0,12510.0,12510.0,12510.0,29514351.374427654,13706049.07052358,6368487.966506795,2962693.0543533172,1381864.2330935253,648107.9151281294,307528.4137442766,149445.39070523583,76069.77966506794,42011.83054353317,26203.54233093525,18865.97915128129,15460.184137442766,13879.353907052358,13145.59779665068,12805.018305435331,12646.935423309353,12573.559791512813,1.215999843928415e-07,1.216000007149202e-07,1.2160000787133774e-07,1.2160001868657147e-07,1.2159999930617597e-07,1.2160002306821072e-07,1.215999843928415e-07,1.2160000071492022e-07,1.216000078713377e-07,1.2160001868657147e-07,1.2159999930617597e-07,1.2160002306821072e-07,1.215999843928415e-07,1.216000007149202e-07,1.2160000787133774e-07,1.2160001868657144e-07,1.2159999930617597e-07,1.2160002306821072e-07,1.2154844282970645e-07,1.2148901205574377e-07,1.2136114173757557e-07,1.2108656143471954e-07,1.204991559998008e-07,1.1925285795407602e-07,1.1665339820188416e-07,1.1142092458707843e-07,1.0160236747894687e-07,8.539078395225761e-08,6.354616932745772e-08,4.0967246132273014e-08,2.3204273757659627e-08,1.1997203702107268e-08,5.879435707018182e-09,2.8015759601522392e-09,1.3166310115507004e-09,6.146924373307334e-10,0.9995761384066586,0.9990872643213495,0.9980356404745062,0.9957774903540484,0.9909470122314447,0.980697658973156,0.959320832024313,0.9162904928618738,0.8355457311026665,0.7022267337997331,0.522583632319398,0.3369016312545657,0.19082464420962247,0.09866121407543067,0.04835061946080695,0.023039272447592334,0.010827557722558554,0.005055035532237735,3.587423450690488,1.6651343607654552,0.7728869707572754,0.35874231453816985,0.16651347379408177,0.0772887211416872,0.035874234506904884,0.016651343607654554,0.007728869707572753,0.003587423145381698,0.0016651347379408176,0.0007728872114168717,0.0003587423450690488,0.00016651343607654553,7.728869707572754e-05,3.5874231453816984e-05,1.6651347379408178e-05,7.728872114168718e-06,1.004583596679508,1.002107188825903,0.9971542224267029,0.9946547503279763,0.991358372553254,0.980667308604664,0.9568765841889757,0.9076572401047258,0.8190035150122394,0.6856635648432619,0.5203486229117082,0.35126368657967255,0.20852830685099555,0.10924485942093476,0.06360806038849987,0.03256059194903216,-0.013962153331329219,-0.037223525900208984,35444.9982277299,6753120.42328144,3.445333325047437e-07,2.0492504430251585e-07,104.7781863057511,0.7150375965307526,0.7134852446277219,0.03718673984772525,0.030845566505385714,,,464158.7281686229,0.005994485034714912,1000000.0
4-2,6,21.0,1,0.00011912222609829311,0.40426035503,25.97600989898997,12510.0,12510.0,12510.0,12510.0,12510.0,12510.0,12510.0,12510.0,12510.0,12510.0,12510.0,12510.0,12510.0,12510.0,12510.0,12510.0,12510.0,12510.0,27139372.182330932,12603681.866769783,5856815.858660271,2725194.414784972,1271627.124463629,596940.4342517985,283778.62182330934,138421.71866769786,70953.05858660271,39636.84414784972,25101.171244636294,18354.304342517986,15222.686218233093,13769.11718667698,13094.430585866028,12781.268441478496,12635.911712446363,12568.443043425179,1.2681140096380738e-07,1.2681141662376828e-07,1.2681140851223733e-07,1.26811455602777e-07,1.2681143338435009e-07,1.268114526282769e-07,1.2681140096380738e-07,1.268114166237683e-07,1.268114085122373e-07,1.26811455602777e-07,1.2681143338435006e-07,1.268114526282769e-07,1.2681140096380738e-07,1.268114166237683e-07,1.2681140851223733e-07,1.2681145560277696e-07,1.268114333843501e-07,1.2681145262827688e-07,1.267529467514034e-07,1.2668554778331892e-07,1.2654054277925679e-07,1.2622932784668588e-07,1.255638891938254e-07,1.2415388215498814e-07,1.2122109040459623e-07,1.1535070917675444e-07,1.0445281323685855e-07,8.678780226465414e-08,6.361075576747553e-08,4.037879668147528e-08,2.259782109266122e-08,1.1596272438754367e-08,5.6598463969329886e-09,2.6914344284756825e-09,1.263624271723414e-09,5.896710680199571e-10,0.9995390460797711,0.9990074328968125,0.9978640270922121,0.9954095018204463,0.9901622104787389,0.9790431351568937,0.9559163409857238,0.9096240090037305,0.8236862476515971,0.6843845601497348,0.5016168816157062,0.31841600931611336,0.17820023216296424,0.09144501928528158,0.04463199694203233,0.02122390611859473,0.009964592608093324,0.0046499827562772504,3.43999539709351,1.5967043413784132,0.7411246577130297,0.34399945922984954,0.15967044735201394,0.07411247232764526,0.03439995397093511,0.01596704341378414,0.007411246577130296,0.003439994592298495,0.0015967044735201393,0.0007411247232764524,0.00034399953970935105,0.00015967043413784134,7.411246577130295e-05,3.439994592298495e-05,1.5967044735201395e-05,7.411247232764525e-06,1.0049680157775929,1.0022807990713467,0.9969062150490604,0.9941828459982389,0.9905676757648436,0.9788813324999044,0.9529979398217225,0.9000978311079137,0.8065392498710899,0.6687324730598245,0.5014566515228758,0.3339105784011558,0.19543076642091428,0.1011112628121893,0.058744919758634495,0.030063993906461306,-0.013529617726987908,-0.035326423500738946,35444.9982277299,6212329.214751524,3.592990280931096e-07,2.1140923706774646e-07,100.33927401839107,0.704561069613467,0.703179388718916,0.034383099542055845,0.028212827049911647,,,464158.76964481344,0.005748136085387726,1000000.0
4-2,6,21.0,2,0.00012388724675627697,0.40426035503,25.97600989898997,12510.0,12510.0,12510.0,12510.0,12510.0,12510.0,12510.0,12510.0,12510.0,12510.0,12510.0,12510.0,12510.0,12510.0,12510.0,12510.0,12510.0,12510.0,25040040.93066027,11629261.5917514,5404529.723130296,2515261.9470895287,1174186.0760359713,551711.8980839648,262785.3093066027,128677.51591751396,66430.19723130295,37537.519470895284,24126.760760359713,17902.01898083965,15012.753093066029,13671.67515917514,13049.201972313029,12760.275194708951,12626.167607603596,12563.920189808396,1.320228420606686e-07,1.320228424257734e-07,1.3202283625931557e-07,1.3202288528508286e-07,1.3202280451351777e-07,1.3202287415095658e-07,1.320228420606686e-07,1.3202284242577345e-07,1.3202283625931557e-07,1.3202288528508286e-07,1.3202280451351777e-07,1.3202287415095655e-07,1.3202284206066858e-07,1.320228424257734e-07,1.3202283625931557e-07,1.3202288528508288e-07,1.320228045135178e-07,1.3202287415095658e-07,1.3195688347223209e-07,1.318808208755902e-07,1.3171723970120332e-07,1.313662513719322e-07,1.306162086441136e-07,1.2902927158163676e-07,1.2573784173649916e-07,1.191876105131124e-07,1.0716056352131179e-07,8.802407241208631e-08,6.356747804558611e-08,3.976477983231216e-08,2.2009325956031208e-08,1.121791256039234e-08,5.455274111966627e-09,2.5894467647894262e-09,1.2146815903359938e-09,5.665985079278176e-10,0.9995004001776739,0.9989242653197452,0.9976852750117259,0.9950263629541746,0.989345811319588,0.977325121964116,0.952394599100652,0.9027802183559461,0.8116820283335681,0.6667334396003542,0.4814886206956577,0.30119613807865314,0.16670846962919675,0.08496948220683352,0.04132068562177781,0.019613620465860283,0.009200543760692667,0.004291669239680102,3.304205763227059,1.5336765648971473,0.7118697370138312,0.33042053320761866,0.15336773349452745,0.0711869843326962,0.03304205763227059,0.015336765648971474,0.00711869737013831,0.003304205332076186,0.0015336773349452746,0.000711869843326962,0.0003304205763227059,0.00015336765648971476,7.11869737013831e-05,3.3042053320761855e-05,1.5336773349452748e-05,7.11869843326962e-06,1.0053652111343498,1.0024594280970867,0.9966477114982304,0.9936904848929888,0.9897394012642291,0.9770135253039509,0.9489742639726444,0.892376387168424,0.7940602738141713,0.652136613260458,0.4833218535261459,0.317597538715658,0.18337632417538785,0.09377450558886302,0.054393359912623396,0.027839278847755722,-0.013071786682713693,-0.03352731942761294,35444.9982277299,5734304.916289927,3.740647139599127e-07,2.1780007937072917e-07,96.2376753258645,0.6944060496753036,0.6931773534667856,0.03187920025896888,0.0258816076477831,,,464158.69336235337,0.005521238388712952,1000000.0
4-2,6,21.0,3,5.5406451754302184e-05,0.40426035503,25.97600989898997,12510.0,12510.0,12510.0,12510.0,12510.0,12510.0,12510.0,12510.0,12510.0,12510.0,12510.0,12510.0,12510.0,12510.0,12510.0,12510.0,12510.0,12510.0,23175305.125506792,10763726.160231015,5002783.426343725,2328789.1974492404,1087632.5514180656,511537.4128345325,244137.95125506795,120022.16160231015,62412.73426343725,35672.7919744924,23261.225514180656,17500.274128345325,14826.279512550678,13585.121616023102,13009.027342634374,12741.627919744924,12617.512255141806,12559.902741283453,1.3723427681364084e-07,1.3723428794214144e-07,1.3723428486406879e-07,1.372342996599413e-07,1.372342429905317e-07,1.3723430515263144e-07,1.3723427681364084e-07,1.3723428794214144e-07,1.3723428486406876e-07,1.3723429965994129e-07,1.372342429905317e-07,1.3723430515263146e-07,1.3723427681364084e-07,1.3723428794214144e-07,1.3723428486406879e-07,1.3723429965994129e-07,1.3723424299053174e-07,1.3723430515263146e-07,1.3716019792692752e-07,1.3707478918524262e-07,1.3689111572054575e-07,1.3649709206269452e-07,1.3565576836914129e-07,1.3387814563353337e-07,1.3020218371171673e-07,1.229302550932351e-07,1.097270633986051e-07,8.910795479819197e-08,6.342900092514935e-08,3.913291857613755e-08,2.1439832126061063e-08,1.0860671961310458e-08,5.264318283781587e-09,2.4947593469296735e-09,1.1693559434093772e-09,5.452564535182404e-10,0.9994602012818276,0.9988377630744435,0.9974993920516078,0.994628109743165,0.9884979536667146,0.9755443107656983,0.9487584788203209,0.8957692493370389,0.7995601354813799,0.6493125626683443,0.4621951456352299,0.2851540548306349,0.15622796741353168,0.07913963867316719,0.038360081003051966,0.01817883250114253,0.008520875824629683,0.0039731789577817905,3.1787294380314495,1.4754354942613472,0.6848366049404473,0.31787295347883743,0.14754362946590724,0.06848368025246243,0.031787294380314496,0.014754354942613478,0.006848366049404472,0.0031787295347883737,0.0014754362946590724,0.0006848368025246241,0.000317872943803145,0.00014754354942613475,6.848366049404471e-05,3.1787295347883736e-05,1.4754362946590726e-05,6.848368025246241e-06,1.0057757487273802,1.002643602242351,0.9963791588365556,0.9931777442372134,0.9888732518762868,0.9750642496314299,0.9448108197965244,0.8845107580534144,0.7815941215557594,0.6358912181070266,0.4659222503461322,0.3022573509956157,0.17226881301623997,0.0871417101827916,0.0504874429796871,0.025848988785766025,-0.012601804996659638,-0.031827201885634836,35444.9982277299,5309697.445942321,3.88830447439216e-07,2.2410131780268396e-07,92.53946430760723,0.684557762068766,0.6834658703753811,0.029634521391954632,0.02380982701319005,,,464158.6763902272,0.005311570645556596,1000000.0
4-2,6,21.0,4,8.095898720270838e-05,0.40426035503,25.97600989898997,12510.0,12510.0,12510.0,12510.0,12510.0,12510.0,12510.0,12510.0,12510.0,12510.0,12510.0,12510.0,12510.0,12510.0,12510.0,12510.0,12510.0,12510.0,21511468.8963741,9991447.35798641,4644320.706654676,2162407.1067753797,1010402.693208633,475691.13381813734,227499.58896374103,112299.3735798641,58828.107066546756,34008.971067753795,22488.92693208633,17141.811338181375,14659.89588963741,13507.893735798642,12973.181070665469,12724.989710677537,12609.789269320863,12556.318113381814,1.4244570739181825e-07,1.4244567972368383e-07,1.4244571628984293e-07,1.4244568109474411e-07,1.4244576944451486e-07,1.4244573765714182e-07,1.4244570739181822e-07,1.4244567972368386e-07,1.4244571628984293e-07,1.4244568109474411e-07,1.4244576944451483e-07,1.4244573765714182e-07,1.4244570739181825e-07,1.4244567972368383e-07,1.4244571628984293e-07,1.424456810947441e-07,1.4244576944451488e-07,1.4244573765714182e-07,1.4236286805583166e-07,1.4226732764019725e-07,1.420620227373644e-07,1.4162160154704385e-07,1.4068211957726047e-07,1.3869961743037276e-07,1.3461274467048488e-07,1.2657742154434522e-07,1.1215414310068473e-07,9.004787502924749e-08,6.320692531770162e-08,3.848961873045309e-08,2.088987828587763e-08,1.0523154406458572e-08,5.085734872846764e-09,2.4066310827840578e-09,1.1272638223463238e-09,5.254580019383237e-10,0.9994184497553252,0.9987479291486234,0.9973063875666306,0.994214780389501,0.9876187978475461,0.9737014228127645,0.9450108896592605,0.888601337645902,0.7873465487194992,0.6321558810151251,0.4437262374599467,0.2702054786861735,0.14665151143106683,0.07387485830999851,0.03570296815734713,0.016895079333316878,0.007913634969590395,0.0036888292382820822,3.0624344081816326,1.421456514878436,0.659781593828389,0.30624355765823874,0.14214559250716294,0.0659781782755959,0.03062434408181633,0.014214565148784363,0.006597815938283888,0.003062435576582387,0.0014214559250716294,0.000659781782755959,0.00030624344081816326,0.00014214565148784361,6.597815938283889e-05,3.0624355765823875e-05,1.4214559250716295e-05,6.59781782755959e-06,1.0061992272287523,1.0028330766819629,0.9961006252443934,0.9926449256697598,0.9879692288142845,0.9730340230552965,0.940513397236419,0.8765180673591395,0.7691649508456813,0.6200074378967386,0.44923437742094485,0.2878267332062343,0.1620219186537799,0.08113230464200072,0.04697101931857972,0.02406180635471955,-0.012129199376760269,-0.030224702254696627,35444.9982277299,4930836.846006873,4.0359617186674914e-07,2.3031636597077616e-07,89.17141736113481,0.675002011697476,0.674032237165391,0.027615074001707002,0.021962245736768617,,,464158.67916049605,0.00511724131665153,1000000.0
4-2,6,21.0,5,-0.0003266140958707458,0.424366863905,26.37879918414926,12510.0,12510.0,12510.0,12510.0,12510.0,12510.0,12510.0,12510.0,12510.0,12510.0,12510.0,12510.0,12510.0,12510.0,12510.0,12510.0,12510.0,12510.0,20020678.766139887,9299481.841215828,4323140.62095044,2013326.4866794562,941206.5830727417,443572.9804297442,212591.68766139887,105379.71841215828,55616.3062095044,32518.164866794566,21796.96583072742,16820.62980429744,14510.81687661399,13438.697184121582,12941.063062095043,12710.081648667947,12602.869658307274,12553.106298042976,1.4765712564168692e-07,1.476571105981788e-07,1.4765711875249035e-07,1.476571545679549e-07,1.4765717424758443e-07,1.4765716495460578e-07,1.4765712564168692e-07,1.4765711059817883e-07,1.4765711875249032e-07,1.476571545679549e-07,1.4765717424758443e-07,1.4765716495460578e-07,1.4765712564168692e-07,1.4765711059817886e-07,1.4765711875249035e-07,1.476571545679549e-07,1.4765717424758445e-07,1.4765716495460576e-07,1.4756486150502331e-07,1.4745847690168656e-07,1.4722983897661586e-07,1.467396724725936e-07,1.4569459633636033e-07,1.434928194802883e-07,1.38968212814956e-07,1.3012821147587776e-07,1.144440076797168e-07,9.085225763690615e-08,6.291183564484754e-08,3.7840163149466106e-08,2.035963043626647e-08,1.0204020594353557e-08,4.91841585534131e-09,2.324413622210707e-09,1.0880753106854414e-09,5.070421304172473e-10,0.9993751460604244,0.9986547637584973,0.997106270395329,0.9937864027107532,0.9867085502534857,0.9717972001182756,0.9411548017816903,0.8812864544667769,0.7750659680116954,0.615291943710686,0.4260669077911515,0.25627041641426146,0.13788451012971964,0.06910619172362031,0.03330971034038518,0.015741964072191052,0.007368929523607225,0.0034339148430293054,2.9543486893619932,1.371287428280578,0.6364952974958004,0.29543486923574097,0.13712871318990813,0.06364953760713875,0.029543486893619932,0.013712874282805784,0.006364952974958003,0.00295434869235741,0.0013712871318990812,0.0006364953760713873,0.0002954348689361993,0.0001371287428280578,6.364952974958003e-05,2.9543486923574098e-05,1.3712871318990812e-05,6.3649537607138735e-06,1.0066349486649928,1.0030272939382137,0.9958118342355444,0.9920914238034104,0.9870269334788038,0.9709239977755288,0.9360890966422044,0.8684152484933847,0.7567935193661217,0.6044921634684695,0.4332332611750811,0.2742462437943143,0.15255823358143594,0.07567637111746883,0.04379604051645636,0.02245137318170798,-0.011660846130652658,-0.028716955810514387,35444.9982277299,4591378.100473758,4.1836187924655724e-07,2.3644842529151206e-07,86.07574942105617,0.6657251947419714,0.664864299752816,0.025792142100566618,0.020309196574893225,,,464158.704120836,0.004936633662620772,1000000.0
4-2,6,21.0,6,-0.0003709471367311571,0.40426035503,25.97600989898997,12510.0,12510.0,12510.0,12510.0,12510.0,12510.0,12510.0,12510.0,12510.0,12510.0,12510.0,12510.0,12510.0,12510.0,12510.0,12510.0,12510.0,12510.0,18679742.862746604,8677069.870312551,4034243.067115108,1879232.5653725017,878966.5156906475,414683.3268550679,199182.32862746602,99155.5987031255,52727.33067115108,31177.225653725018,21174.565156906476,16531.73326855068,14376.723286274659,13376.455987031253,12912.17330671151,12696.67225653725,12596.645651569064,12550.217332685506,1.5286853671025756e-07,1.5286856071935735e-07,1.5286855963902276e-07,1.5286858127919546e-07,1.5286853051166418e-07,1.528685891629083e-07,1.5286853671025756e-07,1.5286856071935738e-07,1.5286855963902273e-07,1.5286858127919546e-07,1.5286853051166418e-07,1.5286858916290827e-07,1.5286853671025756e-07,1.5286856071935738e-07,1.5286855963902276e-07,1.5286858127919543e-07,1.5286853051166418e-07,1.5286858916290827e-07,1.5276615920922357e-07,1.526481653873868e-07,1.5239452134998834e-07,1.5185093929754768e-07,1.5069281018266134e-07,1.4825691098203856e-07,1.4326735668880052e-07,1.3358184650844435e-07,1.1659921588992783e-07,9.152938538527712e-08,6.25533196664885e-08,3.718888278474945e-08,1.984897751271352e-08,9.902015884667423e-09,4.761371510580297e-09,2.2475434857620037e-09,1.0515016296373094e-09,4.898693580004479e-10,0.999330290567064,0.9985582690715905,0.9968990465393684,0.993343027238611,0.9857673759162826,0.9698324017633524,0.9371932234842095,0.8738346582177847,0.7627416400420088,0.5987455670705158,0.409196840298766,0.24327353963552437,0.12984344548502272,0.06477470474027663,0.031146833082117055,0.01470245531785989,0.006878470186884395,0.003204512847818633,2.8536325721577054,1.3245387966413813,0.6147965412225158,0.2853632302103546,0.13245393430588598,0.06147966907528741,0.028536325721577056,0.013245387966413816,0.006147965412225158,0.0028536323021035458,0.0013245393430588595,0.0006147966907528741,0.0002853632572157705,0.00013245387966413812,6.147965412225158e-05,2.8536323021035456e-05,1.32453934305886e-05,6.147966907528741e-06,1.0070824207133071,1.0032259231818088,0.9955127779677078,0.9915173233192061,0.9860462345889118,0.9687355472457657,0.9315441788820724,0.8602174134147305,0.744498593392823,0.5893498445908172,0.4178935857040269,0.2614603452164683,0.14380786223832764,0.07071261014468355,0.04092143849464769,0.020995427816812295,-0.011201570809559414,-0.027300070155526397,35444.9982277299,4286041.113517234,4.331275635318158e-07,2.4250045475774605e-07,83.20673515080063,0.6567142991014963,0.6559504005859937,0.02414139523499132,0.018825567098211544,,,464158.73980440176,0.004768341624003207,1000000.0
4-2,6,21.0,7,-0.0009117357024943238,0.40426035503,25.97600989898997,12510.0,12510.0,12510.0,12510.0,12510.0,12510.0,12510.0,12510.0,12510.0,12510.0,12510.0,12510.0,12510.0,12510.0,12510.0,12510.0,12510.0,12510.0,17469224.3206267,8115197.015156673,3773445.041746603,1758180.4463629096,822778.7769784173,388603.49995204643,187077.14320626698,93536.87015156675,50119.35041746603,29966.704463629096,20612.687769784174,16270.934999520463,14255.671432062669,13320.268701515666,12886.09350417466,12684.567044636291,12591.026877697843,12547.609349995204,1.5807996409810725e-07,1.5807998947132167e-07,1.5807998220248485e-07,1.580800242925429e-07,1.5807999909802876e-07,1.5808001757914976e-07,1.5807996409810727e-07,1.5807998947132167e-07,1.5807998220248485e-07,1.580800242925429e-07,1.5807999909802876e-07,1.5808001757914978e-07,1.5807996409810727e-07,1.5807998947132167e-07,1.5807998220248485e-07,1.580800242925429e-07,1.5807999909802878e-07,1.5808001757914978e-07,1.5796676042549014e-07,1.578363009121169e-07,1.5755590392508195e-07,1.5695523581705356e-07,1.5567646020756436e-07,1.5299107468450472e-07,1.4750902893748804e-07,1.369377311823521e-07,1.1862255586154166e-07,9.208741218199459e-08,6.21400221865633e-08,3.6539305876137815e-08,1.9357606453169354e-08,9.61596726573268e-09,4.613722104929608e-09,2.1755226299545765e-09,1.0172902399309998e-09,4.738182822359398e-10,0.9992838834873037,0.998458447776852,0.9966847271229344,0.9928846893810704,0.9847954269725553,0.9678078040945495,0.9331291905275315,0.8662559482722817,0.7503958072920193,0.5825366778257678,0.39309224785628294,0.23114436875516414,0.12245452207438304,0.060829756491584126,0.029185998382893832,0.013762160270981198,0.006435287485674622,0.002997331917670757,2.759556773075583,1.2808726780453816,0.5945285444640046,0.27595562656782296,0.12808728753390905,0.05945286708382347,0.027595567730755832,0.01280872678045382,0.005945285444640045,0.0027595562656782292,0.0012808728753390904,0.0005945286708382346,0.00027595567730755833,0.00012808726780453818,5.945285444640045e-05,2.7595562656782293e-05,1.2808728753390907e-05,5.945286708382345e-06,1.0075418186204035,1.003429198100541,0.9952038070107481,0.9909230366246522,0.9850272671005715,0.9664692588173498,0.9268841424668128,0.8519391485828791,0.7322969326979969,0.5745826957049438,0.40318998878089474,0.24941674981452522,0.13570750004347865,0.06618750135892704,0.03831192610971712,0.019675066417530473,-0.01075468959635728,-0.025969567643243346,35444.9982277299,4010401.59641703,4.4789330083612277e-07,2.4847522975611303e-07,80.5278794758732,0.647956888185615,0.6472792982232725,0.022642106909760908,0.0174900473293148,,,464158.73757355456,0.004611142341265318,1000000.0
